session_id,session_date,device_type,traffic_source,city_searched,nights_searched,hotels_viewed,session_duration_sec
1,2026-03-11,mobile,organic_search,Vienna,6,20,228.0
2,2026-03-22,desktop,direct,Salzburg,4,4,45.4
3,2026-02-18,mobile,organic_search,Frankfurt,6,13,27.7
4,2026-02-19,desktop,paid_search,Zurich,6,19,207.5
5,2026-02-23,mobile,affiliate,Berlin,4,4,46.6
6,2026-08-22,desktop,paid_search,Berlin,2,12,58.3
7,2026-03-19,mobile,direct,Amsterdam,5,8,82.1
8,2026-03-17,desktop,organic_search,Barcelona,5,5,198.1
9,2026-01-05,mobile,organic_search,Vienna,3,4,79.5
10,2026-03-21,mobile,paid_search,Frankfurt,7,15,7.5
11,2026-01-18,mobile,email,Amsterdam,4,7,77.7
12,2026-02-15,desktop,organic_search,Cologne,2,18,168.5
13,2026-06-24,mobile,paid_search,Barcelona,6,22,279.4
14,2026-06-02,mobile,organic_search,Salzburg,4,14,206.0
15,2026-05-13,desktop,paid_search,Berlin,1,9,173.6
16,2026-02-24,desktop,organic_search,Amsterdam,5,7,45.5
17,2026-06-18,desktop,organic_search,Paris,1,16,81.5
18,2026-02-08,tablet,paid_search,Barcelona,5,18,128.4
19,2026-06-23,mobile,paid_search,Vienna,5,7,203.0
20,2026-06-19,desktop,paid_search,Zurich,5,10,211.0
21,2026-01-18,mobile,affiliate,Paris,6,8,35.6
22,2026-05-26,desktop,organic_search,Salzburg,1,20,53.7
23,2026-08-17,desktop,direct,Munich,5,10,96.4
24,2026-05-30,desktop,paid_search,Hamburg,5,16,39.1
25,2026-08-23,mobile,paid_search,Frankfurt,2,23,2.2
26,2026-07-22,desktop,direct,Rome,7,8,109.7
27,2026-01-09,tablet,organic_search,Vienna,4,7,201.9
28,2026-08-07,mobile,affiliate,Amsterdam,6,10,166.3
29,2026-01-17,mobile,email,Paris,3,17,125.2
30,2026-02-19,desktop,direct,Amsterdam,5,11,138.9
31,2026-07-18,tablet,affiliate,Munich,7,11,9.4
32,2026-04-29,desktop,affiliate,Paris,1,21,164.7
33,2026-05-28,mobile,organic_search,Salzburg,5,6,80.3
34,2026-03-12,mobile,email,Vienna,6,16,255.3
35,2026-08-28,mobile,direct,Munich,4,15,116.4
36,2026-01-22,desktop,paid_search,Vienna,6,12,150.5
37,2026-03-01,mobile,paid_search,Hamburg,3,11,41.2
38,2026-07-23,mobile,paid_search,Frankfurt,6,17,101.8
39,2026-07-12,mobile,paid_search,Zurich,3,22,157.1
40,2026-03-10,mobile,paid_search,Munich,4,4,133.6
41,2026-05-07,mobile,direct,Cologne,1,23,151.1
42,2026-01-09,mobile,email,Salzburg,1,3,350.1
43,2026-05-15,mobile,affiliate,Cologne,5,15,133.4
44,2026-07-25,mobile,direct,Salzburg,3,11,131.8
45,2026-02-20,desktop,affiliate,Amsterdam,4,9,51.1
46,2026-08-14,desktop,affiliate,Cologne,3,20,237.9
47,2026-05-27,desktop,direct,Barcelona,1,14,16.7
48,2026-01-12,desktop,organic_search,Cologne,5,7,15.8
49,2026-04-10,mobile,paid_search,Berlin,3,22,119.5
50,2026-02-11,tablet,affiliate,Rome,7,10,69.1
51,2026-02-23,mobile,organic_search,Hamburg,6,17,115.7
52,2026-01-20,mobile,direct,Frankfurt,7,6,220.9
53,2026-07-22,mobile,affiliate,Salzburg,2,4,150.0
54,2026-06-11,tablet,direct,Barcelona,3,16,84.6
55,2026-02-21,mobile,affiliate,Rome,6,4,165.2
56,2026-01-21,mobile,direct,Frankfurt,2,23,148.9
57,2026-03-14,mobile,affiliate,Frankfurt,4,6,75.2
58,2026-03-10,tablet,affiliate,Hamburg,1,14,59.5
59,2026-01-22,mobile,direct,Cologne,1,15,246.8
60,2026-01-31,mobile,direct,Salzburg,2,21,34.9
61,2026-06-13,mobile,email,Munich,7,6,365.0
62,2026-07-01,mobile,direct,Rome,1,23,139.7
63,2026-03-10,desktop,direct,Hamburg,2,8,7.6
64,2026-04-06,mobile,direct,Zurich,4,24,56.9
65,2026-08-20,mobile,organic_search,Vienna,1,14,98.4
66,2026-03-25,desktop,affiliate,Hamburg,1,8,100.8
67,2026-06-29,desktop,paid_search,Cologne,4,15,186.8
68,2026-07-23,tablet,organic_search,Salzburg,7,19,43.2
69,2026-08-07,mobile,paid_search,Zurich,2,21,138.1
70,2026-08-23,mobile,paid_search,Hamburg,2,9,70.5
71,2026-02-17,desktop,affiliate,Cologne,1,12,85.9
72,2026-08-19,mobile,direct,Vienna,2,14,204.0
73,2026-06-04,mobile,organic_search,Hamburg,5,20,32.7
74,2026-02-26,desktop,organic_search,Munich,1,18,32.0
75,2026-08-01,mobile,paid_search,Zurich,1,4,25.7
76,2026-04-05,desktop,email,Hamburg,1,4,278.4
77,2026-08-21,tablet,paid_search,Amsterdam,7,14,103.6
78,2026-04-23,mobile,affiliate,Munich,7,20,93.8
79,2026-06-07,desktop,organic_search,Paris,6,12,108.3
80,2026-04-27,desktop,paid_search,Salzburg,2,8,236.6
81,2026-08-18,desktop,affiliate,Salzburg,7,23,56.0
82,2026-04-25,desktop,paid_search,Frankfurt,6,8,67.0
83,2026-02-05,mobile,paid_search,Paris,5,18,73.2
84,2026-08-01,mobile,paid_search,Berlin,5,6,213.1
85,2026-01-10,desktop,email,Hamburg,4,18,27.9
86,2026-07-01,mobile,affiliate,Amsterdam,3,13,58.6
87,2026-04-23,mobile,paid_search,Salzburg,5,22,101.1
88,2026-06-17,mobile,affiliate,Salzburg,3,15,124.8
89,2026-03-18,mobile,organic_search,Vienna,5,8,83.8
90,2026-02-24,desktop,direct,Salzburg,5,14,112.9
91,2026-08-13,tablet,paid_search,Amsterdam,6,19,157.6
92,2026-02-15,mobile,organic_search,Salzburg,7,11,64.1
93,2026-01-04,mobile,direct,Hamburg,2,22,52.1
94,2026-04-08,desktop,paid_search,Barcelona,1,21,120.2
95,2026-03-18,mobile,paid_search,Munich,1,24,85.6
96,2026-05-24,mobile,direct,Paris,3,14,182.0
97,2026-03-26,mobile,paid_search,Vienna,5,12,310.7
98,2026-03-28,mobile,paid_search,Vienna,6,10,121.3
99,2026-06-22,desktop,direct,Amsterdam,2,17,57.7
100,2026-07-05,mobile,direct,Rome,7,14,223.5
101,2026-01-01,mobile,paid_search,Amsterdam,7,7,66.8
102,2026-02-10,desktop,direct,Munich,5,23,440.5
103,2026-07-25,mobile,paid_search,Amsterdam,2,15,25.0
104,2026-08-05,mobile,direct,Barcelona,6,12,120.2
105,2026-08-15,mobile,paid_search,Zurich,5,12,115.3
106,2026-03-28,desktop,email,Frankfurt,3,9,51.8
107,2026-04-28,mobile,direct,Munich,6,6,190.3
108,2026-02-06,desktop,direct,Munich,1,4,262.7
109,2026-01-27,desktop,affiliate,Barcelona,2,23,126.4
110,2026-05-26,mobile,paid_search,Rome,1,19,69.7
111,2026-01-13,tablet,affiliate,Salzburg,5,22,65.3
112,2026-02-09,mobile,paid_search,Rome,6,18,32.6
113,2026-03-04,mobile,affiliate,Berlin,7,24,266.9
114,2026-01-12,mobile,paid_search,Paris,4,22,55.9
115,2026-02-02,desktop,paid_search,Cologne,7,6,31.3
116,2026-01-04,mobile,email,Frankfurt,3,14,79.4
117,2026-05-02,tablet,affiliate,Cologne,2,3,23.8
118,2026-05-23,desktop,organic_search,Frankfurt,7,3,217.4
119,2026-04-10,mobile,organic_search,Munich,1,19,113.2
120,2026-04-03,mobile,direct,Vienna,6,13,90.6
121,2026-02-16,mobile,paid_search,Munich,3,8,21.0
122,2026-07-29,mobile,organic_search,Hamburg,3,13,10.9
123,2026-07-21,mobile,organic_search,Rome,1,16,136.0
124,2026-04-15,mobile,paid_search,Munich,2,21,120.8
125,2026-05-26,mobile,direct,Vienna,1,14,138.4
126,2026-08-20,desktop,organic_search,Salzburg,4,13,47.3
127,2026-06-01,tablet,paid_search,Frankfurt,3,15,27.5
128,2026-05-06,mobile,organic_search,Vienna,3,6,176.3
129,2026-06-15,desktop,direct,Barcelona,1,13,67.5
130,2026-07-14,mobile,affiliate,Frankfurt,6,9,28.1
131,2026-07-29,mobile,paid_search,Frankfurt,1,3,135.5
132,2026-02-13,desktop,affiliate,Hamburg,2,18,76.1
133,2026-06-13,mobile,email,Cologne,7,8,138.1
134,2026-08-05,desktop,paid_search,Rome,6,17,223.2
135,2026-02-02,mobile,organic_search,Hamburg,6,23,42.4
136,2026-08-24,mobile,paid_search,Hamburg,1,3,224.7
137,2026-04-03,desktop,affiliate,Munich,3,12,101.1
138,2026-08-06,tablet,paid_search,Paris,2,9,50.3
139,2026-05-07,mobile,paid_search,Hamburg,1,9,108.6
140,2026-04-24,mobile,organic_search,Hamburg,3,24,129.8
141,2026-02-14,mobile,organic_search,Barcelona,4,3,132.6
142,2026-07-12,mobile,affiliate,Rome,2,15,294.5
143,2026-08-16,desktop,affiliate,Salzburg,5,11,33.4
144,2026-08-18,mobile,organic_search,Cologne,4,5,146.2
145,2026-03-03,desktop,direct,Zurich,2,7,57.2
146,2026-06-07,tablet,direct,Barcelona,6,6,176.9
147,2026-07-06,desktop,paid_search,Frankfurt,4,14,288.5
148,2026-08-20,tablet,direct,Barcelona,7,7,80.4
149,2026-08-19,mobile,email,Vienna,4,18,121.8
150,2026-06-01,mobile,direct,Amsterdam,6,6,328.8
151,2026-03-08,desktop,paid_search,Zurich,5,4,63.8
152,2026-02-14,mobile,direct,Vienna,1,18,256.2
153,2026-04-21,tablet,email,Frankfurt,3,18,175.5
154,2026-06-05,mobile,direct,Barcelona,3,8,215.9
155,2026-03-02,mobile,affiliate,Cologne,4,3,58.3
156,2026-06-02,desktop,email,Zurich,6,12,69.2
157,2026-07-19,mobile,organic_search,Cologne,1,18,145.9
158,2026-05-15,mobile,direct,Zurich,6,4,131.0
159,2026-07-12,mobile,organic_search,Hamburg,2,6,149.8
160,2026-03-19,desktop,email,Salzburg,4,15,40.5
161,2026-08-05,mobile,organic_search,Salzburg,4,10,73.0
162,2026-08-27,mobile,organic_search,Munich,7,22,59.2
163,2026-01-16,desktop,paid_search,Berlin,4,5,67.7
164,2026-03-08,desktop,affiliate,Hamburg,4,19,188.4
165,2026-06-29,mobile,affiliate,Munich,6,15,159.5
166,2026-07-02,mobile,paid_search,Cologne,3,9,81.2
167,2026-05-21,mobile,paid_search,Zurich,2,20,49.9
168,2026-05-16,mobile,paid_search,Frankfurt,2,8,207.5
169,2026-04-13,desktop,direct,Barcelona,5,15,15.2
170,2026-05-18,mobile,organic_search,Vienna,4,12,433.4
171,2026-08-04,tablet,organic_search,Cologne,4,22,30.3
172,2026-01-12,tablet,direct,Berlin,3,5,127.7
173,2026-07-29,mobile,organic_search,Berlin,1,3,383.3
174,2026-01-20,mobile,direct,Paris,2,17,170.7
175,2026-06-19,desktop,affiliate,Amsterdam,1,10,136.3
176,2026-03-25,desktop,direct,Rome,2,24,26.2
177,2026-02-11,mobile,paid_search,Berlin,4,11,314.1
178,2026-01-02,mobile,organic_search,Hamburg,7,13,53.3
179,2026-03-04,mobile,paid_search,Cologne,5,10,228.0
180,2026-01-01,mobile,organic_search,Munich,5,14,36.7
181,2026-02-07,mobile,organic_search,Vienna,7,12,136.3
182,2026-04-06,mobile,affiliate,Paris,5,4,15.0
183,2026-03-04,mobile,affiliate,Barcelona,2,15,78.7
184,2026-04-18,mobile,direct,Cologne,5,13,80.3
185,2026-07-07,mobile,direct,Barcelona,6,7,104.5
186,2026-01-05,mobile,organic_search,Hamburg,3,12,60.4
187,2026-03-22,desktop,paid_search,Vienna,2,7,127.9
188,2026-04-02,desktop,organic_search,Barcelona,4,4,10.6
189,2026-03-10,mobile,affiliate,Rome,5,6,68.7
190,2026-05-10,mobile,email,Amsterdam,6,20,48.5
191,2026-03-02,mobile,organic_search,Frankfurt,2,9,91.8
192,2026-02-23,desktop,paid_search,Cologne,2,13,245.3
193,2026-01-13,mobile,organic_search,Vienna,5,17,24.2
194,2026-06-21,mobile,organic_search,Barcelona,4,16,117.5
195,2026-03-24,mobile,organic_search,Frankfurt,2,14,41.1
196,2026-07-16,mobile,organic_search,Vienna,4,9,142.8
197,2026-01-23,desktop,affiliate,Zurich,3,9,131.5
198,2026-02-23,tablet,organic_search,Zurich,3,12,179.2
199,2026-05-16,mobile,paid_search,Frankfurt,5,24,157.0
200,2026-07-25,mobile,paid_search,Hamburg,3,11,67.3
201,2026-02-14,desktop,paid_search,Paris,4,16,16.1
202,2026-03-15,mobile,organic_search,Paris,2,10,182.8
203,2026-03-07,mobile,direct,Rome,1,8,313.7
204,2026-01-08,mobile,paid_search,Hamburg,5,17,42.0
205,2026-04-26,mobile,direct,Frankfurt,5,4,148.6
206,2026-06-12,mobile,paid_search,Frankfurt,3,9,30.9
207,2026-04-03,tablet,affiliate,Berlin,4,8,119.1
208,2026-06-16,mobile,organic_search,Salzburg,6,5,298.2
209,2026-03-19,mobile,email,Salzburg,6,13,148.5
210,2026-05-13,mobile,direct,Amsterdam,6,7,38.6
211,2026-08-20,mobile,email,Hamburg,6,7,44.6
212,2026-02-06,desktop,affiliate,Vienna,5,16,187.8
213,2026-01-15,mobile,paid_search,Cologne,2,10,83.1
214,2026-01-30,mobile,direct,Munich,4,18,129.3
215,2026-08-02,desktop,paid_search,Vienna,5,24,44.8
216,2026-05-25,desktop,email,Hamburg,4,12,92.6
217,2026-08-13,mobile,direct,Barcelona,3,23,261.6
218,2026-04-04,mobile,email,Vienna,4,9,174.9
219,2026-08-23,mobile,organic_search,Amsterdam,2,14,123.2
220,2026-04-03,mobile,organic_search,Hamburg,1,13,144.5
221,2026-07-28,mobile,organic_search,Salzburg,5,21,241.9
222,2026-05-13,desktop,direct,Cologne,7,9,159.6
223,2026-07-15,mobile,email,Amsterdam,4,9,165.3
224,2026-07-11,mobile,organic_search,Rome,4,13,19.1
225,2026-02-27,mobile,direct,Cologne,7,19,187.2
226,2026-07-07,mobile,paid_search,Vienna,5,23,71.7
227,2026-02-13,mobile,direct,Vienna,2,22,120.2
228,2026-05-03,tablet,organic_search,Hamburg,3,3,73.5
229,2026-05-26,mobile,organic_search,Berlin,2,21,90.8
230,2026-01-15,mobile,direct,Barcelona,4,8,233.3
231,2026-05-10,desktop,organic_search,Berlin,4,16,219.0
232,2026-02-21,mobile,direct,Berlin,3,19,55.7
233,2026-06-24,desktop,organic_search,Munich,6,21,49.2
234,2026-04-25,mobile,organic_search,Vienna,7,8,72.9
235,2026-01-29,desktop,organic_search,Barcelona,4,3,122.5
236,2026-08-30,mobile,paid_search,Rome,3,22,46.4
237,2026-03-11,mobile,affiliate,Paris,3,11,57.6
238,2026-05-14,mobile,paid_search,Paris,1,19,86.2
239,2026-06-12,mobile,paid_search,Zurich,5,19,65.5
240,2026-07-16,mobile,direct,Vienna,2,17,140.0
241,2026-05-29,mobile,organic_search,Berlin,4,11,124.6
242,2026-06-09,mobile,direct,Vienna,6,5,92.1
243,2026-03-26,mobile,direct,Zurich,5,7,79.9
244,2026-03-19,mobile,email,Amsterdam,4,16,26.7
245,2026-02-05,mobile,organic_search,Cologne,6,20,46.4
246,2026-08-27,desktop,direct,Cologne,1,13,29.8
247,2026-07-27,desktop,organic_search,Rome,7,16,155.3
248,2026-02-25,desktop,paid_search,Rome,4,12,119.7
249,2026-07-21,mobile,paid_search,Amsterdam,2,14,13.2
250,2026-06-13,mobile,email,Frankfurt,1,23,256.9
251,2026-02-05,desktop,direct,Frankfurt,5,10,52.0
252,2026-03-01,mobile,direct,Salzburg,4,22,9.1
253,2026-07-01,desktop,organic_search,Vienna,5,5,142.9
254,2026-08-24,mobile,paid_search,Barcelona,1,3,26.2
255,2026-02-04,mobile,organic_search,Amsterdam,2,22,59.1
256,2026-08-17,desktop,organic_search,Hamburg,5,14,54.6
257,2026-04-20,mobile,paid_search,Paris,7,7,132.8
258,2026-08-09,desktop,paid_search,Vienna,5,3,230.0
259,2026-04-23,mobile,paid_search,Cologne,6,16,82.4
260,2026-03-12,mobile,direct,Vienna,7,12,57.5
261,2026-04-08,desktop,direct,Barcelona,2,9,36.8
262,2026-05-02,desktop,direct,Frankfurt,3,24,145.3
263,2026-03-24,mobile,email,Amsterdam,7,8,49.9
264,2026-03-08,mobile,organic_search,Zurich,6,22,105.8
265,2026-04-24,mobile,affiliate,Hamburg,2,12,137.6
266,2026-03-14,mobile,direct,Salzburg,2,7,294.4
267,2026-06-22,mobile,direct,Hamburg,2,19,288.6
268,2026-03-10,desktop,affiliate,Barcelona,3,21,51.8
269,2026-03-22,mobile,email,Hamburg,1,8,225.1
270,2026-07-13,mobile,paid_search,Cologne,1,15,218.8
271,2026-05-21,desktop,paid_search,Hamburg,1,5,78.5
272,2026-07-19,mobile,paid_search,Cologne,7,17,194.8
273,2026-03-28,mobile,email,Cologne,1,13,118.2
274,2026-07-09,desktop,organic_search,Frankfurt,6,21,140.1
275,2026-08-24,desktop,paid_search,Munich,7,15,298.3
276,2026-01-02,mobile,organic_search,Amsterdam,3,8,62.4
277,2026-06-15,desktop,paid_search,Cologne,6,17,104.8
278,2026-08-12,mobile,direct,Frankfurt,5,11,335.4
279,2026-07-26,desktop,direct,Frankfurt,5,12,238.8
280,2026-04-06,mobile,organic_search,Paris,7,16,163.4
281,2026-04-15,desktop,paid_search,Salzburg,3,11,120.5
282,2026-03-16,desktop,organic_search,Rome,3,7,207.9
283,2026-03-04,mobile,direct,Vienna,6,6,112.1
284,2026-07-14,desktop,organic_search,Barcelona,4,24,267.8
285,2026-01-20,mobile,organic_search,Cologne,4,9,39.7
286,2026-04-16,mobile,organic_search,Salzburg,6,21,106.7
287,2026-07-17,mobile,paid_search,Munich,7,8,36.9
288,2026-06-19,mobile,organic_search,Cologne,2,18,34.5
289,2026-06-18,mobile,direct,Salzburg,1,5,50.6
290,2026-04-26,mobile,email,Frankfurt,6,8,83.3
291,2026-07-18,mobile,organic_search,Rome,1,24,313.7
292,2026-03-31,mobile,paid_search,Salzburg,6,23,14.1
293,2026-06-14,mobile,email,Zurich,3,7,79.4
294,2026-01-08,desktop,email,Munich,1,13,95.4
295,2026-01-10,desktop,direct,Salzburg,6,15,88.5
296,2026-03-08,desktop,organic_search,Munich,7,21,83.8
297,2026-04-13,desktop,paid_search,Frankfurt,5,11,59.8
298,2026-03-16,desktop,affiliate,Munich,5,22,66.2
299,2026-03-22,desktop,organic_search,Salzburg,3,15,41.0
300,2026-01-22,mobile,organic_search,Zurich,4,9,33.0
301,2026-04-15,desktop,paid_search,Amsterdam,1,15,132.8
302,2026-01-24,mobile,organic_search,Rome,1,4,57.3
303,2026-06-11,tablet,paid_search,Cologne,4,14,47.4
304,2026-07-11,desktop,direct,Amsterdam,3,4,94.3
305,2026-05-18,mobile,paid_search,Paris,4,10,143.6
306,2026-03-20,mobile,organic_search,Salzburg,4,18,96.0
307,2026-06-03,desktop,paid_search,Berlin,1,10,82.9
308,2026-07-28,desktop,direct,Barcelona,7,24,150.0
309,2026-02-20,mobile,email,Frankfurt,6,6,187.0
310,2026-02-18,mobile,organic_search,Munich,1,22,209.7
311,2026-05-01,tablet,organic_search,Paris,6,12,159.5
312,2026-04-14,desktop,affiliate,Frankfurt,2,17,107.5
313,2026-02-26,mobile,organic_search,Barcelona,4,10,46.6
314,2026-03-19,mobile,paid_search,Cologne,4,13,149.5
315,2026-05-04,mobile,organic_search,Berlin,2,24,139.1
316,2026-08-14,tablet,paid_search,Salzburg,4,7,72.2
317,2026-03-13,tablet,direct,Frankfurt,4,5,84.8
318,2026-02-06,mobile,organic_search,Amsterdam,3,15,127.8
319,2026-02-22,mobile,paid_search,Amsterdam,5,15,90.7
320,2026-05-24,mobile,direct,Rome,2,22,82.2
321,2026-08-16,mobile,organic_search,Salzburg,7,24,50.6
322,2026-08-10,mobile,email,Amsterdam,7,15,65.6
323,2026-03-06,mobile,organic_search,Paris,2,23,149.9
324,2026-03-15,desktop,paid_search,Paris,4,5,15.1
325,2026-06-01,mobile,email,Barcelona,6,18,38.3
326,2026-02-26,mobile,organic_search,Zurich,4,14,49.3
327,2026-06-01,mobile,organic_search,Zurich,4,11,97.1
328,2026-08-02,mobile,direct,Rome,6,21,52.3
329,2026-05-20,mobile,paid_search,Zurich,1,18,115.1
330,2026-06-28,mobile,organic_search,Zurich,4,4,132.2
331,2026-06-23,desktop,paid_search,Paris,6,23,32.3
332,2026-02-11,mobile,direct,Barcelona,4,13,43.7
333,2026-05-28,desktop,direct,Salzburg,5,14,132.9
334,2026-03-02,desktop,paid_search,Salzburg,5,6,49.1
335,2026-07-25,mobile,direct,Berlin,1,10,176.7
336,2026-06-25,desktop,affiliate,Vienna,6,18,265.0
337,2026-01-07,desktop,affiliate,Amsterdam,5,3,394.0
338,2026-03-10,desktop,direct,Cologne,4,11,275.2
339,2026-01-18,mobile,paid_search,Salzburg,4,14,75.4
340,2026-04-05,mobile,direct,Vienna,6,23,221.9
341,2026-05-15,desktop,affiliate,Rome,3,5,86.6
342,2026-08-18,mobile,organic_search,Cologne,7,22,169.9
343,2026-04-07,desktop,paid_search,Vienna,1,10,106.6
344,2026-04-22,desktop,organic_search,Hamburg,2,8,101.2
345,2026-02-21,desktop,affiliate,Munich,7,16,141.2
346,2026-05-23,desktop,email,Salzburg,6,12,229.5
347,2026-03-27,desktop,organic_search,Zurich,7,9,89.4
348,2026-06-24,tablet,email,Salzburg,2,7,70.1
349,2026-06-07,mobile,direct,Rome,7,7,189.0
350,2026-01-28,mobile,email,Amsterdam,3,8,293.5
351,2026-07-26,mobile,email,Munich,5,15,59.1
352,2026-03-16,mobile,organic_search,Salzburg,1,13,48.4
353,2026-02-13,mobile,organic_search,Hamburg,1,4,110.1
354,2026-06-05,desktop,paid_search,Berlin,3,8,286.4
355,2026-03-12,desktop,direct,Hamburg,5,23,173.5
356,2026-05-02,mobile,direct,Barcelona,2,20,71.2
357,2026-02-03,desktop,paid_search,Munich,6,24,133.6
358,2026-07-15,desktop,paid_search,Paris,2,18,28.5
359,2026-08-30,mobile,paid_search,Salzburg,7,24,278.5
360,2026-03-26,desktop,paid_search,Frankfurt,6,18,127.1
361,2026-01-05,desktop,email,Berlin,4,3,41.7
362,2026-06-24,desktop,paid_search,Cologne,3,15,34.1
363,2026-02-08,mobile,direct,Paris,3,3,292.4
364,2026-04-28,mobile,organic_search,Vienna,1,6,209.9
365,2026-04-04,mobile,organic_search,Hamburg,4,5,89.5
366,2026-01-30,desktop,paid_search,Paris,2,4,60.6
367,2026-02-18,desktop,organic_search,Berlin,5,23,109.2
368,2026-07-29,desktop,direct,Vienna,1,6,117.7
369,2026-06-14,desktop,direct,Frankfurt,6,22,106.3
370,2026-03-15,mobile,organic_search,Frankfurt,1,9,23.5
371,2026-01-06,mobile,organic_search,Vienna,7,3,270.4
372,2026-02-09,desktop,direct,Vienna,7,10,69.9
373,2026-05-05,desktop,affiliate,Barcelona,2,4,37.9
374,2026-06-27,mobile,paid_search,Munich,6,9,55.0
375,2026-02-17,mobile,direct,Zurich,2,9,152.2
376,2026-06-18,desktop,organic_search,Zurich,4,4,71.1
377,2026-06-02,mobile,paid_search,Paris,6,9,65.2
378,2026-01-17,mobile,paid_search,Rome,2,5,74.1
379,2026-01-29,mobile,paid_search,Frankfurt,4,3,105.3
380,2026-02-09,tablet,paid_search,Salzburg,3,16,85.1
381,2026-02-17,mobile,paid_search,Munich,2,4,172.0
382,2026-01-05,desktop,email,Barcelona,3,18,304.5
383,2026-07-20,mobile,organic_search,Rome,1,17,84.7
384,2026-07-27,mobile,paid_search,Rome,4,21,108.0
385,2026-08-06,mobile,paid_search,Salzburg,2,16,252.6
386,2026-08-02,mobile,email,Rome,2,12,65.5
387,2026-03-29,desktop,paid_search,Salzburg,3,10,196.9
388,2026-04-05,desktop,organic_search,Munich,4,8,148.0
389,2026-05-23,desktop,organic_search,Vienna,1,8,74.3
390,2026-08-14,desktop,organic_search,Berlin,1,7,22.5
391,2026-06-13,mobile,direct,Hamburg,7,13,159.4
392,2026-05-26,mobile,paid_search,Vienna,7,17,97.0
393,2026-07-04,mobile,organic_search,Frankfurt,4,17,31.3
394,2026-07-28,mobile,organic_search,Berlin,1,18,45.4
395,2026-05-10,mobile,affiliate,Cologne,6,9,85.4
396,2026-07-05,mobile,direct,Vienna,6,23,141.4
397,2026-05-21,mobile,email,Frankfurt,4,5,16.8
398,2026-07-01,mobile,organic_search,Vienna,1,18,59.2
399,2026-07-09,mobile,paid_search,Cologne,7,23,65.0
400,2026-06-23,mobile,organic_search,Frankfurt,7,21,240.5
401,2026-05-13,mobile,organic_search,Salzburg,3,5,165.3
402,2026-08-03,mobile,paid_search,Hamburg,3,17,36.4
403,2026-05-11,mobile,organic_search,Barcelona,3,21,450.1
404,2026-03-26,desktop,email,Cologne,4,10,92.3
405,2026-03-10,desktop,paid_search,Paris,6,15,52.1
406,2026-03-21,mobile,organic_search,Frankfurt,4,13,158.9
407,2026-07-22,mobile,paid_search,Munich,4,13,142.1
408,2026-08-20,mobile,email,Salzburg,5,17,183.0
409,2026-04-17,mobile,affiliate,Rome,3,8,196.6
410,2026-03-15,mobile,organic_search,Salzburg,5,9,167.4
411,2026-05-14,mobile,affiliate,Frankfurt,1,18,134.0
412,2026-04-02,mobile,paid_search,Rome,3,5,46.9
413,2026-06-03,mobile,direct,Salzburg,1,13,139.3
414,2026-01-13,desktop,direct,Vienna,3,19,151.1
415,2026-05-11,mobile,affiliate,Munich,2,5,56.2
416,2026-02-21,mobile,paid_search,Zurich,1,8,59.5
417,2026-04-18,desktop,direct,Munich,1,21,45.8
418,2026-05-30,mobile,direct,Amsterdam,7,14,234.2
419,2026-04-28,mobile,paid_search,Barcelona,4,18,339.7
420,2026-08-20,mobile,email,Salzburg,5,21,191.6
421,2026-01-25,desktop,email,Salzburg,3,19,90.7
422,2026-04-07,tablet,paid_search,Rome,1,10,196.8
423,2026-07-18,desktop,email,Hamburg,5,8,189.7
424,2026-03-23,desktop,direct,Munich,4,17,57.2
425,2026-01-20,mobile,direct,Paris,4,10,36.2
426,2026-05-27,mobile,direct,Cologne,1,9,25.7
427,2026-08-27,mobile,direct,Rome,2,10,49.9
428,2026-08-11,desktop,organic_search,Munich,5,13,107.0
429,2026-08-23,mobile,organic_search,Frankfurt,4,6,175.0
430,2026-04-09,mobile,paid_search,Barcelona,5,8,101.7
431,2026-08-02,mobile,direct,Hamburg,6,22,185.4
432,2026-01-02,mobile,organic_search,Hamburg,4,22,63.6
433,2026-01-19,mobile,organic_search,Frankfurt,4,11,139.4
434,2026-07-02,desktop,organic_search,Amsterdam,4,4,133.5
435,2026-01-07,mobile,email,Amsterdam,3,9,372.4
436,2026-05-26,mobile,email,Amsterdam,5,12,42.5
437,2026-05-30,mobile,organic_search,Cologne,3,13,372.0
438,2026-02-17,mobile,direct,Barcelona,3,11,321.8
439,2026-02-10,mobile,direct,Vienna,5,24,43.9
440,2026-02-10,desktop,organic_search,Frankfurt,7,20,105.8
441,2026-08-16,mobile,paid_search,Paris,6,11,251.0
442,2026-02-20,mobile,organic_search,Paris,5,24,18.8
443,2026-06-09,mobile,paid_search,Paris,5,23,50.5
444,2026-07-27,tablet,organic_search,Salzburg,1,10,4.5
445,2026-07-27,desktop,organic_search,Vienna,4,23,180.5
446,2026-03-08,desktop,affiliate,Munich,5,23,15.9
447,2026-08-29,mobile,paid_search,Rome,3,10,85.2
448,2026-03-29,mobile,organic_search,Cologne,6,9,138.3
449,2026-08-16,mobile,organic_search,Frankfurt,6,16,32.8
450,2026-03-09,mobile,organic_search,Frankfurt,7,20,337.5
451,2026-01-26,mobile,paid_search,Vienna,7,17,160.0
452,2026-05-20,desktop,organic_search,Frankfurt,4,16,189.2
453,2026-08-26,tablet,organic_search,Hamburg,1,9,101.8
454,2026-06-23,mobile,paid_search,Frankfurt,2,18,116.4
455,2026-01-18,mobile,direct,Hamburg,7,24,66.4
456,2026-07-16,mobile,email,Barcelona,2,20,74.0
457,2026-07-08,mobile,organic_search,Amsterdam,2,16,62.7
458,2026-08-19,mobile,organic_search,Berlin,5,4,37.9
459,2026-07-01,mobile,organic_search,Barcelona,1,18,70.3
460,2026-04-10,mobile,paid_search,Zurich,1,15,23.9
461,2026-02-21,mobile,organic_search,Salzburg,5,18,373.8
462,2026-08-20,mobile,organic_search,Vienna,1,17,63.9
463,2026-04-03,desktop,affiliate,Zurich,4,7,55.6
464,2026-05-13,mobile,direct,Berlin,5,15,84.0
465,2026-06-02,desktop,email,Cologne,7,16,129.6
466,2026-08-27,desktop,paid_search,Zurich,3,14,47.0
467,2026-05-01,mobile,email,Rome,3,22,130.7
468,2026-07-31,mobile,paid_search,Hamburg,4,16,40.1
469,2026-06-20,desktop,organic_search,Amsterdam,5,19,35.7
470,2026-02-17,mobile,paid_search,Paris,2,17,186.8
471,2026-02-01,mobile,affiliate,Rome,2,13,63.1
472,2026-06-03,mobile,email,Amsterdam,5,17,68.5
473,2026-04-09,desktop,organic_search,Barcelona,3,14,16.7
474,2026-01-10,mobile,affiliate,Zurich,4,16,129.3
475,2026-06-23,mobile,paid_search,Vienna,5,17,71.6
476,2026-08-16,desktop,paid_search,Rome,4,15,186.3
477,2026-01-02,mobile,organic_search,Amsterdam,1,11,187.9
478,2026-08-15,tablet,direct,Rome,3,18,103.5
479,2026-06-07,desktop,paid_search,Munich,5,10,94.8
480,2026-08-20,desktop,email,Munich,5,15,63.3
481,2026-05-11,mobile,affiliate,Frankfurt,7,12,388.9
482,2026-03-29,mobile,direct,Munich,2,15,60.2
483,2026-08-12,mobile,organic_search,Zurich,3,24,229.1
484,2026-05-23,mobile,organic_search,Rome,6,16,105.5
485,2026-08-21,desktop,paid_search,Hamburg,5,18,13.1
486,2026-03-04,mobile,organic_search,Rome,2,11,407.9
487,2026-06-16,desktop,direct,Barcelona,5,5,45.3
488,2026-05-25,mobile,organic_search,Berlin,6,24,62.4
489,2026-05-11,desktop,organic_search,Frankfurt,6,5,114.9
490,2026-07-21,mobile,organic_search,Vienna,4,17,186.2
491,2026-05-09,mobile,email,Paris,2,6,127.8
492,2026-07-16,desktop,direct,Salzburg,4,18,80.1
493,2026-04-18,mobile,paid_search,Barcelona,6,22,83.3
494,2026-02-11,mobile,paid_search,Vienna,6,3,77.5
495,2026-07-08,mobile,organic_search,Cologne,4,6,103.6
496,2026-06-05,mobile,email,Barcelona,2,13,147.0
497,2026-03-22,mobile,paid_search,Berlin,4,12,203.3
498,2026-01-03,desktop,organic_search,Vienna,1,5,113.0
499,2026-02-28,desktop,paid_search,Berlin,5,17,92.4
500,2026-04-13,mobile,organic_search,Berlin,6,8,287.9
501,2026-04-17,mobile,paid_search,Berlin,6,20,72.7
502,2026-06-28,mobile,email,Munich,4,9,91.1
503,2026-03-22,mobile,direct,Cologne,6,10,66.0
504,2026-01-20,mobile,organic_search,Paris,1,17,63.9
505,2026-07-17,mobile,paid_search,Berlin,1,8,134.4
506,2026-03-26,mobile,paid_search,Rome,1,9,31.7
507,2026-03-08,desktop,organic_search,Vienna,4,5,82.3
508,2026-07-02,mobile,organic_search,Barcelona,7,7,61.5
509,2026-04-08,desktop,paid_search,Salzburg,5,4,91.8
510,2026-05-01,mobile,organic_search,Amsterdam,4,5,85.1
511,2026-03-07,mobile,organic_search,Barcelona,1,6,271.7
512,2026-08-03,desktop,paid_search,Amsterdam,2,15,198.0
513,2026-05-11,mobile,email,Rome,3,18,230.3
514,2026-03-17,desktop,direct,Paris,1,14,90.5
515,2026-03-16,desktop,organic_search,Berlin,1,4,117.8
516,2026-04-15,desktop,paid_search,Hamburg,4,24,135.4
517,2026-06-01,mobile,organic_search,Paris,3,17,65.6
518,2026-03-01,tablet,organic_search,Barcelona,3,21,30.3
519,2026-07-15,mobile,paid_search,Salzburg,6,21,61.6
520,2026-03-26,mobile,organic_search,Vienna,3,10,136.1
521,2026-07-01,desktop,direct,Zurich,6,14,197.6
522,2026-08-10,desktop,organic_search,Amsterdam,7,4,561.8
523,2026-03-14,desktop,organic_search,Hamburg,5,23,26.1
524,2026-05-03,mobile,direct,Rome,5,24,164.3
525,2026-05-17,mobile,direct,Vienna,1,13,114.8
526,2026-07-01,mobile,email,Barcelona,1,18,332.6
527,2026-04-03,tablet,organic_search,Frankfurt,6,13,198.6
528,2026-06-27,tablet,affiliate,Rome,5,7,69.7
529,2026-06-07,mobile,paid_search,Frankfurt,6,6,65.2
530,2026-03-21,mobile,affiliate,Vienna,5,22,67.8
531,2026-07-30,desktop,organic_search,Frankfurt,1,16,22.1
532,2026-01-10,mobile,affiliate,Salzburg,4,7,19.9
533,2026-07-23,mobile,affiliate,Munich,4,19,45.7
534,2026-03-28,desktop,organic_search,Hamburg,5,23,29.6
535,2026-08-03,mobile,organic_search,Cologne,4,7,84.2
536,2026-03-01,desktop,direct,Amsterdam,4,8,104.4
537,2026-04-08,tablet,organic_search,Amsterdam,5,16,331.2
538,2026-01-26,mobile,organic_search,Zurich,5,6,3.6
539,2026-07-16,mobile,affiliate,Cologne,5,12,75.0
540,2026-06-20,desktop,direct,Munich,3,17,92.2
541,2026-04-02,mobile,direct,Amsterdam,1,24,91.1
542,2026-05-26,desktop,email,Zurich,4,22,317.3
543,2026-01-25,mobile,direct,Vienna,2,4,19.4
544,2026-06-04,tablet,direct,Vienna,2,15,77.5
545,2026-05-23,mobile,direct,Paris,6,11,32.4
546,2026-07-30,mobile,paid_search,Zurich,4,8,54.2
547,2026-05-25,desktop,organic_search,Frankfurt,4,12,42.9
548,2026-03-17,desktop,direct,Cologne,3,24,167.8
549,2026-07-04,mobile,direct,Paris,6,13,90.6
550,2026-07-02,desktop,organic_search,Vienna,6,16,156.5
551,2026-07-23,mobile,organic_search,Berlin,2,9,269.9
552,2026-06-09,mobile,affiliate,Hamburg,4,23,174.3
553,2026-08-05,mobile,organic_search,Munich,7,9,36.4
554,2026-05-29,desktop,paid_search,Munich,5,8,208.2
555,2026-06-19,desktop,direct,Cologne,4,10,92.1
556,2026-08-13,desktop,organic_search,Frankfurt,6,9,112.0
557,2026-06-01,mobile,paid_search,Rome,4,6,221.1
558,2026-05-24,mobile,direct,Barcelona,1,18,20.7
559,2026-01-04,mobile,organic_search,Amsterdam,3,5,126.6
560,2026-02-25,mobile,paid_search,Paris,6,6,18.9
561,2026-01-28,mobile,paid_search,Cologne,6,22,55.5
562,2026-03-13,desktop,paid_search,Paris,6,5,217.1
563,2026-02-03,mobile,organic_search,Berlin,5,14,60.1
564,2026-05-31,desktop,email,Berlin,3,23,95.6
565,2026-03-04,mobile,email,Barcelona,7,20,199.1
566,2026-02-27,mobile,email,Vienna,4,22,74.6
567,2026-08-05,mobile,paid_search,Rome,3,10,76.8
568,2026-04-16,mobile,direct,Munich,6,24,72.6
569,2026-06-25,mobile,email,Cologne,6,23,34.5
570,2026-01-15,mobile,affiliate,Rome,6,11,153.1
571,2026-06-03,mobile,email,Berlin,4,20,140.8
572,2026-08-02,desktop,organic_search,Paris,6,4,279.1
573,2026-01-31,mobile,organic_search,Paris,3,24,53.1
574,2026-02-13,mobile,paid_search,Cologne,3,10,127.0
575,2026-06-08,mobile,direct,Frankfurt,7,19,53.0
576,2026-05-31,mobile,email,Hamburg,7,8,263.4
577,2026-06-26,mobile,organic_search,Hamburg,2,18,107.5
578,2026-03-04,mobile,paid_search,Barcelona,3,20,344.3
579,2026-03-16,desktop,paid_search,Paris,2,16,70.8
580,2026-01-19,mobile,direct,Amsterdam,3,3,113.0
581,2026-02-28,desktop,paid_search,Amsterdam,5,20,70.8
582,2026-06-05,desktop,email,Berlin,7,23,312.9
583,2026-06-16,mobile,direct,Hamburg,6,9,195.5
584,2026-05-17,desktop,paid_search,Cologne,5,24,168.2
585,2026-01-30,mobile,organic_search,Vienna,1,4,184.9
586,2026-07-29,mobile,direct,Hamburg,2,11,201.1
587,2026-05-21,mobile,organic_search,Vienna,6,10,134.0
588,2026-01-09,desktop,direct,Salzburg,6,16,91.0
589,2026-08-25,mobile,organic_search,Frankfurt,7,20,41.7
590,2026-05-22,desktop,organic_search,Amsterdam,2,21,34.6
591,2026-01-06,desktop,paid_search,Amsterdam,4,5,39.5
592,2026-04-09,mobile,paid_search,Frankfurt,5,22,164.4
593,2026-02-14,mobile,affiliate,Munich,7,22,113.1
594,2026-01-02,mobile,direct,Paris,1,11,62.8
595,2026-05-09,mobile,paid_search,Vienna,1,14,53.7
596,2026-01-06,mobile,email,Frankfurt,7,15,25.8
597,2026-01-18,mobile,organic_search,Salzburg,4,20,78.3
598,2026-04-30,desktop,organic_search,Amsterdam,3,10,50.6
599,2026-06-21,mobile,organic_search,Zurich,7,14,39.8
600,2026-03-29,desktop,paid_search,Rome,3,18,18.9
601,2026-01-20,desktop,direct,Munich,4,21,53.1
602,2026-06-22,mobile,email,Amsterdam,7,10,34.5
603,2026-02-16,mobile,direct,Barcelona,6,24,166.8
604,2026-02-28,mobile,organic_search,Amsterdam,6,21,86.0
605,2026-05-13,mobile,direct,Salzburg,5,20,152.6
606,2026-02-16,desktop,organic_search,Cologne,6,16,87.9
607,2026-07-17,mobile,direct,Paris,2,22,217.5
608,2026-07-13,desktop,paid_search,Amsterdam,2,20,8.6
609,2026-03-30,mobile,paid_search,Frankfurt,7,21,60.6
610,2026-06-27,desktop,direct,Paris,6,5,164.1
611,2026-01-14,mobile,organic_search,Rome,3,12,60.1
612,2026-07-19,mobile,paid_search,Frankfurt,2,21,61.2
613,2026-03-26,mobile,affiliate,Munich,1,10,28.3
614,2026-08-19,mobile,organic_search,Hamburg,4,11,60.7
615,2026-01-18,mobile,email,Paris,2,15,89.4
616,2026-02-19,mobile,direct,Paris,4,19,301.2
617,2026-02-15,mobile,affiliate,Barcelona,6,7,54.4
618,2026-05-31,mobile,organic_search,Munich,3,17,90.6
619,2026-04-24,mobile,email,Vienna,6,12,450.0
620,2026-01-08,desktop,paid_search,Zurich,7,23,297.8
621,2026-08-02,mobile,organic_search,Berlin,5,5,169.9
622,2026-03-25,mobile,paid_search,Zurich,7,4,141.9
623,2026-08-05,tablet,affiliate,Barcelona,1,9,88.7
624,2026-03-28,mobile,paid_search,Barcelona,5,23,161.9
625,2026-06-20,desktop,organic_search,Vienna,6,18,100.8
626,2026-08-22,desktop,organic_search,Amsterdam,5,12,11.1
627,2026-07-23,mobile,organic_search,Zurich,5,4,81.7
628,2026-06-16,mobile,organic_search,Vienna,5,16,66.0
629,2026-05-10,mobile,paid_search,Vienna,1,23,69.8
630,2026-07-16,mobile,paid_search,Barcelona,4,19,95.0
631,2026-08-20,mobile,email,Hamburg,4,4,62.7
632,2026-05-01,mobile,direct,Rome,7,21,191.5
633,2026-07-21,mobile,paid_search,Berlin,3,8,234.0
634,2026-01-02,mobile,organic_search,Hamburg,3,20,205.9
635,2026-06-09,mobile,paid_search,Paris,5,24,45.1
636,2026-08-20,mobile,direct,Zurich,2,10,241.2
637,2026-02-26,mobile,organic_search,Cologne,3,22,80.7
638,2026-07-15,desktop,email,Berlin,5,16,435.3
639,2026-07-04,desktop,direct,Vienna,5,5,348.0
640,2026-02-06,mobile,affiliate,Rome,7,11,30.9
641,2026-07-31,mobile,direct,Salzburg,7,22,95.0
642,2026-05-26,mobile,paid_search,Berlin,1,11,57.5
643,2026-04-26,desktop,paid_search,Barcelona,3,21,145.1
644,2026-03-08,mobile,organic_search,Vienna,7,12,150.1
645,2026-03-29,desktop,organic_search,Cologne,7,13,222.8
646,2026-04-29,desktop,organic_search,Salzburg,5,24,265.7
647,2026-03-30,mobile,paid_search,Barcelona,3,22,32.8
648,2026-04-18,mobile,organic_search,Barcelona,5,21,320.5
649,2026-07-02,mobile,paid_search,Munich,3,13,95.7
650,2026-02-19,desktop,paid_search,Hamburg,5,16,97.5
651,2026-08-18,mobile,paid_search,Barcelona,2,6,19.5
652,2026-03-26,mobile,paid_search,Cologne,2,22,114.5
653,2026-04-07,mobile,affiliate,Rome,6,7,63.4
654,2026-04-12,desktop,paid_search,Munich,5,3,25.2
655,2026-01-26,tablet,email,Rome,6,10,91.5
656,2026-05-10,mobile,direct,Vienna,1,10,75.1
657,2026-01-11,mobile,paid_search,Berlin,1,10,264.4
658,2026-07-17,mobile,organic_search,Munich,3,7,240.2
659,2026-07-21,mobile,organic_search,Vienna,7,19,69.4
660,2026-03-19,mobile,organic_search,Munich,1,6,126.9
661,2026-03-17,tablet,organic_search,Rome,3,7,213.2
662,2026-03-02,tablet,email,Berlin,5,20,25.9
663,2026-07-19,desktop,organic_search,Barcelona,5,19,88.5
664,2026-08-25,mobile,email,Rome,4,24,76.8
665,2026-01-29,mobile,paid_search,Rome,7,15,13.7
666,2026-02-02,mobile,direct,Hamburg,6,8,64.4
667,2026-01-10,mobile,organic_search,Amsterdam,4,16,12.6
668,2026-04-16,mobile,direct,Amsterdam,4,5,26.0
669,2026-03-16,mobile,organic_search,Rome,7,18,62.8
670,2026-04-07,tablet,paid_search,Barcelona,5,12,152.6
671,2026-03-18,desktop,organic_search,Berlin,6,20,28.4
672,2026-05-14,mobile,email,Zurich,6,9,123.2
673,2026-08-30,desktop,direct,Hamburg,3,11,181.3
674,2026-08-24,desktop,paid_search,Berlin,4,10,56.7
675,2026-02-27,tablet,organic_search,Amsterdam,4,18,149.1
676,2026-07-23,desktop,paid_search,Vienna,5,17,141.5
677,2026-06-29,mobile,organic_search,Barcelona,5,3,87.7
678,2026-08-09,desktop,paid_search,Amsterdam,4,22,66.8
679,2026-08-11,mobile,organic_search,Hamburg,7,19,78.7
680,2026-01-25,mobile,email,Frankfurt,6,20,399.4
681,2026-07-09,desktop,organic_search,Barcelona,7,19,38.1
682,2026-07-03,desktop,paid_search,Salzburg,3,11,318.5
683,2026-08-24,desktop,organic_search,Hamburg,2,24,44.3
684,2026-07-02,mobile,direct,Amsterdam,6,19,157.4
685,2026-02-10,desktop,organic_search,Zurich,5,6,19.2
686,2026-03-23,mobile,affiliate,Rome,3,9,21.6
687,2026-06-15,mobile,organic_search,Salzburg,7,5,261.2
688,2026-03-20,desktop,direct,Barcelona,7,19,33.1
689,2026-05-07,desktop,affiliate,Barcelona,2,23,173.6
690,2026-05-26,mobile,direct,Hamburg,7,19,120.9
691,2026-07-30,tablet,paid_search,Vienna,4,10,96.9
692,2026-02-04,desktop,affiliate,Vienna,1,22,164.1
693,2026-06-29,mobile,organic_search,Hamburg,5,16,157.9
694,2026-08-12,mobile,direct,Zurich,5,11,96.6
695,2026-07-08,mobile,direct,Barcelona,4,23,9.3
696,2026-01-01,mobile,paid_search,Berlin,4,14,90.7
697,2026-04-04,mobile,email,Paris,2,17,329.6
698,2026-05-10,mobile,paid_search,Barcelona,3,15,52.2
699,2026-06-13,desktop,email,Zurich,2,8,76.5
700,2026-07-13,desktop,organic_search,Rome,1,18,24.2
701,2026-08-02,desktop,email,Rome,5,5,71.4
702,2026-07-17,desktop,paid_search,Paris,1,12,97.4
703,2026-02-17,mobile,paid_search,Berlin,7,10,63.6
704,2026-06-10,mobile,organic_search,Rome,2,21,92.4
705,2026-01-08,desktop,organic_search,Salzburg,1,17,75.0
706,2026-02-02,desktop,organic_search,Barcelona,6,11,250.3
707,2026-03-17,mobile,paid_search,Frankfurt,4,23,45.0
708,2026-06-03,mobile,direct,Vienna,7,22,199.2
709,2026-07-28,desktop,direct,Amsterdam,1,4,59.3
710,2026-06-28,mobile,organic_search,Frankfurt,1,16,46.8
711,2026-04-23,mobile,affiliate,Cologne,6,12,162.3
712,2026-01-22,mobile,organic_search,Munich,4,4,42.4
713,2026-03-04,mobile,direct,Berlin,6,20,98.3
714,2026-06-07,mobile,email,Rome,4,9,86.2
715,2026-08-09,desktop,paid_search,Vienna,5,22,313.8
716,2026-01-29,tablet,paid_search,Cologne,4,12,94.5
717,2026-01-11,mobile,organic_search,Zurich,5,21,9.3
718,2026-05-06,mobile,paid_search,Paris,6,17,120.3
719,2026-07-15,tablet,affiliate,Amsterdam,6,20,204.7
720,2026-02-22,tablet,paid_search,Salzburg,1,16,155.4
721,2026-07-13,mobile,email,Barcelona,6,7,113.0
722,2026-08-29,desktop,direct,Berlin,5,13,72.2
723,2026-05-06,mobile,email,Paris,5,10,144.9
724,2026-06-19,desktop,organic_search,Amsterdam,5,7,96.1
725,2026-03-05,tablet,direct,Barcelona,6,15,111.9
726,2026-06-19,mobile,organic_search,Hamburg,7,17,158.8
727,2026-04-16,mobile,paid_search,Cologne,1,5,256.9
728,2026-07-13,mobile,direct,Zurich,4,23,59.0
729,2026-03-27,mobile,organic_search,Paris,3,11,58.1
730,2026-05-19,mobile,affiliate,Hamburg,6,13,108.5
731,2026-02-04,mobile,paid_search,Amsterdam,5,7,97.6
732,2026-06-09,mobile,paid_search,Cologne,4,7,104.3
733,2026-05-25,desktop,email,Rome,6,9,58.0
734,2026-03-30,desktop,email,Salzburg,3,6,31.8
735,2026-02-17,mobile,affiliate,Frankfurt,2,20,27.3
736,2026-08-19,desktop,direct,Paris,4,7,30.5
737,2026-08-30,mobile,direct,Munich,3,18,48.6
738,2026-05-01,desktop,organic_search,Frankfurt,6,8,302.0
739,2026-05-20,desktop,direct,Amsterdam,4,3,133.1
740,2026-06-04,desktop,direct,Frankfurt,6,12,178.8
741,2026-01-29,mobile,paid_search,Munich,7,23,30.8
742,2026-03-02,desktop,affiliate,Cologne,1,6,91.7
743,2026-05-29,mobile,paid_search,Rome,3,14,163.2
744,2026-05-31,desktop,direct,Hamburg,1,14,39.3
745,2026-04-02,tablet,direct,Zurich,1,17,103.0
746,2026-05-02,mobile,organic_search,Munich,6,12,57.7
747,2026-02-14,desktop,paid_search,Vienna,7,16,25.6
748,2026-06-26,desktop,direct,Frankfurt,6,6,18.1
749,2026-03-13,desktop,affiliate,Munich,3,4,113.4
750,2026-08-28,mobile,organic_search,Barcelona,3,7,68.2
751,2026-03-03,mobile,direct,Cologne,7,22,85.8
752,2026-01-11,desktop,paid_search,Salzburg,6,10,22.0
753,2026-05-22,desktop,paid_search,Cologne,1,18,139.5
754,2026-02-07,mobile,organic_search,Frankfurt,1,23,349.3
755,2026-03-08,mobile,paid_search,Berlin,7,8,183.8
756,2026-05-07,mobile,organic_search,Hamburg,6,6,52.8
757,2026-01-12,desktop,paid_search,Munich,7,4,12.8
758,2026-02-24,mobile,paid_search,Zurich,6,18,163.9
759,2026-07-17,mobile,organic_search,Zurich,3,24,210.2
760,2026-03-05,desktop,affiliate,Hamburg,5,13,138.0
761,2026-03-11,mobile,direct,Berlin,1,23,83.6
762,2026-04-17,mobile,affiliate,Frankfurt,4,14,203.3
763,2026-03-15,mobile,direct,Vienna,3,18,108.9
764,2026-08-18,mobile,paid_search,Berlin,1,8,80.0
765,2026-04-15,desktop,direct,Zurich,2,14,176.8
766,2026-02-23,mobile,organic_search,Vienna,3,5,238.6
767,2026-07-11,mobile,organic_search,Hamburg,6,16,56.8
768,2026-01-06,mobile,paid_search,Frankfurt,5,8,45.0
769,2026-05-29,desktop,organic_search,Paris,1,13,105.3
770,2026-04-27,mobile,direct,Paris,1,9,118.9
771,2026-01-22,desktop,organic_search,Vienna,1,21,89.9
772,2026-02-28,mobile,organic_search,Rome,3,19,224.6
773,2026-04-22,mobile,direct,Barcelona,5,19,151.5
774,2026-01-07,mobile,paid_search,Cologne,3,18,122.2
775,2026-07-03,desktop,organic_search,Hamburg,6,4,85.0
776,2026-07-15,mobile,organic_search,Berlin,6,11,304.6
777,2026-01-10,desktop,direct,Berlin,1,10,191.0
778,2026-04-03,tablet,direct,Vienna,2,6,331.6
779,2026-01-10,desktop,organic_search,Berlin,2,18,110.2
780,2026-02-09,mobile,direct,Amsterdam,6,17,63.0
781,2026-06-19,mobile,direct,Cologne,5,24,202.9
782,2026-03-19,mobile,direct,Hamburg,5,24,90.6
783,2026-05-02,mobile,organic_search,Cologne,2,19,58.7
784,2026-03-06,mobile,affiliate,Salzburg,2,21,82.8
785,2026-02-09,mobile,direct,Hamburg,5,13,161.3
786,2026-07-25,mobile,organic_search,Cologne,1,7,96.9
787,2026-06-12,desktop,email,Frankfurt,5,19,64.9
788,2026-07-29,mobile,direct,Paris,6,11,85.4
789,2026-01-20,mobile,organic_search,Munich,4,18,61.6
790,2026-02-21,desktop,email,Munich,4,18,46.9
791,2026-04-18,desktop,direct,Rome,6,18,27.2
792,2026-08-30,desktop,organic_search,Amsterdam,4,10,223.6
793,2026-07-18,tablet,paid_search,Cologne,1,23,222.1
794,2026-05-06,desktop,paid_search,Berlin,6,22,116.3
795,2026-02-12,tablet,organic_search,Amsterdam,1,16,51.9
796,2026-08-20,tablet,paid_search,Zurich,7,24,75.2
797,2026-05-23,desktop,organic_search,Rome,1,14,33.8
798,2026-07-08,desktop,organic_search,Berlin,5,24,29.1
799,2026-03-31,mobile,organic_search,Paris,7,19,55.0
800,2026-07-03,desktop,organic_search,Salzburg,7,12,141.8
801,2026-08-05,desktop,direct,Salzburg,2,22,24.0
802,2026-04-13,desktop,paid_search,Barcelona,1,23,152.0
803,2026-06-06,mobile,organic_search,Cologne,3,16,126.1
804,2026-07-08,mobile,organic_search,Salzburg,5,9,123.2
805,2026-03-28,mobile,direct,Rome,2,3,97.5
806,2026-06-08,tablet,paid_search,Salzburg,6,7,122.1
807,2026-04-29,desktop,direct,Paris,6,4,87.8
808,2026-05-17,desktop,organic_search,Berlin,1,21,23.5
809,2026-05-08,mobile,direct,Barcelona,2,21,285.4
810,2026-02-24,mobile,affiliate,Paris,3,14,68.4
811,2026-08-27,tablet,direct,Salzburg,4,14,72.7
812,2026-03-18,mobile,direct,Berlin,7,19,101.4
813,2026-06-30,mobile,organic_search,Munich,1,24,324.1
814,2026-07-08,desktop,paid_search,Cologne,1,15,186.8
815,2026-06-22,mobile,organic_search,Zurich,6,7,115.6
816,2026-02-20,mobile,direct,Barcelona,5,14,96.2
817,2026-08-27,mobile,direct,Hamburg,7,18,69.7
818,2026-05-31,mobile,organic_search,Munich,6,18,132.9
819,2026-02-07,desktop,direct,Hamburg,3,12,59.7
820,2026-05-28,tablet,paid_search,Hamburg,2,6,93.0
821,2026-04-24,mobile,affiliate,Frankfurt,1,3,233.2
822,2026-06-17,mobile,affiliate,Barcelona,6,17,86.8
823,2026-08-21,mobile,organic_search,Frankfurt,3,11,139.8
824,2026-03-03,mobile,email,Barcelona,1,24,73.8
825,2026-07-26,desktop,organic_search,Salzburg,2,7,69.1
826,2026-07-25,mobile,paid_search,Amsterdam,7,13,221.6
827,2026-02-19,mobile,paid_search,Frankfurt,7,14,165.2
828,2026-03-13,mobile,organic_search,Barcelona,6,3,203.8
829,2026-04-12,mobile,direct,Berlin,7,22,132.0
830,2026-03-11,mobile,paid_search,Frankfurt,4,9,104.6
831,2026-02-15,mobile,direct,Vienna,3,24,17.3
832,2026-06-27,desktop,direct,Barcelona,5,7,43.2
833,2026-06-19,desktop,paid_search,Cologne,6,15,36.0
834,2026-06-30,mobile,organic_search,Hamburg,2,20,82.0
835,2026-05-30,mobile,organic_search,Zurich,6,23,118.9
836,2026-02-15,mobile,organic_search,Salzburg,5,6,38.0
837,2026-05-21,mobile,direct,Vienna,6,22,31.7
838,2026-05-10,mobile,organic_search,Salzburg,6,17,74.6
839,2026-08-07,desktop,paid_search,Frankfurt,1,7,26.5
840,2026-08-01,desktop,paid_search,Munich,7,11,227.5
841,2026-01-25,mobile,email,Rome,6,3,41.2
842,2026-05-12,mobile,email,Munich,1,24,76.4
843,2026-08-16,mobile,organic_search,Amsterdam,4,21,50.8
844,2026-06-21,mobile,paid_search,Hamburg,5,8,76.6
845,2026-04-28,mobile,organic_search,Barcelona,6,15,14.7
846,2026-06-13,mobile,affiliate,Hamburg,5,16,239.3
847,2026-01-07,mobile,paid_search,Zurich,3,20,272.1
848,2026-05-01,mobile,organic_search,Paris,6,13,30.6
849,2026-08-10,tablet,organic_search,Rome,7,17,108.8
850,2026-04-19,desktop,email,Hamburg,4,15,115.1
851,2026-08-14,mobile,paid_search,Zurich,2,7,93.3
852,2026-07-13,desktop,affiliate,Cologne,4,20,208.2
853,2026-08-17,mobile,direct,Berlin,2,12,158.4
854,2026-02-05,desktop,paid_search,Paris,4,8,62.8
855,2026-07-22,desktop,email,Salzburg,1,10,159.6
856,2026-02-21,mobile,direct,Vienna,1,20,60.0
857,2026-03-09,desktop,direct,Salzburg,3,18,26.6
858,2026-02-02,mobile,organic_search,Hamburg,2,23,264.9
859,2026-03-11,mobile,email,Rome,3,4,317.5
860,2026-06-05,tablet,email,Vienna,6,12,33.2
861,2026-03-21,mobile,email,Salzburg,6,12,101.5
862,2026-01-06,desktop,organic_search,Paris,2,15,206.9
863,2026-02-24,desktop,affiliate,Hamburg,1,8,94.4
864,2026-02-01,mobile,paid_search,Rome,1,16,81.0
865,2026-08-08,desktop,organic_search,Vienna,2,18,119.7
866,2026-07-02,mobile,direct,Munich,6,4,133.4
867,2026-05-10,mobile,direct,Vienna,5,13,96.3
868,2026-07-26,mobile,organic_search,Vienna,1,22,198.2
869,2026-03-06,mobile,paid_search,Salzburg,6,18,108.8
870,2026-08-08,mobile,paid_search,Salzburg,3,12,74.7
871,2026-07-06,mobile,email,Cologne,5,20,317.4
872,2026-03-02,desktop,organic_search,Rome,5,21,48.6
873,2026-06-01,desktop,direct,Cologne,6,19,126.6
874,2026-08-21,mobile,affiliate,Amsterdam,7,24,80.3
875,2026-04-02,mobile,affiliate,Paris,6,23,124.0
876,2026-02-22,tablet,organic_search,Munich,3,6,39.7
877,2026-08-10,mobile,direct,Vienna,2,5,35.8
878,2026-03-18,tablet,paid_search,Munich,5,7,108.3
879,2026-05-15,mobile,direct,Rome,2,4,128.0
880,2026-01-24,mobile,paid_search,Barcelona,1,16,14.1
881,2026-06-02,mobile,affiliate,Paris,7,8,120.9
882,2026-08-29,mobile,direct,Rome,4,16,81.4
883,2026-01-08,desktop,paid_search,Barcelona,6,12,20.8
884,2026-03-10,mobile,affiliate,Frankfurt,1,8,33.6
885,2026-06-02,desktop,affiliate,Frankfurt,7,13,31.4
886,2026-05-25,mobile,organic_search,Berlin,5,18,94.8
887,2026-04-10,desktop,direct,Hamburg,7,22,10.0
888,2026-03-18,desktop,affiliate,Vienna,5,20,123.7
889,2026-07-01,mobile,email,Barcelona,1,24,69.8
890,2026-04-28,desktop,email,Rome,3,12,324.4
891,2026-01-11,desktop,direct,Zurich,5,10,9.1
892,2026-02-04,tablet,organic_search,Hamburg,6,19,60.6
893,2026-04-04,mobile,organic_search,Cologne,6,23,8.8
894,2026-06-06,desktop,paid_search,Hamburg,2,5,84.7
895,2026-01-16,desktop,direct,Barcelona,5,8,58.4
896,2026-08-30,desktop,affiliate,Rome,7,4,204.9
897,2026-08-14,tablet,paid_search,Salzburg,1,7,51.3
898,2026-01-17,mobile,direct,Frankfurt,2,11,34.8
899,2026-04-12,desktop,paid_search,Barcelona,5,18,57.0
900,2026-03-31,mobile,organic_search,Barcelona,5,16,101.3
901,2026-02-03,mobile,paid_search,Salzburg,4,11,74.5
902,2026-05-05,mobile,paid_search,Barcelona,6,10,133.5
903,2026-06-29,mobile,direct,Zurich,5,20,136.3
904,2026-05-09,mobile,direct,Paris,1,20,53.5
905,2026-08-02,mobile,paid_search,Frankfurt,6,22,43.3
906,2026-06-05,mobile,affiliate,Hamburg,3,15,106.3
907,2026-07-07,mobile,organic_search,Frankfurt,2,15,172.3
908,2026-07-24,mobile,direct,Hamburg,3,7,12.8
909,2026-07-25,mobile,organic_search,Amsterdam,3,22,103.1
910,2026-05-18,mobile,paid_search,Munich,4,23,67.2
911,2026-07-24,mobile,direct,Frankfurt,1,9,33.6
912,2026-04-02,mobile,paid_search,Berlin,2,9,125.5
913,2026-08-28,mobile,direct,Frankfurt,5,4,52.9
914,2026-06-09,mobile,paid_search,Amsterdam,3,19,193.3
915,2026-03-29,mobile,organic_search,Cologne,1,15,278.8
916,2026-01-15,mobile,email,Rome,2,10,35.5
917,2026-03-26,desktop,direct,Barcelona,2,24,89.4
918,2026-04-27,desktop,direct,Munich,7,7,63.9
919,2026-01-28,mobile,affiliate,Barcelona,6,16,57.3
920,2026-05-18,mobile,direct,Vienna,5,5,69.2
921,2026-07-27,desktop,organic_search,Munich,1,19,68.4
922,2026-03-18,tablet,direct,Amsterdam,2,3,249.3
923,2026-08-14,mobile,paid_search,Amsterdam,3,23,159.3
924,2026-04-10,mobile,organic_search,Munich,4,13,243.9
925,2026-03-10,tablet,direct,Hamburg,6,20,34.1
926,2026-07-22,mobile,direct,Vienna,5,6,164.3
927,2026-05-29,mobile,paid_search,Hamburg,6,16,107.9
928,2026-05-31,mobile,organic_search,Salzburg,7,5,166.9
929,2026-03-01,mobile,direct,Hamburg,6,20,41.4
930,2026-05-26,tablet,organic_search,Barcelona,2,3,25.9
931,2026-07-28,mobile,organic_search,Hamburg,5,10,42.0
932,2026-02-17,desktop,direct,Berlin,4,24,49.3
933,2026-01-02,mobile,paid_search,Frankfurt,5,15,81.0
934,2026-07-05,mobile,direct,Hamburg,5,11,216.0
935,2026-06-18,desktop,paid_search,Cologne,5,22,145.3
936,2026-02-19,mobile,paid_search,Frankfurt,3,5,44.5
937,2026-05-12,desktop,organic_search,Hamburg,4,12,76.5
938,2026-01-30,mobile,organic_search,Munich,2,19,100.1
939,2026-03-11,mobile,affiliate,Zurich,3,21,4.6
940,2026-02-13,desktop,organic_search,Zurich,7,17,167.0
941,2026-08-12,mobile,email,Barcelona,1,19,141.9
942,2026-03-28,desktop,paid_search,Salzburg,6,5,131.1
943,2026-04-27,mobile,organic_search,Vienna,6,10,66.7
944,2026-02-28,mobile,organic_search,Munich,5,19,180.4
945,2026-05-07,desktop,organic_search,Berlin,4,17,99.7
946,2026-05-15,mobile,paid_search,Berlin,7,24,106.1
947,2026-01-21,mobile,paid_search,Zurich,6,12,212.7
948,2026-07-09,mobile,affiliate,Vienna,7,24,75.9
949,2026-04-10,desktop,organic_search,Barcelona,4,10,17.2
950,2026-04-24,mobile,paid_search,Rome,5,6,190.4
951,2026-02-08,desktop,organic_search,Zurich,5,18,22.2
952,2026-01-16,tablet,direct,Hamburg,6,22,79.1
953,2026-05-15,mobile,organic_search,Rome,7,6,21.4
954,2026-01-07,mobile,direct,Rome,4,22,38.3
955,2026-05-20,mobile,direct,Berlin,1,17,116.7
956,2026-07-05,mobile,affiliate,Barcelona,4,13,164.2
957,2026-03-01,desktop,organic_search,Hamburg,3,6,193.7
958,2026-03-11,tablet,direct,Cologne,2,7,201.7
959,2026-08-17,tablet,paid_search,Zurich,2,13,187.8
960,2026-04-21,mobile,paid_search,Vienna,6,10,86.8
961,2026-03-15,mobile,email,Frankfurt,7,19,207.1
962,2026-08-03,mobile,email,Vienna,3,10,54.9
963,2026-06-08,mobile,organic_search,Hamburg,1,17,13.4
964,2026-05-25,mobile,direct,Hamburg,5,13,124.0
965,2026-08-25,desktop,direct,Rome,6,11,26.3
966,2026-05-27,mobile,paid_search,Rome,7,21,36.5
967,2026-07-14,mobile,organic_search,Frankfurt,1,12,36.9
968,2026-06-19,desktop,email,Paris,5,13,47.1
969,2026-06-30,mobile,paid_search,Rome,7,8,132.9
970,2026-06-15,tablet,organic_search,Paris,6,17,248.2
971,2026-01-15,desktop,organic_search,Paris,2,12,160.0
972,2026-02-14,mobile,email,Amsterdam,1,3,40.5
973,2026-05-07,mobile,paid_search,Berlin,1,22,64.1
974,2026-06-21,mobile,paid_search,Barcelona,5,13,9.7
975,2026-07-02,mobile,organic_search,Paris,7,21,75.0
976,2026-07-15,desktop,organic_search,Paris,5,4,120.2
977,2026-06-09,desktop,paid_search,Amsterdam,7,5,177.3
978,2026-01-11,tablet,organic_search,Paris,2,11,37.2
979,2026-05-18,desktop,organic_search,Barcelona,4,7,178.5
980,2026-06-21,mobile,organic_search,Cologne,1,3,46.8
981,2026-08-11,mobile,direct,Hamburg,5,3,179.2
982,2026-05-28,mobile,organic_search,Salzburg,7,17,175.1
983,2026-05-16,mobile,affiliate,Hamburg,2,12,250.1
984,2026-02-08,mobile,affiliate,Amsterdam,7,6,421.2
985,2026-07-22,mobile,paid_search,Vienna,7,21,53.8
986,2026-04-09,desktop,direct,Salzburg,6,11,162.3
987,2026-08-03,mobile,organic_search,Munich,6,15,68.1
988,2026-02-12,mobile,paid_search,Cologne,1,9,30.7
989,2026-07-10,mobile,paid_search,Amsterdam,7,8,123.2
990,2026-03-14,desktop,email,Amsterdam,3,24,147.4
991,2026-02-06,mobile,paid_search,Rome,6,11,72.0
992,2026-08-10,mobile,organic_search,Barcelona,5,21,41.4
993,2026-07-07,desktop,direct,Paris,4,5,124.9
994,2026-07-29,mobile,direct,Hamburg,7,8,40.4
995,2026-07-10,mobile,paid_search,Cologne,3,11,78.3
996,2026-05-22,mobile,direct,Salzburg,1,11,148.0
997,2026-06-13,tablet,direct,Salzburg,7,11,118.1
998,2026-01-13,mobile,organic_search,Vienna,7,12,162.9
999,2026-03-31,mobile,organic_search,Hamburg,3,8,50.2
1000,2026-03-21,desktop,direct,Hamburg,6,18,78.5
1001,2026-03-11,mobile,direct,Frankfurt,7,7,58.1
1002,2026-03-27,tablet,organic_search,Paris,2,19,95.2
1003,2026-06-07,mobile,organic_search,Cologne,2,7,50.8
1004,2026-05-31,tablet,organic_search,Salzburg,6,15,78.6
1005,2026-06-26,desktop,affiliate,Salzburg,5,6,92.1
1006,2026-04-14,mobile,paid_search,Frankfurt,1,16,233.4
1007,2026-08-11,desktop,paid_search,Cologne,4,6,64.5
1008,2026-05-05,mobile,organic_search,Salzburg,1,10,111.5
1009,2026-03-24,mobile,paid_search,Berlin,2,24,223.0
1010,2026-08-04,mobile,affiliate,Paris,7,6,23.7
1011,2026-03-11,mobile,email,Cologne,2,17,130.5
1012,2026-07-19,mobile,paid_search,Barcelona,3,24,129.7
1013,2026-06-29,desktop,email,Munich,6,17,102.7
1014,2026-08-19,mobile,paid_search,Barcelona,4,12,85.7
1015,2026-08-25,desktop,direct,Berlin,3,11,210.4
1016,2026-02-03,mobile,paid_search,Frankfurt,7,11,119.0
1017,2026-03-12,desktop,direct,Vienna,5,6,104.7
1018,2026-05-01,mobile,direct,Paris,4,12,100.4
1019,2026-03-08,mobile,organic_search,Zurich,4,13,66.7
1020,2026-02-07,mobile,email,Zurich,1,12,57.4
1021,2026-08-05,tablet,organic_search,Rome,2,11,62.0
1022,2026-01-01,mobile,direct,Rome,7,24,76.7
1023,2026-03-06,desktop,affiliate,Hamburg,2,8,79.8
1024,2026-07-28,mobile,organic_search,Frankfurt,6,21,10.5
1025,2026-04-11,mobile,affiliate,Berlin,3,19,135.5
1026,2026-03-07,tablet,direct,Barcelona,3,19,27.9
1027,2026-08-29,mobile,direct,Amsterdam,2,8,105.9
1028,2026-06-11,mobile,organic_search,Berlin,1,23,45.0
1029,2026-07-13,desktop,paid_search,Salzburg,1,18,107.3
1030,2026-03-28,mobile,paid_search,Rome,1,3,257.3
1031,2026-03-02,mobile,email,Rome,1,5,28.7
1032,2026-04-15,mobile,paid_search,Frankfurt,6,17,99.6
1033,2026-08-19,desktop,paid_search,Vienna,6,13,96.0
1034,2026-05-24,tablet,paid_search,Cologne,3,15,32.9
1035,2026-07-24,mobile,affiliate,Rome,2,17,220.9
1036,2026-08-17,desktop,direct,Cologne,3,14,34.3
1037,2026-08-24,desktop,paid_search,Berlin,7,18,20.4
1038,2026-08-16,desktop,direct,Barcelona,6,6,59.4
1039,2026-04-08,desktop,organic_search,Paris,1,24,227.0
1040,2026-08-18,desktop,email,Munich,6,13,105.5
1041,2026-06-11,mobile,direct,Frankfurt,6,12,212.6
1042,2026-08-08,mobile,organic_search,Barcelona,3,24,123.5
1043,2026-04-03,mobile,organic_search,Rome,3,11,155.7
1044,2026-01-03,mobile,paid_search,Berlin,6,17,35.5
1045,2026-04-17,mobile,direct,Berlin,5,19,15.5
1046,2026-03-14,mobile,paid_search,Paris,5,15,145.7
1047,2026-06-12,mobile,affiliate,Hamburg,5,4,52.0
1048,2026-05-30,mobile,paid_search,Berlin,1,8,18.6
1049,2026-04-11,mobile,email,Zurich,2,13,138.7
1050,2026-06-11,mobile,organic_search,Cologne,6,17,123.9
1051,2026-04-12,mobile,paid_search,Berlin,2,22,279.9
1052,2026-06-28,tablet,affiliate,Vienna,1,6,70.2
1053,2026-05-12,mobile,paid_search,Salzburg,6,8,82.3
1054,2026-03-10,tablet,direct,Zurich,6,15,144.7
1055,2026-01-26,tablet,direct,Cologne,2,14,279.6
1056,2026-01-25,desktop,paid_search,Paris,7,5,197.9
1057,2026-08-27,mobile,email,Salzburg,1,6,36.5
1058,2026-07-10,mobile,paid_search,Berlin,5,13,72.7
1059,2026-07-20,mobile,paid_search,Amsterdam,5,23,108.1
1060,2026-06-04,mobile,direct,Frankfurt,3,4,92.4
1061,2026-04-27,mobile,organic_search,Zurich,2,21,39.7
1062,2026-07-20,mobile,affiliate,Amsterdam,1,21,261.5
1063,2026-07-02,mobile,organic_search,Amsterdam,6,19,72.3
1064,2026-03-04,mobile,email,Hamburg,7,6,23.8
1065,2026-08-30,desktop,paid_search,Frankfurt,4,6,76.2
1066,2026-01-28,mobile,direct,Paris,3,10,160.0
1067,2026-05-05,mobile,affiliate,Amsterdam,3,14,220.1
1068,2026-01-28,mobile,affiliate,Berlin,6,17,56.3
1069,2026-06-25,mobile,email,Salzburg,1,7,97.6
1070,2026-04-03,mobile,direct,Barcelona,7,21,93.2
1071,2026-01-21,mobile,paid_search,Salzburg,3,23,97.4
1072,2026-07-14,mobile,organic_search,Amsterdam,7,22,255.8
1073,2026-08-20,tablet,paid_search,Zurich,2,23,37.7
1074,2026-03-26,mobile,paid_search,Barcelona,3,24,333.6
1075,2026-02-10,desktop,organic_search,Salzburg,6,19,14.2
1076,2026-03-15,mobile,direct,Paris,2,4,81.2
1077,2026-07-13,desktop,paid_search,Vienna,4,17,214.2
1078,2026-07-27,mobile,direct,Zurich,3,18,239.0
1079,2026-04-29,desktop,direct,Cologne,7,8,203.6
1080,2026-05-12,mobile,email,Barcelona,3,3,71.8
1081,2026-06-05,desktop,paid_search,Zurich,1,4,236.8
1082,2026-03-30,tablet,paid_search,Munich,6,20,250.7
1083,2026-05-25,mobile,direct,Cologne,4,21,196.8
1084,2026-01-15,mobile,paid_search,Zurich,2,4,19.7
1085,2026-04-11,desktop,direct,Berlin,2,8,45.2
1086,2026-06-25,mobile,paid_search,Paris,1,15,120.1
1087,2026-08-19,mobile,direct,Berlin,4,8,183.2
1088,2026-08-05,mobile,affiliate,Munich,2,15,40.0
1089,2026-03-17,tablet,organic_search,Rome,2,8,67.0
1090,2026-02-20,tablet,direct,Hamburg,2,14,84.8
1091,2026-02-25,mobile,email,Rome,3,10,94.9
1092,2026-02-22,desktop,direct,Frankfurt,4,4,122.3
1093,2026-08-05,mobile,paid_search,Paris,5,10,150.6
1094,2026-01-08,mobile,direct,Cologne,6,18,10.9
1095,2026-03-13,mobile,paid_search,Vienna,6,8,149.2
1096,2026-06-04,mobile,paid_search,Rome,6,9,161.1
1097,2026-01-27,mobile,affiliate,Cologne,4,5,74.0
1098,2026-04-03,desktop,paid_search,Cologne,6,5,180.3
1099,2026-02-07,mobile,affiliate,Paris,3,20,60.9
1100,2026-03-11,mobile,direct,Munich,2,3,188.1
1101,2026-03-28,desktop,paid_search,Zurich,3,23,98.4
1102,2026-06-11,mobile,affiliate,Frankfurt,3,24,49.5
1103,2026-08-01,mobile,organic_search,Rome,4,6,188.5
1104,2026-08-27,mobile,affiliate,Salzburg,7,19,181.9
1105,2026-06-10,mobile,direct,Frankfurt,4,15,219.7
1106,2026-06-28,mobile,paid_search,Frankfurt,7,21,134.3
1107,2026-01-31,mobile,paid_search,Barcelona,6,12,112.5
1108,2026-06-02,mobile,affiliate,Munich,2,4,56.0
1109,2026-05-10,desktop,email,Barcelona,7,12,39.0
1110,2026-08-25,mobile,paid_search,Munich,2,4,290.3
1111,2026-05-31,tablet,email,Zurich,2,19,19.4
1112,2026-07-12,mobile,paid_search,Frankfurt,1,10,126.7
1113,2026-07-15,mobile,direct,Hamburg,7,19,33.1
1114,2026-01-30,desktop,direct,Cologne,2,18,128.7
1115,2026-05-17,tablet,organic_search,Barcelona,5,4,196.3
1116,2026-08-05,desktop,organic_search,Rome,3,15,142.3
1117,2026-03-25,desktop,direct,Vienna,3,22,31.2
1118,2026-07-10,desktop,organic_search,Berlin,4,18,85.7
1119,2026-08-30,desktop,email,Barcelona,2,3,128.4
1120,2026-08-25,mobile,paid_search,Munich,3,13,35.6
1121,2026-03-04,mobile,organic_search,Salzburg,5,12,93.8
1122,2026-03-21,mobile,direct,Rome,4,3,100.9
1123,2026-08-22,desktop,direct,Munich,5,5,55.3
1124,2026-04-06,mobile,direct,Frankfurt,7,17,81.7
1125,2026-02-20,mobile,affiliate,Vienna,7,17,161.0
1126,2026-05-29,mobile,direct,Hamburg,2,14,92.0
1127,2026-05-06,desktop,direct,Frankfurt,3,12,181.5
1128,2026-01-01,mobile,paid_search,Frankfurt,1,8,170.9
1129,2026-01-27,mobile,direct,Paris,4,6,185.3
1130,2026-05-31,mobile,paid_search,Berlin,5,19,95.6
1131,2026-08-05,mobile,paid_search,Rome,5,10,148.9
1132,2026-06-07,desktop,direct,Rome,1,18,181.8
1133,2026-04-29,mobile,direct,Cologne,6,8,136.4
1134,2026-08-30,mobile,organic_search,Barcelona,2,12,199.9
1135,2026-08-02,tablet,paid_search,Zurich,6,17,15.8
1136,2026-04-02,mobile,organic_search,Paris,3,18,274.2
1137,2026-07-19,mobile,paid_search,Vienna,6,17,119.1
1138,2026-08-07,mobile,paid_search,Cologne,2,17,148.1
1139,2026-02-15,mobile,organic_search,Zurich,3,15,402.2
1140,2026-06-01,mobile,paid_search,Vienna,3,22,195.2
1141,2026-01-15,mobile,organic_search,Vienna,4,20,62.7
1142,2026-05-16,mobile,email,Hamburg,4,3,187.8
1143,2026-08-10,tablet,paid_search,Frankfurt,4,3,319.3
1144,2026-08-06,mobile,organic_search,Vienna,5,20,133.1
1145,2026-05-17,mobile,paid_search,Barcelona,7,17,90.4
1146,2026-05-23,tablet,direct,Rome,1,6,266.9
1147,2026-07-26,desktop,affiliate,Paris,4,17,139.0
1148,2026-01-01,mobile,email,Hamburg,7,7,54.0
1149,2026-06-16,mobile,paid_search,Berlin,1,13,83.5
1150,2026-03-18,mobile,direct,Cologne,6,5,133.1
1151,2026-07-06,desktop,affiliate,Berlin,6,21,23.0
1152,2026-01-29,mobile,organic_search,Paris,6,3,204.8
1153,2026-04-27,desktop,email,Salzburg,3,4,58.8
1154,2026-07-03,mobile,email,Amsterdam,5,24,104.7
1155,2026-06-27,mobile,affiliate,Amsterdam,4,19,207.9
1156,2026-06-28,mobile,affiliate,Munich,3,8,183.4
1157,2026-08-11,desktop,organic_search,Rome,6,9,146.7
1158,2026-03-29,mobile,paid_search,Paris,4,5,30.0
1159,2026-06-21,mobile,organic_search,Cologne,7,3,143.7
1160,2026-07-16,mobile,organic_search,Salzburg,6,4,60.7
1161,2026-08-14,desktop,direct,Vienna,6,3,70.8
1162,2026-02-23,mobile,email,Cologne,5,20,168.9
1163,2026-02-28,mobile,paid_search,Barcelona,2,8,47.0
1164,2026-04-16,mobile,direct,Barcelona,5,13,151.0
1165,2026-07-14,desktop,organic_search,Frankfurt,2,15,256.1
1166,2026-08-01,desktop,paid_search,Rome,2,18,97.1
1167,2026-05-09,mobile,organic_search,Berlin,7,16,233.2
1168,2026-06-25,desktop,direct,Cologne,2,13,89.9
1169,2026-01-15,desktop,organic_search,Rome,2,5,66.8
1170,2026-07-02,mobile,organic_search,Salzburg,4,12,72.6
1171,2026-06-06,mobile,paid_search,Cologne,1,9,175.7
1172,2026-03-21,mobile,paid_search,Zurich,7,9,94.4
1173,2026-06-01,desktop,direct,Paris,7,5,74.8
1174,2026-08-18,desktop,paid_search,Cologne,5,7,278.3
1175,2026-08-28,mobile,paid_search,Cologne,4,21,259.7
1176,2026-06-05,mobile,organic_search,Munich,4,15,100.2
1177,2026-06-07,desktop,direct,Zurich,1,21,90.6
1178,2026-06-08,desktop,organic_search,Vienna,3,20,22.8
1179,2026-02-01,mobile,paid_search,Paris,5,7,85.9
1180,2026-03-25,mobile,organic_search,Munich,5,24,21.6
1181,2026-08-28,mobile,affiliate,Cologne,3,22,138.5
1182,2026-01-16,mobile,direct,Barcelona,5,18,20.4
1183,2026-03-18,tablet,organic_search,Vienna,4,4,98.5
1184,2026-08-07,desktop,direct,Vienna,4,19,105.4
1185,2026-06-18,mobile,email,Vienna,5,14,125.1
1186,2026-04-06,tablet,direct,Amsterdam,7,22,525.5
1187,2026-05-25,mobile,paid_search,Salzburg,7,18,21.6
1188,2026-07-03,desktop,paid_search,Munich,5,3,291.0
1189,2026-03-28,desktop,direct,Frankfurt,1,11,237.5
1190,2026-08-13,mobile,organic_search,Zurich,2,4,123.8
1191,2026-04-09,tablet,organic_search,Salzburg,2,5,270.3
1192,2026-08-02,desktop,affiliate,Zurich,7,3,268.1
1193,2026-06-08,mobile,direct,Zurich,6,19,195.2
1194,2026-01-12,mobile,organic_search,Munich,3,8,56.4
1195,2026-07-30,mobile,direct,Cologne,1,20,70.0
1196,2026-01-28,desktop,email,Berlin,3,19,179.4
1197,2026-08-18,mobile,direct,Zurich,7,10,62.2
1198,2026-01-04,mobile,direct,Cologne,1,17,48.7
1199,2026-08-28,mobile,paid_search,Hamburg,3,3,147.6
1200,2026-04-24,mobile,direct,Amsterdam,1,7,83.2
1201,2026-01-29,mobile,email,Cologne,5,23,37.1
1202,2026-02-20,mobile,paid_search,Hamburg,7,3,36.5
1203,2026-02-15,desktop,direct,Berlin,2,4,234.6
1204,2026-05-11,mobile,direct,Cologne,3,17,279.6
1205,2026-02-19,desktop,organic_search,Rome,3,8,28.4
1206,2026-07-12,mobile,organic_search,Cologne,1,9,170.7
1207,2026-08-24,mobile,email,Vienna,4,12,280.6
1208,2026-03-14,desktop,paid_search,Vienna,2,24,122.1
1209,2026-01-24,mobile,paid_search,Cologne,7,12,14.1
1210,2026-01-13,mobile,paid_search,Amsterdam,3,11,98.7
1211,2026-06-18,mobile,paid_search,Amsterdam,3,14,147.5
1212,2026-07-02,mobile,organic_search,Berlin,5,15,84.0
1213,2026-08-20,mobile,paid_search,Frankfurt,7,7,400.8
1214,2026-02-03,tablet,paid_search,Barcelona,1,4,112.0
1215,2026-05-20,mobile,email,Vienna,2,11,235.4
1216,2026-02-17,desktop,organic_search,Munich,7,14,104.8
1217,2026-01-02,mobile,paid_search,Frankfurt,1,23,255.0
1218,2026-04-14,mobile,paid_search,Frankfurt,2,9,43.2
1219,2026-01-16,desktop,email,Cologne,6,22,40.8
1220,2026-02-08,desktop,direct,Hamburg,7,12,22.4
1221,2026-06-21,mobile,organic_search,Paris,5,5,4.3
1222,2026-02-21,mobile,paid_search,Amsterdam,5,3,119.0
1223,2026-04-07,mobile,organic_search,Berlin,1,20,40.1
1224,2026-08-19,desktop,organic_search,Rome,1,14,39.6
1225,2026-05-03,desktop,organic_search,Cologne,1,15,123.8
1226,2026-02-03,desktop,paid_search,Cologne,2,20,224.6
1227,2026-01-11,mobile,email,Zurich,6,3,196.4
1228,2026-04-08,mobile,email,Paris,3,4,28.8
1229,2026-08-06,desktop,paid_search,Vienna,2,20,96.7
1230,2026-01-10,desktop,organic_search,Paris,2,12,41.6
1231,2026-08-08,mobile,paid_search,Vienna,4,6,111.7
1232,2026-04-26,mobile,direct,Salzburg,3,19,236.4
1233,2026-05-26,mobile,paid_search,Salzburg,6,8,53.0
1234,2026-05-13,desktop,email,Paris,6,14,144.9
1235,2026-04-26,desktop,paid_search,Barcelona,4,4,220.3
1236,2026-03-17,tablet,paid_search,Zurich,7,9,143.1
1237,2026-04-06,desktop,paid_search,Munich,7,19,210.7
1238,2026-06-26,mobile,direct,Hamburg,1,3,119.8
1239,2026-02-17,mobile,paid_search,Berlin,1,18,132.3
1240,2026-07-12,mobile,organic_search,Frankfurt,2,3,91.3
1241,2026-08-16,mobile,affiliate,Frankfurt,3,21,21.7
1242,2026-05-02,desktop,direct,Berlin,4,22,62.1
1243,2026-04-29,mobile,direct,Vienna,2,14,325.9
1244,2026-07-15,mobile,organic_search,Hamburg,5,20,173.6
1245,2026-01-27,mobile,affiliate,Barcelona,3,12,67.3
1246,2026-07-08,tablet,paid_search,Vienna,1,17,237.7
1247,2026-07-11,desktop,organic_search,Berlin,6,15,136.0
1248,2026-03-25,mobile,paid_search,Amsterdam,6,14,34.8
1249,2026-08-24,desktop,paid_search,Zurich,7,3,99.8
1250,2026-05-01,tablet,organic_search,Amsterdam,7,16,61.0
1251,2026-03-10,desktop,paid_search,Frankfurt,2,20,80.0
1252,2026-03-03,mobile,organic_search,Paris,2,24,182.3
1253,2026-06-16,mobile,paid_search,Vienna,3,21,15.3
1254,2026-08-12,desktop,paid_search,Zurich,7,11,63.2
1255,2026-08-30,mobile,paid_search,Salzburg,4,4,45.9
1256,2026-08-07,mobile,organic_search,Salzburg,7,3,17.1
1257,2026-01-28,mobile,affiliate,Hamburg,2,23,57.9
1258,2026-06-24,mobile,organic_search,Vienna,3,18,195.9
1259,2026-07-16,mobile,paid_search,Hamburg,2,12,98.5
1260,2026-02-22,mobile,direct,Hamburg,3,4,33.4
1261,2026-05-01,mobile,email,Barcelona,6,8,231.9
1262,2026-01-13,mobile,direct,Barcelona,3,7,23.1
1263,2026-06-11,tablet,organic_search,Barcelona,7,3,214.5
1264,2026-05-25,mobile,direct,Zurich,2,8,103.3
1265,2026-02-13,desktop,paid_search,Cologne,1,24,97.9
1266,2026-02-12,mobile,direct,Munich,4,23,288.1
1267,2026-02-22,desktop,paid_search,Zurich,7,17,94.5
1268,2026-06-02,mobile,organic_search,Rome,2,9,108.6
1269,2026-05-15,desktop,paid_search,Salzburg,6,16,122.4
1270,2026-05-05,mobile,organic_search,Cologne,7,7,237.1
1271,2026-03-02,mobile,direct,Zurich,3,6,121.7
1272,2026-07-11,desktop,paid_search,Munich,1,8,66.3
1273,2026-05-25,desktop,email,Rome,5,20,89.2
1274,2026-03-15,mobile,paid_search,Frankfurt,6,21,16.5
1275,2026-01-22,mobile,organic_search,Zurich,4,15,62.5
1276,2026-07-27,desktop,direct,Amsterdam,5,22,197.8
1277,2026-07-09,tablet,email,Rome,2,10,27.9
1278,2026-03-15,desktop,organic_search,Frankfurt,3,3,148.9
1279,2026-03-08,mobile,direct,Vienna,1,16,19.4
1280,2026-08-24,desktop,direct,Frankfurt,4,19,112.8
1281,2026-06-28,desktop,direct,Berlin,5,6,152.9
1282,2026-02-04,mobile,paid_search,Cologne,6,5,106.4
1283,2026-02-09,mobile,direct,Munich,1,12,271.3
1284,2026-05-09,mobile,paid_search,Amsterdam,6,17,95.1
1285,2026-07-13,mobile,paid_search,Zurich,6,6,86.1
1286,2026-01-13,mobile,organic_search,Munich,6,17,110.4
1287,2026-01-04,mobile,paid_search,Frankfurt,5,5,161.5
1288,2026-05-27,desktop,direct,Berlin,6,9,186.8
1289,2026-02-11,mobile,organic_search,Vienna,5,24,161.0
1290,2026-05-15,desktop,organic_search,Hamburg,2,4,390.8
1291,2026-03-23,mobile,organic_search,Amsterdam,4,9,108.9
1292,2026-07-24,tablet,organic_search,Paris,2,9,310.5
1293,2026-07-08,desktop,paid_search,Zurich,5,3,66.7
1294,2026-02-03,desktop,email,Munich,6,17,92.3
1295,2026-01-08,mobile,organic_search,Amsterdam,7,7,155.1
1296,2026-04-14,mobile,direct,Salzburg,5,11,55.7
1297,2026-06-29,desktop,direct,Berlin,4,11,91.2
1298,2026-04-29,desktop,paid_search,Berlin,2,21,266.2
1299,2026-02-26,mobile,organic_search,Paris,2,3,203.6
1300,2026-01-12,mobile,organic_search,Amsterdam,2,12,35.2
1301,2026-08-30,mobile,organic_search,Frankfurt,6,16,168.0
1302,2026-08-03,desktop,paid_search,Berlin,4,21,86.6
1303,2026-03-11,desktop,paid_search,Amsterdam,3,14,23.7
1304,2026-04-29,mobile,paid_search,Vienna,4,6,130.7
1305,2026-02-05,desktop,paid_search,Frankfurt,7,10,239.0
1306,2026-04-05,desktop,email,Berlin,3,9,333.0
1307,2026-06-15,desktop,organic_search,Hamburg,4,22,29.1
1308,2026-06-02,desktop,email,Hamburg,3,17,5.0
1309,2026-03-08,mobile,organic_search,Salzburg,2,8,212.1
1310,2026-03-26,desktop,paid_search,Zurich,4,18,205.9
1311,2026-05-11,mobile,direct,Munich,1,5,90.1
1312,2026-05-08,desktop,direct,Paris,1,20,196.5
1313,2026-07-06,mobile,direct,Berlin,3,5,179.2
1314,2026-04-29,desktop,direct,Amsterdam,6,4,85.2
1315,2026-07-13,mobile,organic_search,Cologne,4,20,65.1
1316,2026-03-05,mobile,paid_search,Paris,4,14,91.9
1317,2026-02-23,mobile,paid_search,Vienna,1,10,36.2
1318,2026-08-19,desktop,affiliate,Zurich,1,7,69.6
1319,2026-02-20,mobile,affiliate,Hamburg,7,22,78.6
1320,2026-07-18,mobile,organic_search,Frankfurt,4,17,171.7
1321,2026-03-07,desktop,direct,Paris,5,4,37.3
1322,2026-01-26,desktop,organic_search,Rome,3,8,63.1
1323,2026-04-06,desktop,direct,Berlin,6,14,138.9
1324,2026-01-25,mobile,organic_search,Amsterdam,6,16,76.8
1325,2026-06-30,mobile,direct,Rome,1,9,33.3
1326,2026-08-29,mobile,organic_search,Zurich,4,4,109.2
1327,2026-05-12,desktop,direct,Vienna,3,23,108.8
1328,2026-08-25,desktop,paid_search,Vienna,6,22,282.3
1329,2026-08-01,mobile,direct,Barcelona,3,13,18.2
1330,2026-08-19,desktop,organic_search,Rome,2,9,214.9
1331,2026-06-19,desktop,email,Rome,5,8,46.3
1332,2026-03-23,desktop,direct,Salzburg,3,7,275.8
1333,2026-05-29,mobile,paid_search,Zurich,4,3,159.3
1334,2026-03-04,desktop,paid_search,Amsterdam,2,24,364.1
1335,2026-05-06,mobile,organic_search,Vienna,2,13,96.5
1336,2026-07-04,mobile,direct,Berlin,7,8,8.5
1337,2026-04-10,mobile,organic_search,Zurich,6,6,144.7
1338,2026-04-27,mobile,direct,Barcelona,3,13,62.6
1339,2026-03-25,mobile,direct,Paris,5,4,136.6
1340,2026-01-18,mobile,organic_search,Cologne,4,21,48.9
1341,2026-02-12,mobile,organic_search,Berlin,3,6,102.7
1342,2026-02-10,mobile,affiliate,Zurich,2,23,118.3
1343,2026-03-07,mobile,direct,Salzburg,7,14,155.4
1344,2026-01-16,tablet,direct,Amsterdam,1,12,102.9
1345,2026-08-07,desktop,direct,Vienna,1,8,30.7
1346,2026-07-10,mobile,organic_search,Amsterdam,4,16,221.6
1347,2026-07-20,desktop,email,Barcelona,4,12,29.5
1348,2026-05-13,mobile,paid_search,Hamburg,5,9,22.3
1349,2026-01-02,mobile,organic_search,Munich,6,14,72.5
1350,2026-02-09,desktop,direct,Barcelona,7,3,42.6
1351,2026-02-24,mobile,email,Zurich,5,4,143.5
1352,2026-06-27,mobile,direct,Munich,7,24,94.9
1353,2026-07-15,desktop,direct,Cologne,4,15,204.7
1354,2026-06-14,desktop,organic_search,Salzburg,7,22,151.9
1355,2026-05-22,mobile,organic_search,Barcelona,1,12,153.1
1356,2026-03-30,mobile,email,Salzburg,5,22,59.7
1357,2026-01-18,desktop,direct,Berlin,1,15,52.4
1358,2026-02-26,desktop,email,Barcelona,6,16,9.0
1359,2026-07-15,mobile,affiliate,Rome,5,18,175.1
1360,2026-05-29,mobile,paid_search,Berlin,3,8,209.9
1361,2026-07-02,mobile,direct,Berlin,4,18,146.5
1362,2026-08-09,mobile,paid_search,Munich,7,4,21.6
1363,2026-03-10,desktop,paid_search,Rome,3,18,75.8
1364,2026-05-27,mobile,paid_search,Paris,7,13,38.8
1365,2026-06-30,desktop,affiliate,Vienna,3,4,112.9
1366,2026-07-04,mobile,affiliate,Vienna,7,8,22.5
1367,2026-08-03,mobile,paid_search,Paris,2,22,147.2
1368,2026-08-13,mobile,organic_search,Hamburg,1,13,202.4
1369,2026-06-06,desktop,email,Berlin,4,20,30.7
1370,2026-07-24,mobile,email,Rome,7,19,57.2
1371,2026-06-29,tablet,paid_search,Paris,3,22,6.0
1372,2026-03-16,mobile,paid_search,Barcelona,3,19,90.2
1373,2026-01-12,desktop,organic_search,Salzburg,1,6,120.6
1374,2026-08-09,mobile,paid_search,Paris,4,16,168.8
1375,2026-05-17,desktop,organic_search,Berlin,7,15,67.6
1376,2026-05-12,mobile,paid_search,Rome,3,24,117.6
1377,2026-07-02,desktop,organic_search,Paris,4,23,60.7
1378,2026-02-01,desktop,paid_search,Salzburg,3,15,122.0
1379,2026-04-22,mobile,organic_search,Cologne,2,23,43.6
1380,2026-06-27,mobile,email,Hamburg,2,23,104.2
1381,2026-04-08,mobile,organic_search,Hamburg,5,11,122.7
1382,2026-06-16,mobile,paid_search,Munich,4,10,128.1
1383,2026-05-17,desktop,organic_search,Berlin,6,21,70.2
1384,2026-03-30,mobile,paid_search,Salzburg,2,17,221.7
1385,2026-06-13,mobile,paid_search,Salzburg,3,13,43.5
1386,2026-04-20,mobile,organic_search,Munich,5,23,37.1
1387,2026-07-17,desktop,direct,Amsterdam,7,4,67.1
1388,2026-01-15,mobile,paid_search,Salzburg,1,16,66.9
1389,2026-07-17,mobile,organic_search,Cologne,5,24,25.2
1390,2026-07-05,mobile,affiliate,Rome,1,21,68.0
1391,2026-06-20,mobile,direct,Amsterdam,2,9,255.7
1392,2026-03-05,mobile,direct,Frankfurt,1,21,10.6
1393,2026-08-27,mobile,affiliate,Rome,5,9,9.7
1394,2026-06-07,tablet,direct,Paris,5,3,95.8
1395,2026-05-11,mobile,paid_search,Vienna,5,22,38.7
1396,2026-02-27,desktop,affiliate,Zurich,7,22,103.0
1397,2026-04-18,mobile,direct,Paris,7,19,174.2
1398,2026-04-19,mobile,organic_search,Vienna,4,22,183.9
1399,2026-03-22,desktop,organic_search,Munich,7,11,131.5
1400,2026-03-17,tablet,organic_search,Frankfurt,1,6,77.9
1401,2026-01-31,mobile,paid_search,Amsterdam,5,20,78.6
1402,2026-06-24,mobile,organic_search,Paris,6,11,25.1
1403,2026-02-23,mobile,paid_search,Amsterdam,5,3,81.0
1404,2026-04-25,mobile,paid_search,Paris,3,10,98.5
1405,2026-03-16,desktop,paid_search,Salzburg,2,15,5.0
1406,2026-08-25,tablet,paid_search,Amsterdam,1,16,55.1
1407,2026-05-03,desktop,paid_search,Munich,6,8,171.6
1408,2026-03-11,mobile,affiliate,Rome,1,10,51.3
1409,2026-08-30,desktop,paid_search,Salzburg,6,15,33.6
1410,2026-07-20,tablet,affiliate,Berlin,7,21,338.8
1411,2026-07-07,desktop,email,Munich,7,10,156.5
1412,2026-02-04,desktop,paid_search,Amsterdam,2,11,67.7
1413,2026-08-03,mobile,organic_search,Munich,2,18,60.2
1414,2026-02-11,mobile,email,Zurich,6,6,242.3
1415,2026-02-13,mobile,organic_search,Salzburg,4,16,270.0
1416,2026-03-28,mobile,organic_search,Vienna,2,6,145.0
1417,2026-01-06,mobile,email,Zurich,7,18,113.4
1418,2026-01-08,mobile,direct,Amsterdam,4,23,38.8
1419,2026-01-01,desktop,organic_search,Barcelona,6,18,32.4
1420,2026-03-18,desktop,organic_search,Salzburg,3,15,168.3
1421,2026-05-02,desktop,direct,Hamburg,3,19,78.3
1422,2026-01-26,mobile,organic_search,Rome,7,15,177.3
1423,2026-01-29,mobile,direct,Paris,1,24,114.3
1424,2026-05-06,tablet,paid_search,Hamburg,4,5,140.0
1425,2026-02-15,tablet,email,Salzburg,7,12,116.9
1426,2026-04-28,tablet,direct,Vienna,7,15,186.1
1427,2026-02-12,tablet,affiliate,Zurich,5,19,122.5
1428,2026-06-26,mobile,email,Berlin,1,10,22.1
1429,2026-06-22,desktop,paid_search,Hamburg,6,7,157.2
1430,2026-08-14,mobile,paid_search,Munich,2,9,59.3
1431,2026-08-19,mobile,affiliate,Barcelona,1,24,234.5
1432,2026-06-27,mobile,organic_search,Zurich,5,17,110.8
1433,2026-01-30,desktop,paid_search,Zurich,5,21,238.6
1434,2026-05-12,mobile,paid_search,Cologne,2,18,213.2
1435,2026-01-26,mobile,paid_search,Hamburg,7,5,151.2
1436,2026-06-13,desktop,organic_search,Munich,5,18,131.7
1437,2026-03-21,mobile,organic_search,Salzburg,5,20,59.4
1438,2026-04-28,desktop,paid_search,Barcelona,2,23,184.6
1439,2026-06-04,desktop,email,Frankfurt,3,15,59.9
1440,2026-04-08,mobile,paid_search,Paris,4,10,99.2
1441,2026-03-31,mobile,organic_search,Paris,3,11,102.0
1442,2026-04-19,mobile,organic_search,Berlin,5,18,103.5
1443,2026-03-09,desktop,direct,Paris,1,5,41.5
1444,2026-02-24,desktop,organic_search,Barcelona,5,20,46.6
1445,2026-01-28,mobile,organic_search,Zurich,1,16,19.4
1446,2026-01-15,desktop,organic_search,Hamburg,6,12,162.9
1447,2026-04-21,mobile,direct,Frankfurt,3,14,45.3
1448,2026-06-07,mobile,email,Barcelona,7,3,54.0
1449,2026-01-09,desktop,paid_search,Vienna,4,21,76.1
1450,2026-04-27,desktop,organic_search,Rome,3,23,40.1
1451,2026-06-02,mobile,organic_search,Cologne,7,11,196.0
1452,2026-07-27,desktop,organic_search,Cologne,5,17,349.5
1453,2026-07-19,mobile,paid_search,Barcelona,7,14,8.8
1454,2026-05-13,mobile,direct,Munich,2,6,136.1
1455,2026-08-23,mobile,affiliate,Salzburg,1,12,27.1
1456,2026-08-03,mobile,organic_search,Frankfurt,7,20,116.2
1457,2026-03-19,mobile,paid_search,Salzburg,3,4,161.5
1458,2026-04-19,tablet,direct,Munich,6,15,13.3
1459,2026-07-19,mobile,paid_search,Berlin,1,13,156.5
1460,2026-06-22,tablet,organic_search,Barcelona,1,13,280.2
1461,2026-05-03,mobile,organic_search,Munich,3,24,216.1
1462,2026-04-30,mobile,paid_search,Frankfurt,6,11,19.4
1463,2026-03-06,mobile,direct,Hamburg,5,3,316.1
1464,2026-05-06,desktop,direct,Amsterdam,1,15,340.2
1465,2026-01-24,mobile,email,Vienna,3,19,76.6
1466,2026-07-14,mobile,organic_search,Paris,3,21,20.8
1467,2026-04-19,mobile,paid_search,Vienna,6,12,161.0
1468,2026-04-07,desktop,paid_search,Cologne,1,11,129.3
1469,2026-07-29,desktop,organic_search,Rome,1,6,213.9
1470,2026-08-30,desktop,direct,Barcelona,3,8,62.9
1471,2026-08-18,mobile,paid_search,Barcelona,5,17,119.5
1472,2026-07-27,tablet,direct,Vienna,6,15,132.1
1473,2026-04-22,mobile,paid_search,Zurich,7,11,98.7
1474,2026-07-03,mobile,organic_search,Cologne,6,23,67.8
1475,2026-07-07,mobile,organic_search,Berlin,2,24,188.5
1476,2026-06-07,desktop,paid_search,Munich,3,17,28.7
1477,2026-02-21,desktop,organic_search,Salzburg,7,14,94.6
1478,2026-03-02,desktop,direct,Hamburg,4,18,70.3
1479,2026-06-30,mobile,direct,Paris,6,12,230.5
1480,2026-01-03,mobile,direct,Berlin,6,7,61.5
1481,2026-01-06,mobile,organic_search,Vienna,3,24,32.5
1482,2026-06-15,tablet,email,Salzburg,4,21,218.3
1483,2026-04-12,mobile,paid_search,Salzburg,3,9,127.7
1484,2026-08-09,desktop,direct,Salzburg,7,3,237.5
1485,2026-07-06,mobile,affiliate,Berlin,1,24,181.0
1486,2026-03-02,mobile,paid_search,Zurich,2,24,75.1
1487,2026-03-30,desktop,email,Cologne,5,20,91.2
1488,2026-03-04,desktop,paid_search,Cologne,5,15,431.9
1489,2026-01-25,desktop,email,Zurich,4,15,103.0
1490,2026-03-13,mobile,affiliate,Barcelona,4,4,428.4
1491,2026-08-23,mobile,organic_search,Rome,2,11,127.6
1492,2026-08-29,mobile,paid_search,Rome,2,9,52.2
1493,2026-03-14,desktop,email,Barcelona,4,4,78.6
1494,2026-05-07,mobile,paid_search,Vienna,1,4,47.1
1495,2026-01-11,desktop,direct,Rome,7,23,141.8
1496,2026-02-13,desktop,organic_search,Rome,7,5,128.3
1497,2026-04-09,mobile,paid_search,Barcelona,7,17,81.2
1498,2026-04-17,mobile,direct,Berlin,5,24,53.6
1499,2026-06-18,mobile,paid_search,Zurich,6,14,91.9
1500,2026-03-25,mobile,direct,Rome,2,8,395.5
1501,2026-04-03,mobile,paid_search,Salzburg,1,17,18.4
1502,2026-07-04,mobile,affiliate,Berlin,5,6,245.0
1503,2026-08-06,mobile,organic_search,Frankfurt,3,22,234.9
1504,2026-06-09,mobile,direct,Amsterdam,7,9,80.5
1505,2026-02-21,mobile,paid_search,Barcelona,5,9,61.6
1506,2026-04-17,mobile,affiliate,Zurich,2,15,111.3
1507,2026-05-21,tablet,email,Vienna,2,14,56.6
1508,2026-03-07,desktop,paid_search,Salzburg,2,22,63.8
1509,2026-01-26,mobile,email,Salzburg,7,20,97.6
1510,2026-07-23,mobile,paid_search,Paris,7,8,86.1
1511,2026-01-29,desktop,organic_search,Paris,5,22,166.2
1512,2026-01-28,mobile,organic_search,Vienna,5,8,61.2
1513,2026-02-17,mobile,organic_search,Cologne,2,18,6.4
1514,2026-01-01,desktop,direct,Hamburg,2,21,184.1
1515,2026-02-22,desktop,paid_search,Vienna,7,15,147.0
1516,2026-01-27,mobile,organic_search,Munich,4,8,58.1
1517,2026-06-09,mobile,email,Berlin,5,11,278.8
1518,2026-08-05,mobile,paid_search,Cologne,7,22,248.5
1519,2026-07-25,mobile,affiliate,Frankfurt,6,8,35.4
1520,2026-05-18,desktop,organic_search,Amsterdam,5,6,239.7
1521,2026-07-29,tablet,organic_search,Rome,5,17,30.1
1522,2026-04-08,desktop,email,Cologne,6,21,141.2
1523,2026-06-02,mobile,direct,Cologne,7,18,165.4
1524,2026-03-21,mobile,organic_search,Frankfurt,5,9,46.8
1525,2026-04-09,mobile,paid_search,Rome,7,13,208.4
1526,2026-01-29,mobile,paid_search,Cologne,7,11,216.5
1527,2026-03-06,mobile,direct,Salzburg,7,23,14.3
1528,2026-01-23,desktop,organic_search,Vienna,5,16,83.9
1529,2026-03-12,tablet,organic_search,Salzburg,7,6,31.4
1530,2026-06-18,mobile,email,Salzburg,4,4,117.3
1531,2026-04-20,tablet,organic_search,Paris,5,14,161.4
1532,2026-07-30,mobile,direct,Munich,6,12,233.3
1533,2026-06-02,mobile,paid_search,Vienna,6,17,297.0
1534,2026-08-26,mobile,paid_search,Zurich,2,14,191.8
1535,2026-05-15,mobile,organic_search,Cologne,3,23,92.2
1536,2026-06-11,desktop,organic_search,Vienna,6,19,149.1
1537,2026-07-04,desktop,paid_search,Zurich,1,8,241.6
1538,2026-02-14,desktop,paid_search,Barcelona,3,21,90.1
1539,2026-02-01,mobile,paid_search,Salzburg,4,8,136.9
1540,2026-04-22,desktop,organic_search,Amsterdam,3,18,49.5
1541,2026-01-28,desktop,affiliate,Vienna,1,13,215.8
1542,2026-08-22,mobile,paid_search,Vienna,5,13,113.1
1543,2026-08-28,mobile,paid_search,Rome,2,18,16.2
1544,2026-02-15,desktop,email,Frankfurt,1,9,24.0
1545,2026-03-18,desktop,organic_search,Amsterdam,5,9,62.9
1546,2026-02-24,desktop,paid_search,Hamburg,1,3,62.5
1547,2026-08-24,tablet,paid_search,Vienna,2,14,14.8
1548,2026-07-16,mobile,organic_search,Hamburg,7,24,83.5
1549,2026-03-12,desktop,organic_search,Hamburg,1,5,223.9
1550,2026-06-29,mobile,organic_search,Cologne,1,19,32.6
1551,2026-01-16,mobile,direct,Berlin,3,23,101.0
1552,2026-02-06,mobile,direct,Zurich,2,18,125.3
1553,2026-05-03,desktop,paid_search,Hamburg,4,7,196.9
1554,2026-03-19,desktop,organic_search,Zurich,2,9,72.3
1555,2026-02-17,mobile,organic_search,Paris,4,8,79.4
1556,2026-05-05,desktop,paid_search,Paris,1,3,204.9
1557,2026-08-06,mobile,organic_search,Munich,3,12,103.5
1558,2026-05-06,mobile,direct,Zurich,2,14,22.2
1559,2026-04-15,mobile,organic_search,Paris,6,6,90.2
1560,2026-01-28,mobile,paid_search,Amsterdam,2,22,161.0
1561,2026-04-17,mobile,email,Zurich,2,24,34.4
1562,2026-07-25,tablet,paid_search,Barcelona,6,4,18.8
1563,2026-04-05,tablet,direct,Vienna,6,17,53.0
1564,2026-07-27,desktop,paid_search,Amsterdam,3,18,114.5
1565,2026-01-27,mobile,direct,Rome,2,17,181.0
1566,2026-06-01,desktop,paid_search,Zurich,7,19,70.4
1567,2026-05-31,tablet,paid_search,Cologne,1,7,204.9
1568,2026-03-11,mobile,organic_search,Barcelona,7,4,97.1
1569,2026-02-07,mobile,organic_search,Berlin,3,10,149.4
1570,2026-06-19,mobile,organic_search,Amsterdam,3,20,194.0
1571,2026-06-04,desktop,direct,Hamburg,7,7,58.3
1572,2026-04-06,mobile,affiliate,Berlin,7,17,77.9
1573,2026-04-07,tablet,organic_search,Barcelona,6,4,139.5
1574,2026-08-09,mobile,organic_search,Barcelona,1,4,72.9
1575,2026-07-26,mobile,paid_search,Salzburg,5,12,97.7
1576,2026-04-05,mobile,paid_search,Berlin,6,8,35.8
1577,2026-05-06,mobile,direct,Vienna,1,13,150.1
1578,2026-04-11,tablet,paid_search,Vienna,7,8,118.3
1579,2026-08-03,desktop,direct,Barcelona,2,17,92.9
1580,2026-04-27,mobile,organic_search,Rome,4,5,43.6
1581,2026-01-07,mobile,direct,Vienna,5,12,189.8
1582,2026-01-26,desktop,direct,Amsterdam,3,16,42.5
1583,2026-06-25,tablet,affiliate,Vienna,5,24,239.3
1584,2026-01-09,desktop,direct,Paris,3,18,25.1
1585,2026-05-16,mobile,paid_search,Rome,3,13,18.5
1586,2026-05-14,desktop,direct,Amsterdam,1,19,124.8
1587,2026-02-10,mobile,organic_search,Salzburg,7,12,31.9
1588,2026-06-10,mobile,paid_search,Vienna,2,5,79.3
1589,2026-01-26,desktop,email,Zurich,7,8,168.9
1590,2026-08-12,mobile,email,Frankfurt,2,5,29.7
1591,2026-06-28,mobile,affiliate,Zurich,2,16,132.4
1592,2026-02-09,desktop,direct,Berlin,3,5,141.2
1593,2026-04-01,desktop,organic_search,Cologne,2,20,127.6
1594,2026-08-05,mobile,email,Amsterdam,6,4,48.0
1595,2026-01-19,mobile,paid_search,Paris,7,24,30.9
1596,2026-03-10,desktop,organic_search,Hamburg,5,21,14.5
1597,2026-06-18,mobile,organic_search,Berlin,6,6,146.4
1598,2026-05-03,mobile,direct,Frankfurt,7,11,88.9
1599,2026-03-12,mobile,direct,Cologne,2,3,199.9
1600,2026-02-09,mobile,paid_search,Paris,7,21,38.4
1601,2026-03-14,mobile,affiliate,Frankfurt,7,24,45.8
1602,2026-04-21,mobile,organic_search,Paris,7,14,43.2
1603,2026-01-20,mobile,organic_search,Paris,5,12,75.8
1604,2026-05-26,desktop,paid_search,Berlin,7,17,29.7
1605,2026-04-13,mobile,paid_search,Zurich,4,17,52.3
1606,2026-03-04,mobile,paid_search,Cologne,6,12,87.9
1607,2026-08-09,desktop,direct,Frankfurt,6,23,105.3
1608,2026-07-25,desktop,organic_search,Vienna,7,24,95.9
1609,2026-07-28,mobile,paid_search,Cologne,2,3,28.5
1610,2026-08-16,desktop,paid_search,Hamburg,1,21,98.6
1611,2026-03-22,mobile,affiliate,Munich,3,6,68.3
1612,2026-03-26,desktop,email,Munich,6,23,168.2
1613,2026-03-16,desktop,email,Berlin,3,20,208.4
1614,2026-02-27,mobile,email,Frankfurt,3,12,200.1
1615,2026-07-29,desktop,organic_search,Munich,3,18,72.2
1616,2026-03-23,mobile,paid_search,Hamburg,5,10,71.5
1617,2026-06-28,mobile,email,Vienna,1,12,129.1
1618,2026-08-23,mobile,email,Zurich,6,9,40.6
1619,2026-02-19,mobile,affiliate,Cologne,3,24,113.2
1620,2026-03-17,tablet,organic_search,Vienna,5,23,95.5
1621,2026-08-06,tablet,paid_search,Paris,2,17,207.4
1622,2026-04-08,mobile,organic_search,Rome,7,10,85.9
1623,2026-08-09,mobile,organic_search,Cologne,5,3,109.0
1624,2026-05-21,tablet,paid_search,Amsterdam,2,7,177.1
1625,2026-03-24,mobile,affiliate,Rome,7,5,86.8
1626,2026-04-20,desktop,direct,Salzburg,4,9,49.9
1627,2026-08-05,mobile,paid_search,Rome,6,22,130.2
1628,2026-01-11,mobile,email,Cologne,6,16,35.9
1629,2026-06-10,mobile,direct,Hamburg,4,24,103.2
1630,2026-07-25,desktop,organic_search,Vienna,3,9,52.8
1631,2026-07-31,tablet,direct,Hamburg,4,8,19.3
1632,2026-05-13,desktop,organic_search,Zurich,6,13,124.0
1633,2026-04-04,mobile,paid_search,Amsterdam,5,7,96.9
1634,2026-08-26,mobile,paid_search,Rome,1,22,220.2
1635,2026-04-07,desktop,affiliate,Paris,7,3,23.6
1636,2026-04-06,mobile,organic_search,Vienna,4,17,45.0
1637,2026-05-02,mobile,email,Salzburg,7,5,194.3
1638,2026-04-28,mobile,paid_search,Berlin,1,18,211.5
1639,2026-03-05,desktop,paid_search,Frankfurt,5,8,143.6
1640,2026-04-07,mobile,email,Cologne,1,19,80.8
1641,2026-05-11,mobile,paid_search,Berlin,4,23,169.9
1642,2026-01-30,desktop,direct,Berlin,6,8,68.0
1643,2026-05-04,desktop,email,Barcelona,2,5,5.7
1644,2026-06-26,mobile,organic_search,Munich,1,13,206.6
1645,2026-02-15,mobile,paid_search,Cologne,2,4,64.0
1646,2026-02-27,mobile,direct,Zurich,2,21,379.6
1647,2026-08-05,mobile,paid_search,Hamburg,1,24,31.7
1648,2026-08-06,mobile,paid_search,Salzburg,7,24,200.2
1649,2026-01-26,mobile,direct,Hamburg,3,5,104.5
1650,2026-01-12,mobile,email,Frankfurt,5,24,181.0
1651,2026-08-02,mobile,paid_search,Amsterdam,1,6,49.0
1652,2026-08-25,desktop,organic_search,Barcelona,6,6,339.3
1653,2026-05-11,tablet,direct,Frankfurt,5,14,293.2
1654,2026-07-25,mobile,direct,Zurich,4,15,65.5
1655,2026-04-27,desktop,direct,Barcelona,2,8,71.2
1656,2026-03-15,desktop,affiliate,Barcelona,4,17,108.5
1657,2026-07-27,mobile,organic_search,Munich,6,12,41.7
1658,2026-04-29,mobile,direct,Berlin,5,20,48.0
1659,2026-04-20,mobile,organic_search,Amsterdam,3,12,186.4
1660,2026-05-22,desktop,organic_search,Vienna,1,16,5.8
1661,2026-03-15,mobile,direct,Rome,7,15,43.0
1662,2026-03-09,mobile,organic_search,Zurich,7,21,256.2
1663,2026-02-08,mobile,organic_search,Rome,1,3,230.1
1664,2026-01-23,mobile,paid_search,Barcelona,2,6,82.7
1665,2026-06-16,mobile,paid_search,Hamburg,1,20,16.1
1666,2026-04-20,desktop,organic_search,Rome,7,8,218.6
1667,2026-07-21,mobile,paid_search,Zurich,6,10,59.1
1668,2026-05-21,mobile,paid_search,Munich,4,14,161.6
1669,2026-05-04,tablet,paid_search,Paris,5,24,131.5
1670,2026-08-24,desktop,paid_search,Hamburg,3,22,161.4
1671,2026-03-10,tablet,organic_search,Barcelona,1,21,144.2
1672,2026-07-25,desktop,direct,Frankfurt,7,15,151.3
1673,2026-08-16,mobile,affiliate,Rome,7,3,106.9
1674,2026-05-21,mobile,direct,Munich,2,7,150.0
1675,2026-06-06,desktop,organic_search,Paris,5,21,133.1
1676,2026-07-27,mobile,paid_search,Vienna,7,10,75.3
1677,2026-05-12,mobile,organic_search,Munich,4,7,3.7
1678,2026-04-18,desktop,paid_search,Vienna,1,7,40.0
1679,2026-07-11,mobile,email,Hamburg,6,3,14.6
1680,2026-08-03,mobile,organic_search,Salzburg,4,12,134.4
1681,2026-03-22,desktop,affiliate,Barcelona,5,3,54.4
1682,2026-04-22,mobile,paid_search,Munich,5,7,28.7
1683,2026-06-28,mobile,direct,Barcelona,1,21,58.8
1684,2026-06-14,desktop,paid_search,Barcelona,6,16,61.6
1685,2026-03-26,mobile,paid_search,Munich,7,10,78.3
1686,2026-06-24,desktop,direct,Rome,2,14,112.1
1687,2026-03-04,mobile,organic_search,Rome,6,10,95.5
1688,2026-02-02,mobile,organic_search,Zurich,5,19,119.3
1689,2026-02-26,desktop,direct,Cologne,5,20,131.9
1690,2026-08-24,mobile,direct,Hamburg,5,14,7.5
1691,2026-08-02,desktop,paid_search,Paris,4,24,297.7
1692,2026-02-01,desktop,affiliate,Barcelona,7,4,114.6
1693,2026-07-14,mobile,organic_search,Berlin,6,22,303.5
1694,2026-03-31,mobile,affiliate,Cologne,4,15,46.1
1695,2026-02-20,mobile,paid_search,Zurich,2,24,520.0
1696,2026-03-08,tablet,affiliate,Zurich,6,14,48.6
1697,2026-01-17,tablet,paid_search,Paris,7,4,36.0
1698,2026-02-19,mobile,direct,Amsterdam,6,17,48.7
1699,2026-02-07,tablet,affiliate,Zurich,7,11,46.5
1700,2026-02-08,mobile,email,Frankfurt,5,23,43.4
1701,2026-03-16,mobile,organic_search,Munich,4,8,59.4
1702,2026-08-08,mobile,direct,Cologne,4,3,97.5
1703,2026-05-28,mobile,paid_search,Munich,5,16,43.2
1704,2026-02-14,mobile,organic_search,Paris,1,13,97.8
1705,2026-06-11,mobile,direct,Salzburg,5,24,66.2
1706,2026-08-14,mobile,paid_search,Vienna,1,15,17.8
1707,2026-01-28,mobile,direct,Amsterdam,6,24,90.6
1708,2026-03-01,tablet,direct,Zurich,6,21,10.1
1709,2026-04-21,desktop,email,Barcelona,6,17,40.8
1710,2026-02-04,mobile,paid_search,Berlin,3,21,48.1
1711,2026-05-07,mobile,paid_search,Salzburg,5,20,133.5
1712,2026-05-30,desktop,paid_search,Berlin,3,15,215.5
1713,2026-03-04,mobile,direct,Cologne,6,22,32.1
1714,2026-03-03,mobile,affiliate,Frankfurt,3,11,9.1
1715,2026-06-26,mobile,organic_search,Munich,2,12,66.8
1716,2026-05-14,tablet,organic_search,Paris,1,9,68.6
1717,2026-05-25,mobile,direct,Zurich,4,15,150.6
1718,2026-01-16,mobile,paid_search,Barcelona,1,16,336.5
1719,2026-06-26,desktop,organic_search,Salzburg,7,22,93.3
1720,2026-05-17,desktop,organic_search,Vienna,5,3,324.2
1721,2026-06-19,desktop,direct,Cologne,5,11,59.0
1722,2026-03-21,mobile,paid_search,Hamburg,7,9,160.9
1723,2026-08-06,tablet,direct,Paris,6,11,64.4
1724,2026-01-03,desktop,direct,Paris,2,14,217.5
1725,2026-06-12,desktop,paid_search,Salzburg,4,21,32.2
1726,2026-01-15,tablet,direct,Rome,1,9,126.4
1727,2026-07-13,mobile,paid_search,Barcelona,4,22,164.8
1728,2026-07-20,mobile,affiliate,Amsterdam,5,24,48.6
1729,2026-05-04,mobile,affiliate,Zurich,1,19,134.9
1730,2026-05-15,desktop,direct,Frankfurt,6,3,27.9
1731,2026-02-27,desktop,paid_search,Munich,5,13,264.2
1732,2026-01-03,desktop,affiliate,Vienna,3,13,94.6
1733,2026-01-22,mobile,paid_search,Paris,5,12,77.5
1734,2026-02-26,mobile,paid_search,Munich,2,22,168.7
1735,2026-04-29,mobile,affiliate,Salzburg,7,5,132.3
1736,2026-02-15,desktop,direct,Vienna,5,5,73.1
1737,2026-07-13,desktop,paid_search,Zurich,4,10,206.9
1738,2026-06-20,tablet,organic_search,Amsterdam,3,7,27.4
1739,2026-05-22,tablet,direct,Salzburg,4,8,140.0
1740,2026-06-10,mobile,organic_search,Zurich,5,22,16.7
1741,2026-01-07,mobile,organic_search,Barcelona,4,7,35.7
1742,2026-03-04,mobile,organic_search,Hamburg,5,4,140.7
1743,2026-02-27,desktop,direct,Paris,7,19,43.4
1744,2026-01-06,mobile,email,Salzburg,4,17,171.4
1745,2026-04-17,mobile,organic_search,Cologne,4,17,211.7
1746,2026-04-04,desktop,direct,Rome,7,16,89.2
1747,2026-04-08,mobile,paid_search,Rome,4,4,231.1
1748,2026-06-12,tablet,direct,Hamburg,4,24,66.1
1749,2026-06-18,mobile,direct,Munich,2,6,210.8
1750,2026-03-21,tablet,direct,Rome,5,6,114.2
1751,2026-02-12,desktop,email,Vienna,7,10,130.8
1752,2026-04-01,desktop,organic_search,Paris,5,6,88.0
1753,2026-03-31,mobile,organic_search,Rome,5,12,109.5
1754,2026-01-21,mobile,email,Munich,7,11,58.2
1755,2026-05-10,desktop,organic_search,Salzburg,1,21,340.3
1756,2026-04-03,mobile,affiliate,Salzburg,3,3,90.3
1757,2026-08-27,mobile,paid_search,Berlin,1,3,5.2
1758,2026-02-02,tablet,paid_search,Cologne,7,13,50.2
1759,2026-08-12,desktop,paid_search,Frankfurt,4,7,139.0
1760,2026-03-24,tablet,organic_search,Zurich,6,17,99.4
1761,2026-04-03,desktop,email,Amsterdam,5,22,142.4
1762,2026-03-04,desktop,direct,Munich,6,7,166.4
1763,2026-03-22,tablet,organic_search,Cologne,3,11,448.9
1764,2026-01-12,desktop,direct,Frankfurt,2,5,151.8
1765,2026-08-18,mobile,direct,Hamburg,1,7,130.2
1766,2026-03-23,mobile,direct,Rome,7,23,143.6
1767,2026-07-28,mobile,paid_search,Barcelona,5,15,230.4
1768,2026-07-05,mobile,email,Munich,4,4,119.2
1769,2026-06-21,desktop,organic_search,Hamburg,1,24,111.9
1770,2026-04-04,tablet,affiliate,Cologne,5,18,136.3
1771,2026-05-31,mobile,direct,Hamburg,4,23,57.2
1772,2026-03-27,desktop,affiliate,Munich,7,13,202.5
1773,2026-06-26,mobile,affiliate,Amsterdam,7,14,107.3
1774,2026-07-19,desktop,organic_search,Rome,1,3,126.8
1775,2026-06-21,desktop,paid_search,Amsterdam,4,5,18.8
1776,2026-04-09,mobile,direct,Amsterdam,5,11,30.3
1777,2026-07-22,mobile,organic_search,Berlin,2,6,227.9
1778,2026-01-03,mobile,paid_search,Munich,6,4,20.3
1779,2026-06-25,mobile,paid_search,Salzburg,4,9,122.2
1780,2026-07-22,desktop,affiliate,Zurich,7,17,101.7
1781,2026-06-07,mobile,organic_search,Berlin,1,21,54.4
1782,2026-04-26,mobile,organic_search,Amsterdam,3,7,107.6
1783,2026-08-15,mobile,paid_search,Rome,6,20,48.6
1784,2026-01-10,mobile,organic_search,Zurich,3,3,66.8
1785,2026-08-16,mobile,email,Amsterdam,4,24,87.9
1786,2026-03-07,mobile,organic_search,Amsterdam,1,13,363.8
1787,2026-04-11,desktop,direct,Amsterdam,3,14,75.0
1788,2026-03-07,desktop,paid_search,Salzburg,1,7,173.6
1789,2026-08-30,mobile,affiliate,Amsterdam,4,15,498.3
1790,2026-04-03,desktop,affiliate,Berlin,6,19,233.5
1791,2026-04-06,mobile,email,Hamburg,2,9,24.4
1792,2026-05-28,mobile,paid_search,Vienna,1,3,42.5
1793,2026-03-02,mobile,paid_search,Munich,3,14,230.5
1794,2026-03-23,mobile,organic_search,Vienna,7,20,8.2
1795,2026-02-20,desktop,affiliate,Vienna,3,18,21.0
1796,2026-06-24,mobile,affiliate,Vienna,3,15,229.5
1797,2026-01-29,mobile,organic_search,Amsterdam,5,3,143.7
1798,2026-06-10,mobile,paid_search,Frankfurt,6,7,7.2
1799,2026-03-30,mobile,paid_search,Paris,5,22,56.7
1800,2026-01-26,tablet,paid_search,Berlin,2,21,101.6
1801,2026-08-23,mobile,paid_search,Cologne,1,16,70.1
1802,2026-03-24,mobile,direct,Rome,5,24,162.2
1803,2026-03-20,mobile,direct,Rome,7,9,226.7
1804,2026-01-20,mobile,paid_search,Rome,6,22,74.6
1805,2026-08-11,desktop,organic_search,Berlin,2,10,33.3
1806,2026-08-08,desktop,organic_search,Vienna,2,3,48.1
1807,2026-01-26,desktop,organic_search,Cologne,7,24,135.3
1808,2026-03-11,mobile,direct,Berlin,6,15,215.2
1809,2026-02-05,desktop,paid_search,Frankfurt,3,9,93.8
1810,2026-06-20,mobile,organic_search,Berlin,5,15,261.4
1811,2026-02-09,mobile,paid_search,Frankfurt,4,15,101.5
1812,2026-04-06,tablet,affiliate,Salzburg,1,22,24.0
1813,2026-05-13,mobile,email,Rome,4,10,118.1
1814,2026-08-20,tablet,direct,Munich,3,21,355.9
1815,2026-08-29,desktop,organic_search,Vienna,5,15,129.3
1816,2026-04-13,mobile,direct,Frankfurt,3,21,172.1
1817,2026-02-19,desktop,organic_search,Barcelona,2,12,20.9
1818,2026-05-20,tablet,affiliate,Cologne,4,4,121.1
1819,2026-03-22,desktop,direct,Rome,5,13,69.6
1820,2026-04-19,mobile,organic_search,Cologne,2,9,140.2
1821,2026-07-26,desktop,organic_search,Salzburg,4,4,35.4
1822,2026-04-13,mobile,direct,Barcelona,7,14,314.6
1823,2026-05-09,mobile,organic_search,Frankfurt,6,4,133.1
1824,2026-05-15,mobile,paid_search,Barcelona,4,14,137.1
1825,2026-03-25,mobile,organic_search,Berlin,4,21,246.9
1826,2026-08-05,mobile,affiliate,Paris,7,17,132.1
1827,2026-04-13,desktop,direct,Amsterdam,6,21,24.3
1828,2026-05-26,mobile,organic_search,Munich,6,24,13.7
1829,2026-06-27,mobile,direct,Paris,7,24,434.1
1830,2026-07-19,mobile,paid_search,Rome,1,20,132.0
1831,2026-03-29,desktop,organic_search,Hamburg,3,16,90.0
1832,2026-01-09,mobile,paid_search,Frankfurt,6,17,82.0
1833,2026-06-10,desktop,paid_search,Paris,2,9,56.4
1834,2026-01-25,mobile,organic_search,Frankfurt,2,21,142.2
1835,2026-07-13,mobile,affiliate,Paris,1,22,107.1
1836,2026-08-29,desktop,organic_search,Cologne,7,15,88.9
1837,2026-01-14,desktop,direct,Zurich,3,23,43.9
1838,2026-01-06,desktop,affiliate,Hamburg,1,23,110.0
1839,2026-07-01,mobile,organic_search,Zurich,5,9,89.6
1840,2026-06-21,mobile,organic_search,Barcelona,7,18,152.2
1841,2026-08-17,mobile,direct,Rome,5,12,69.0
1842,2026-02-01,tablet,paid_search,Frankfurt,1,21,53.8
1843,2026-01-20,mobile,email,Paris,5,14,56.2
1844,2026-03-31,desktop,paid_search,Vienna,3,21,40.1
1845,2026-01-20,desktop,affiliate,Zurich,2,12,21.2
1846,2026-08-07,tablet,organic_search,Rome,7,15,78.0
1847,2026-05-29,mobile,paid_search,Berlin,4,15,29.4
1848,2026-06-12,mobile,email,Amsterdam,7,17,242.7
1849,2026-06-13,mobile,organic_search,Barcelona,6,22,158.7
1850,2026-05-06,mobile,paid_search,Vienna,3,15,56.5
1851,2026-04-22,desktop,paid_search,Cologne,6,23,127.6
1852,2026-02-22,tablet,direct,Amsterdam,3,5,161.8
1853,2026-08-15,mobile,organic_search,Salzburg,5,5,71.6
1854,2026-05-14,desktop,paid_search,Munich,5,16,54.0
1855,2026-01-31,desktop,direct,Zurich,1,18,7.0
1856,2026-02-10,mobile,direct,Paris,7,13,182.3
1857,2026-01-29,mobile,organic_search,Frankfurt,4,5,55.7
1858,2026-08-06,desktop,paid_search,Barcelona,7,22,175.4
1859,2026-01-03,desktop,paid_search,Munich,1,10,95.9
1860,2026-08-13,tablet,direct,Berlin,6,13,111.2
1861,2026-07-18,mobile,affiliate,Salzburg,5,11,56.8
1862,2026-02-03,mobile,organic_search,Cologne,7,7,106.7
1863,2026-01-22,desktop,affiliate,Vienna,3,22,102.9
1864,2026-08-13,mobile,email,Frankfurt,2,6,30.4
1865,2026-05-27,desktop,paid_search,Paris,2,10,42.0
1866,2026-08-11,mobile,paid_search,Frankfurt,6,20,76.1
1867,2026-08-13,mobile,organic_search,Berlin,2,16,288.1
1868,2026-01-03,desktop,paid_search,Hamburg,2,3,25.5
1869,2026-01-13,mobile,email,Rome,1,16,16.4
1870,2026-07-11,mobile,organic_search,Vienna,1,20,37.7
1871,2026-01-29,mobile,email,Vienna,6,10,243.8
1872,2026-07-19,mobile,paid_search,Barcelona,3,20,15.2
1873,2026-07-30,mobile,direct,Hamburg,1,18,102.3
1874,2026-04-28,mobile,paid_search,Rome,7,14,25.9
1875,2026-03-09,desktop,organic_search,Cologne,3,14,93.5
1876,2026-08-28,mobile,paid_search,Barcelona,6,16,221.5
1877,2026-04-13,mobile,paid_search,Berlin,5,10,85.0
1878,2026-02-28,mobile,paid_search,Frankfurt,3,6,179.5
1879,2026-05-21,desktop,direct,Salzburg,6,13,66.6
1880,2026-03-23,mobile,organic_search,Vienna,3,3,25.4
1881,2026-06-23,mobile,direct,Paris,7,7,251.0
1882,2026-08-27,desktop,paid_search,Frankfurt,1,12,137.8
1883,2026-02-14,tablet,affiliate,Barcelona,2,3,127.9
1884,2026-03-02,mobile,paid_search,Rome,7,21,84.6
1885,2026-07-31,mobile,organic_search,Cologne,1,11,178.1
1886,2026-07-22,mobile,email,Amsterdam,1,11,92.2
1887,2026-07-07,desktop,affiliate,Frankfurt,6,23,21.4
1888,2026-02-05,mobile,direct,Vienna,3,20,82.1
1889,2026-01-22,desktop,paid_search,Cologne,4,11,162.2
1890,2026-03-14,mobile,paid_search,Frankfurt,3,8,134.0
1891,2026-01-27,mobile,email,Munich,3,22,19.9
1892,2026-04-26,tablet,organic_search,Barcelona,7,11,17.4
1893,2026-06-21,mobile,organic_search,Munich,5,4,107.5
1894,2026-06-24,mobile,email,Amsterdam,2,12,90.2
1895,2026-04-25,tablet,organic_search,Amsterdam,7,13,60.5
1896,2026-03-30,mobile,direct,Rome,2,16,205.8
1897,2026-04-20,mobile,affiliate,Salzburg,2,9,94.0
1898,2026-06-21,mobile,organic_search,Munich,6,20,109.4
1899,2026-02-22,desktop,affiliate,Cologne,5,12,33.0
1900,2026-01-01,tablet,email,Barcelona,1,14,136.7
1901,2026-06-22,desktop,direct,Cologne,5,18,79.4
1902,2026-06-03,tablet,paid_search,Barcelona,4,20,48.5
1903,2026-01-28,mobile,organic_search,Amsterdam,5,9,136.9
1904,2026-05-26,desktop,direct,Zurich,2,3,200.3
1905,2026-04-01,mobile,organic_search,Munich,4,6,53.8
1906,2026-08-09,mobile,paid_search,Salzburg,1,15,127.6
1907,2026-06-24,mobile,direct,Hamburg,7,3,66.4
1908,2026-04-27,mobile,email,Paris,7,13,113.1
1909,2026-08-26,desktop,organic_search,Frankfurt,2,9,22.7
1910,2026-06-19,desktop,organic_search,Vienna,3,9,23.7
1911,2026-02-21,mobile,organic_search,Rome,7,18,116.8
1912,2026-05-31,mobile,email,Berlin,3,16,46.8
1913,2026-06-03,tablet,paid_search,Barcelona,5,13,134.2
1914,2026-07-14,desktop,organic_search,Cologne,7,3,94.2
1915,2026-01-16,mobile,email,Berlin,7,24,35.8
1916,2026-08-07,mobile,organic_search,Hamburg,5,24,84.9
1917,2026-03-06,desktop,paid_search,Salzburg,6,8,77.1
1918,2026-05-04,mobile,direct,Hamburg,6,17,157.0
1919,2026-01-24,mobile,affiliate,Rome,5,23,106.1
1920,2026-02-09,mobile,paid_search,Berlin,3,16,69.3
1921,2026-07-21,mobile,direct,Salzburg,1,21,127.8
1922,2026-06-30,tablet,organic_search,Berlin,7,8,144.9
1923,2026-04-12,mobile,paid_search,Vienna,5,20,32.5
1924,2026-01-19,desktop,paid_search,Amsterdam,1,11,114.4
1925,2026-08-04,desktop,organic_search,Rome,2,18,19.5
1926,2026-02-11,mobile,affiliate,Rome,1,8,37.3
1927,2026-01-10,mobile,direct,Amsterdam,3,3,66.5
1928,2026-02-27,mobile,paid_search,Rome,2,4,6.0
1929,2026-06-18,mobile,organic_search,Salzburg,3,19,197.0
1930,2026-03-13,mobile,direct,Rome,7,24,149.2
1931,2026-05-05,tablet,paid_search,Hamburg,7,7,112.8
1932,2026-01-29,desktop,direct,Vienna,6,3,28.0
1933,2026-06-17,mobile,direct,Hamburg,7,9,208.2
1934,2026-08-22,mobile,email,Munich,1,21,169.9
1935,2026-08-22,mobile,paid_search,Hamburg,6,7,68.1
1936,2026-08-08,desktop,email,Amsterdam,6,12,66.2
1937,2026-08-24,desktop,paid_search,Zurich,2,12,147.8
1938,2026-07-23,mobile,direct,Salzburg,3,22,68.7
1939,2026-07-21,mobile,paid_search,Salzburg,3,7,13.4
1940,2026-07-03,mobile,email,Vienna,5,22,220.2
1941,2026-02-20,desktop,paid_search,Zurich,1,21,85.3
1942,2026-02-14,desktop,organic_search,Hamburg,1,4,99.1
1943,2026-07-03,mobile,affiliate,Hamburg,6,17,48.1
1944,2026-03-10,desktop,paid_search,Cologne,4,6,134.9
1945,2026-08-20,mobile,affiliate,Salzburg,1,17,107.3
1946,2026-06-12,mobile,email,Zurich,3,4,99.8
1947,2026-03-25,desktop,paid_search,Zurich,5,19,66.7
1948,2026-05-08,mobile,organic_search,Munich,1,3,71.6
1949,2026-03-26,mobile,organic_search,Rome,4,9,87.5
1950,2026-02-25,mobile,organic_search,Amsterdam,6,18,213.8
1951,2026-04-26,mobile,email,Cologne,2,15,216.6
1952,2026-05-25,mobile,organic_search,Munich,3,6,41.6
1953,2026-06-18,tablet,organic_search,Cologne,5,17,362.8
1954,2026-03-26,desktop,organic_search,Paris,5,23,132.9
1955,2026-03-01,mobile,paid_search,Paris,3,15,147.2
1956,2026-02-06,desktop,paid_search,Vienna,7,4,80.4
1957,2026-02-08,mobile,direct,Berlin,3,15,95.5
1958,2026-05-21,mobile,email,Frankfurt,4,3,191.0
1959,2026-03-11,mobile,organic_search,Vienna,1,4,171.6
1960,2026-05-29,mobile,paid_search,Paris,6,6,51.2
1961,2026-06-06,mobile,direct,Paris,4,13,76.0
1962,2026-07-21,desktop,organic_search,Amsterdam,5,4,54.8
1963,2026-01-11,mobile,organic_search,Salzburg,7,15,22.7
1964,2026-08-06,mobile,direct,Salzburg,3,8,132.9
1965,2026-08-13,mobile,organic_search,Salzburg,3,5,79.9
1966,2026-04-20,desktop,email,Munich,3,17,159.0
1967,2026-05-15,tablet,direct,Cologne,5,7,130.8
1968,2026-08-11,desktop,paid_search,Salzburg,2,6,47.7
1969,2026-01-26,mobile,paid_search,Amsterdam,3,15,204.9
1970,2026-08-21,mobile,organic_search,Vienna,3,15,64.0
1971,2026-06-24,mobile,organic_search,Paris,2,6,241.8
1972,2026-06-21,mobile,direct,Amsterdam,1,13,77.1
1973,2026-03-11,desktop,direct,Vienna,4,14,58.2
1974,2026-08-30,desktop,organic_search,Paris,6,8,59.0
1975,2026-07-05,mobile,paid_search,Rome,2,7,137.2
1976,2026-08-16,tablet,paid_search,Salzburg,6,24,106.1
1977,2026-08-02,mobile,organic_search,Berlin,5,6,70.3
1978,2026-06-11,desktop,organic_search,Zurich,1,24,106.7
1979,2026-05-02,desktop,organic_search,Rome,7,20,268.4
1980,2026-04-03,mobile,email,Rome,2,4,141.8
1981,2026-02-14,mobile,organic_search,Paris,3,20,34.6
1982,2026-01-10,mobile,organic_search,Berlin,2,11,66.8
1983,2026-04-25,mobile,paid_search,Rome,5,10,141.4
1984,2026-05-24,mobile,organic_search,Frankfurt,3,15,37.8
1985,2026-05-19,desktop,organic_search,Munich,2,10,255.3
1986,2026-04-25,mobile,affiliate,Vienna,4,14,200.7
1987,2026-03-29,desktop,email,Zurich,4,12,78.6
1988,2026-04-09,mobile,organic_search,Zurich,2,15,185.7
1989,2026-07-06,mobile,organic_search,Berlin,5,7,477.3
1990,2026-08-14,mobile,email,Munich,5,22,110.3
1991,2026-03-07,mobile,paid_search,Berlin,6,15,119.1
1992,2026-06-07,mobile,paid_search,Berlin,7,20,35.9
1993,2026-07-23,mobile,organic_search,Berlin,5,24,52.8
1994,2026-04-08,tablet,paid_search,Hamburg,6,17,58.1
1995,2026-04-16,desktop,organic_search,Munich,3,19,113.5
1996,2026-05-14,mobile,paid_search,Barcelona,6,23,98.1
1997,2026-05-22,mobile,affiliate,Salzburg,6,9,226.1
1998,2026-08-11,desktop,paid_search,Salzburg,5,20,125.7
1999,2026-01-14,tablet,email,Amsterdam,6,10,134.2
2000,2026-07-18,tablet,paid_search,Zurich,6,5,177.6
2001,2026-02-20,desktop,paid_search,Munich,4,7,119.3
2002,2026-03-30,mobile,affiliate,Rome,4,20,28.7
2003,2026-04-17,desktop,affiliate,Berlin,4,18,411.0
2004,2026-05-03,desktop,paid_search,Cologne,3,20,32.3
2005,2026-06-28,desktop,affiliate,Vienna,5,10,59.3
2006,2026-02-10,desktop,affiliate,Hamburg,6,21,52.7
2007,2026-08-24,mobile,paid_search,Vienna,4,22,10.4
2008,2026-07-21,mobile,paid_search,Hamburg,6,3,220.9
2009,2026-01-18,mobile,organic_search,Vienna,5,18,32.6
2010,2026-05-16,tablet,organic_search,Munich,5,24,30.5
2011,2026-08-15,mobile,organic_search,Salzburg,5,10,151.3
2012,2026-01-09,mobile,organic_search,Salzburg,1,19,173.0
2013,2026-03-16,mobile,email,Paris,2,11,35.4
2014,2026-04-22,desktop,paid_search,Hamburg,5,21,58.5
2015,2026-08-26,tablet,direct,Cologne,1,5,144.9
2016,2026-05-15,mobile,affiliate,Zurich,2,19,94.3
2017,2026-01-11,desktop,paid_search,Salzburg,3,13,76.8
2018,2026-06-03,mobile,email,Zurich,6,23,27.8
2019,2026-05-04,mobile,paid_search,Rome,3,23,135.4
2020,2026-05-24,mobile,organic_search,Vienna,7,19,221.0
2021,2026-07-08,desktop,direct,Vienna,7,17,288.8
2022,2026-01-24,desktop,direct,Frankfurt,5,10,217.9
2023,2026-03-26,desktop,direct,Berlin,7,13,46.2
2024,2026-02-02,mobile,paid_search,Frankfurt,1,17,72.8
2025,2026-08-24,mobile,paid_search,Frankfurt,5,11,75.4
2026,2026-08-13,desktop,paid_search,Amsterdam,5,22,185.6
2027,2026-08-12,tablet,affiliate,Amsterdam,1,16,234.8
2028,2026-03-05,desktop,affiliate,Cologne,5,13,40.6
2029,2026-03-22,desktop,organic_search,Hamburg,1,22,220.7
2030,2026-04-23,desktop,direct,Amsterdam,1,6,61.1
2031,2026-01-01,mobile,organic_search,Zurich,1,11,103.4
2032,2026-07-28,mobile,direct,Cologne,6,4,269.5
2033,2026-02-12,tablet,organic_search,Berlin,4,16,34.9
2034,2026-06-15,mobile,paid_search,Vienna,3,24,183.0
2035,2026-01-08,mobile,paid_search,Amsterdam,5,24,66.3
2036,2026-02-02,mobile,email,Hamburg,1,20,128.6
2037,2026-06-14,mobile,paid_search,Salzburg,7,16,75.0
2038,2026-01-15,mobile,affiliate,Rome,1,3,23.0
2039,2026-02-04,mobile,organic_search,Amsterdam,2,18,123.9
2040,2026-02-19,tablet,organic_search,Rome,6,12,52.4
2041,2026-04-27,tablet,organic_search,Berlin,1,22,22.9
2042,2026-02-22,tablet,organic_search,Paris,2,23,13.8
2043,2026-02-15,mobile,direct,Paris,2,13,139.7
2044,2026-02-15,desktop,paid_search,Zurich,1,24,7.1
2045,2026-07-29,mobile,paid_search,Salzburg,4,4,117.1
2046,2026-07-17,mobile,affiliate,Hamburg,6,19,44.4
2047,2026-03-13,mobile,email,Amsterdam,1,12,137.7
2048,2026-06-06,mobile,paid_search,Zurich,3,15,22.6
2049,2026-06-18,mobile,direct,Barcelona,6,5,38.6
2050,2026-03-01,mobile,organic_search,Hamburg,5,12,97.6
2051,2026-05-22,mobile,paid_search,Berlin,5,22,102.6
2052,2026-01-15,mobile,affiliate,Vienna,1,21,34.1
2053,2026-04-01,desktop,affiliate,Munich,6,20,138.9
2054,2026-05-25,mobile,email,Rome,5,10,66.4
2055,2026-07-03,desktop,direct,Munich,7,19,107.4
2056,2026-04-01,mobile,email,Hamburg,4,6,164.9
2057,2026-01-28,mobile,organic_search,Munich,6,12,93.2
2058,2026-06-21,mobile,paid_search,Rome,4,10,121.9
2059,2026-06-22,tablet,direct,Munich,6,19,95.0
2060,2026-01-25,desktop,direct,Vienna,4,13,136.3
2061,2026-02-13,desktop,organic_search,Paris,5,15,4.0
2062,2026-03-09,mobile,direct,Cologne,4,5,92.0
2063,2026-01-20,mobile,organic_search,Frankfurt,2,5,198.6
2064,2026-07-09,desktop,direct,Amsterdam,2,24,111.2
2065,2026-08-23,mobile,paid_search,Munich,2,6,46.5
2066,2026-07-23,mobile,paid_search,Salzburg,5,4,112.2
2067,2026-02-11,mobile,affiliate,Amsterdam,7,21,140.3
2068,2026-03-07,desktop,affiliate,Frankfurt,2,10,130.2
2069,2026-03-06,mobile,email,Frankfurt,3,22,48.3
2070,2026-04-22,mobile,paid_search,Munich,3,10,83.5
2071,2026-01-03,mobile,paid_search,Hamburg,4,17,136.2
2072,2026-02-24,mobile,paid_search,Cologne,6,9,84.4
2073,2026-06-13,mobile,direct,Paris,2,8,330.8
2074,2026-06-09,mobile,direct,Munich,2,20,142.9
2075,2026-07-03,desktop,organic_search,Rome,1,22,97.3
2076,2026-04-13,mobile,paid_search,Cologne,1,3,85.6
2077,2026-01-05,desktop,direct,Zurich,4,22,39.7
2078,2026-08-25,mobile,organic_search,Barcelona,2,8,72.1
2079,2026-05-06,mobile,organic_search,Vienna,5,18,175.8
2080,2026-08-09,desktop,email,Paris,2,16,130.0
2081,2026-07-25,desktop,affiliate,Munich,7,19,159.6
2082,2026-01-30,desktop,organic_search,Zurich,2,8,55.9
2083,2026-07-10,mobile,affiliate,Vienna,3,5,141.8
2084,2026-06-06,desktop,email,Salzburg,7,10,82.1
2085,2026-07-14,mobile,organic_search,Frankfurt,3,19,36.2
2086,2026-06-20,mobile,organic_search,Rome,6,5,215.4
2087,2026-01-17,mobile,paid_search,Salzburg,7,22,131.1
2088,2026-01-26,mobile,direct,Rome,4,4,149.9
2089,2026-03-10,desktop,paid_search,Frankfurt,5,17,19.2
2090,2026-02-19,mobile,email,Berlin,1,20,43.9
2091,2026-05-07,mobile,organic_search,Salzburg,2,23,39.9
2092,2026-08-29,tablet,organic_search,Paris,1,18,51.1
2093,2026-05-04,mobile,direct,Salzburg,7,4,209.4
2094,2026-03-23,mobile,paid_search,Paris,7,5,42.8
2095,2026-07-03,tablet,paid_search,Munich,1,6,124.3
2096,2026-04-28,mobile,email,Amsterdam,4,11,118.0
2097,2026-08-11,mobile,organic_search,Hamburg,5,24,51.0
2098,2026-04-15,mobile,paid_search,Berlin,4,10,223.0
2099,2026-06-23,mobile,affiliate,Vienna,7,22,88.7
2100,2026-01-20,mobile,affiliate,Zurich,1,5,184.7
2101,2026-04-27,mobile,paid_search,Rome,1,8,76.1
2102,2026-04-15,desktop,paid_search,Salzburg,7,21,56.9
2103,2026-05-23,mobile,organic_search,Paris,4,23,17.2
2104,2026-07-05,desktop,organic_search,Salzburg,5,18,106.0
2105,2026-01-01,desktop,organic_search,Salzburg,3,4,238.7
2106,2026-03-15,tablet,paid_search,Hamburg,2,14,139.1
2107,2026-04-20,mobile,affiliate,Salzburg,3,12,137.3
2108,2026-06-06,mobile,organic_search,Paris,5,21,190.7
2109,2026-01-28,tablet,affiliate,Salzburg,2,7,133.7
2110,2026-06-19,tablet,paid_search,Zurich,1,24,40.9
2111,2026-06-27,desktop,organic_search,Cologne,7,23,75.0
2112,2026-05-11,mobile,organic_search,Rome,6,22,136.7
2113,2026-07-09,tablet,paid_search,Vienna,2,24,214.8
2114,2026-05-05,mobile,organic_search,Frankfurt,1,18,97.3
2115,2026-08-30,mobile,direct,Salzburg,1,5,162.9
2116,2026-01-13,desktop,organic_search,Amsterdam,7,6,52.9
2117,2026-04-23,mobile,direct,Rome,1,22,310.6
2118,2026-06-24,mobile,organic_search,Salzburg,1,21,141.2
2119,2026-01-22,desktop,direct,Frankfurt,1,4,123.6
2120,2026-06-11,desktop,paid_search,Cologne,4,16,135.4
2121,2026-02-03,desktop,email,Hamburg,4,23,427.7
2122,2026-05-26,mobile,direct,Cologne,3,11,40.7
2123,2026-08-08,mobile,paid_search,Munich,2,23,36.4
2124,2026-02-28,desktop,affiliate,Barcelona,7,9,77.1
2125,2026-02-17,desktop,email,Cologne,7,20,30.1
2126,2026-05-29,desktop,email,Paris,2,11,11.0
2127,2026-03-29,mobile,organic_search,Salzburg,6,3,162.3
2128,2026-07-11,mobile,direct,Munich,4,10,136.0
2129,2026-02-02,mobile,direct,Paris,5,8,203.8
2130,2026-07-11,mobile,email,Amsterdam,6,14,17.3
2131,2026-07-18,desktop,direct,Hamburg,2,14,202.9
2132,2026-07-01,mobile,organic_search,Barcelona,7,24,88.9
2133,2026-03-14,mobile,organic_search,Berlin,7,12,141.2
2134,2026-06-25,desktop,paid_search,Munich,5,4,205.6
2135,2026-04-01,mobile,paid_search,Cologne,2,12,179.8
2136,2026-04-14,desktop,paid_search,Amsterdam,3,21,184.2
2137,2026-06-29,mobile,email,Zurich,7,18,138.7
2138,2026-08-13,mobile,email,Cologne,6,23,193.0
2139,2026-05-25,mobile,direct,Paris,3,6,43.4
2140,2026-08-25,mobile,paid_search,Amsterdam,7,24,24.5
2141,2026-05-25,tablet,direct,Amsterdam,5,16,21.0
2142,2026-07-22,desktop,email,Berlin,6,15,211.4
2143,2026-01-13,mobile,direct,Barcelona,5,6,17.8
2144,2026-02-17,mobile,direct,Munich,7,5,141.0
2145,2026-02-22,mobile,organic_search,Zurich,4,8,23.2
2146,2026-03-19,mobile,paid_search,Cologne,1,19,193.9
2147,2026-03-08,mobile,direct,Paris,3,16,24.0
2148,2026-06-19,mobile,affiliate,Paris,4,16,16.0
2149,2026-08-29,desktop,direct,Zurich,2,18,25.1
2150,2026-02-11,desktop,paid_search,Vienna,4,18,20.8
2151,2026-02-24,tablet,direct,Amsterdam,4,8,54.6
2152,2026-08-13,mobile,paid_search,Rome,2,21,139.9
2153,2026-04-01,mobile,paid_search,Paris,7,9,291.2
2154,2026-06-19,mobile,paid_search,Paris,4,23,43.0
2155,2026-02-16,desktop,direct,Salzburg,3,19,57.8
2156,2026-08-06,mobile,email,Munich,3,4,254.2
2157,2026-04-25,mobile,paid_search,Hamburg,5,15,93.8
2158,2026-07-31,desktop,organic_search,Frankfurt,2,15,262.7
2159,2026-01-01,mobile,paid_search,Paris,1,9,38.1
2160,2026-05-12,mobile,email,Frankfurt,5,15,78.8
2161,2026-07-14,desktop,organic_search,Salzburg,2,15,29.5
2162,2026-02-04,desktop,paid_search,Amsterdam,7,18,78.2
2163,2026-08-02,mobile,organic_search,Barcelona,1,5,85.5
2164,2026-07-09,desktop,direct,Hamburg,6,9,103.8
2165,2026-04-29,mobile,organic_search,Frankfurt,7,12,169.1
2166,2026-08-09,mobile,paid_search,Rome,5,13,243.2
2167,2026-07-24,desktop,paid_search,Paris,5,20,30.7
2168,2026-02-13,mobile,paid_search,Salzburg,7,20,123.6
2169,2026-01-02,mobile,direct,Barcelona,6,22,180.1
2170,2026-02-28,desktop,organic_search,Salzburg,1,8,79.1
2171,2026-04-16,mobile,direct,Zurich,6,3,28.3
2172,2026-06-15,mobile,organic_search,Paris,4,10,184.9
2173,2026-02-11,mobile,direct,Barcelona,1,18,61.5
2174,2026-03-13,tablet,organic_search,Barcelona,2,19,251.3
2175,2026-04-05,desktop,direct,Barcelona,4,3,20.8
2176,2026-05-08,desktop,direct,Berlin,1,20,136.2
2177,2026-04-13,mobile,organic_search,Rome,7,19,274.8
2178,2026-04-14,mobile,email,Zurich,2,21,41.1
2179,2026-06-14,tablet,organic_search,Salzburg,6,21,149.7
2180,2026-06-11,mobile,organic_search,Paris,2,17,29.9
2181,2026-07-14,desktop,organic_search,Amsterdam,5,23,58.0
2182,2026-08-19,mobile,organic_search,Zurich,7,5,79.7
2183,2026-08-16,mobile,affiliate,Paris,5,5,119.8
2184,2026-07-27,mobile,paid_search,Salzburg,7,13,154.8
2185,2026-03-14,mobile,organic_search,Salzburg,3,3,45.8
2186,2026-06-13,desktop,paid_search,Munich,2,16,22.6
2187,2026-06-16,desktop,direct,Berlin,3,11,174.6
2188,2026-06-14,mobile,affiliate,Frankfurt,5,10,49.0
2189,2026-07-22,desktop,direct,Berlin,1,8,267.8
2190,2026-07-08,desktop,organic_search,Salzburg,3,24,47.6
2191,2026-04-07,desktop,organic_search,Barcelona,5,12,16.1
2192,2026-02-23,mobile,affiliate,Cologne,5,21,190.3
2193,2026-05-16,desktop,direct,Berlin,2,6,89.3
2194,2026-05-24,mobile,organic_search,Rome,2,5,267.9
2195,2026-06-16,mobile,direct,Amsterdam,3,19,115.7
2196,2026-01-14,mobile,organic_search,Munich,3,19,77.7
2197,2026-01-20,mobile,paid_search,Rome,1,17,265.6
2198,2026-06-26,desktop,organic_search,Vienna,3,10,119.3
2199,2026-05-31,mobile,affiliate,Salzburg,7,11,82.2
2200,2026-06-26,desktop,paid_search,Barcelona,5,3,80.7
2201,2026-05-12,desktop,organic_search,Hamburg,2,18,175.3
2202,2026-07-19,desktop,email,Hamburg,7,22,55.0
2203,2026-03-16,mobile,paid_search,Paris,4,10,297.6
2204,2026-05-08,mobile,direct,Munich,3,17,66.4
2205,2026-08-29,tablet,email,Salzburg,3,15,35.6
2206,2026-08-25,mobile,organic_search,Cologne,6,8,28.0
2207,2026-01-20,mobile,paid_search,Hamburg,2,12,166.1
2208,2026-01-31,mobile,organic_search,Rome,7,7,232.5
2209,2026-08-19,mobile,email,Frankfurt,6,10,151.8
2210,2026-05-20,desktop,paid_search,Paris,1,9,168.3
2211,2026-06-04,tablet,paid_search,Barcelona,2,4,155.2
2212,2026-01-04,mobile,direct,Zurich,4,18,107.7
2213,2026-01-15,desktop,affiliate,Salzburg,3,9,104.5
2214,2026-06-18,desktop,paid_search,Munich,6,15,42.7
2215,2026-02-13,desktop,organic_search,Salzburg,6,13,214.7
2216,2026-07-08,mobile,paid_search,Paris,7,12,304.8
2217,2026-07-09,desktop,organic_search,Berlin,3,9,62.5
2218,2026-08-20,desktop,paid_search,Rome,1,21,27.8
2219,2026-02-17,mobile,paid_search,Vienna,4,24,106.2
2220,2026-04-02,desktop,paid_search,Vienna,7,6,147.9
2221,2026-01-12,mobile,paid_search,Amsterdam,6,7,206.4
2222,2026-05-10,desktop,direct,Barcelona,2,23,330.3
2223,2026-05-13,desktop,organic_search,Hamburg,3,11,141.2
2224,2026-01-25,desktop,paid_search,Amsterdam,5,20,109.8
2225,2026-08-30,mobile,paid_search,Paris,4,18,127.5
2226,2026-05-21,desktop,direct,Hamburg,5,23,11.2
2227,2026-04-02,mobile,paid_search,Berlin,3,8,40.8
2228,2026-07-12,mobile,organic_search,Cologne,2,18,123.2
2229,2026-04-17,mobile,direct,Cologne,1,14,158.5
2230,2026-06-25,mobile,organic_search,Vienna,6,15,93.4
2231,2026-07-07,desktop,paid_search,Berlin,5,18,188.4
2232,2026-07-19,mobile,paid_search,Salzburg,7,19,129.5
2233,2026-05-25,mobile,email,Cologne,3,24,138.8
2234,2026-03-13,tablet,direct,Salzburg,5,7,125.8
2235,2026-03-07,mobile,direct,Cologne,1,14,206.8
2236,2026-08-27,mobile,organic_search,Rome,7,11,111.0
2237,2026-05-13,desktop,paid_search,Vienna,7,19,103.5
2238,2026-05-15,mobile,organic_search,Paris,3,19,102.7
2239,2026-04-22,mobile,paid_search,Rome,4,20,95.8
2240,2026-05-18,mobile,organic_search,Amsterdam,2,18,161.5
2241,2026-01-04,desktop,organic_search,Cologne,1,10,99.3
2242,2026-05-28,desktop,paid_search,Rome,2,12,115.0
2243,2026-01-27,mobile,direct,Hamburg,3,13,92.7
2244,2026-05-14,mobile,paid_search,Barcelona,3,13,91.0
2245,2026-05-27,mobile,organic_search,Hamburg,6,22,35.1
2246,2026-08-17,mobile,paid_search,Salzburg,2,10,17.2
2247,2026-02-06,desktop,paid_search,Munich,2,17,57.9
2248,2026-08-01,tablet,affiliate,Salzburg,7,15,164.4
2249,2026-07-06,desktop,organic_search,Munich,1,3,231.2
2250,2026-07-05,desktop,direct,Rome,7,9,44.7
2251,2026-04-29,desktop,direct,Cologne,7,22,50.5
2252,2026-07-23,mobile,email,Paris,3,14,171.1
2253,2026-01-21,mobile,email,Hamburg,5,11,35.5
2254,2026-04-28,desktop,paid_search,Barcelona,1,12,96.3
2255,2026-08-19,desktop,direct,Berlin,4,18,30.3
2256,2026-05-24,desktop,paid_search,Salzburg,1,16,233.0
2257,2026-07-22,mobile,email,Paris,6,10,162.7
2258,2026-05-18,mobile,direct,Hamburg,6,15,77.8
2259,2026-06-04,desktop,organic_search,Berlin,3,14,77.1
2260,2026-06-22,mobile,organic_search,Zurich,3,5,159.6
2261,2026-06-30,mobile,affiliate,Amsterdam,5,13,165.1
2262,2026-04-16,mobile,paid_search,Cologne,7,7,42.3
2263,2026-06-10,mobile,direct,Cologne,1,4,66.6
2264,2026-03-24,desktop,email,Zurich,1,23,10.7
2265,2026-01-04,mobile,organic_search,Salzburg,3,11,212.4
2266,2026-01-25,desktop,organic_search,Cologne,4,20,211.4
2267,2026-05-31,tablet,affiliate,Berlin,1,8,102.2
2268,2026-05-23,mobile,direct,Frankfurt,6,6,132.2
2269,2026-03-01,desktop,direct,Berlin,2,16,65.9
2270,2026-04-18,mobile,paid_search,Barcelona,4,7,49.3
2271,2026-08-18,mobile,organic_search,Frankfurt,6,24,43.2
2272,2026-07-16,mobile,organic_search,Berlin,4,7,18.4
2273,2026-04-09,mobile,organic_search,Amsterdam,3,20,59.1
2274,2026-05-12,mobile,organic_search,Amsterdam,5,7,50.0
2275,2026-06-20,desktop,affiliate,Paris,1,23,131.1
2276,2026-06-23,mobile,email,Barcelona,3,17,302.5
2277,2026-02-06,mobile,direct,Vienna,7,13,77.6
2278,2026-03-09,desktop,organic_search,Frankfurt,7,9,23.4
2279,2026-04-25,tablet,paid_search,Amsterdam,4,4,40.4
2280,2026-08-07,mobile,organic_search,Hamburg,6,14,44.6
2281,2026-01-26,desktop,organic_search,Salzburg,2,8,160.0
2282,2026-06-25,desktop,organic_search,Cologne,7,12,181.3
2283,2026-04-09,mobile,direct,Paris,3,13,129.4
2284,2026-04-08,mobile,paid_search,Hamburg,3,6,32.8
2285,2026-05-16,mobile,direct,Salzburg,1,10,185.4
2286,2026-02-17,mobile,direct,Cologne,3,7,23.0
2287,2026-06-03,mobile,paid_search,Cologne,3,13,113.7
2288,2026-04-30,mobile,organic_search,Amsterdam,7,15,155.0
2289,2026-04-06,mobile,affiliate,Amsterdam,3,22,95.9
2290,2026-02-05,mobile,direct,Rome,7,7,94.4
2291,2026-02-08,mobile,organic_search,Rome,7,3,54.6
2292,2026-02-19,desktop,direct,Rome,7,16,35.2
2293,2026-06-09,desktop,paid_search,Rome,5,7,237.6
2294,2026-04-05,desktop,direct,Munich,4,14,93.8
2295,2026-01-03,mobile,direct,Barcelona,5,24,83.0
2296,2026-07-31,mobile,organic_search,Rome,7,11,228.4
2297,2026-07-15,mobile,direct,Munich,7,16,17.9
2298,2026-06-19,mobile,paid_search,Barcelona,1,22,292.7
2299,2026-06-13,mobile,direct,Vienna,2,11,89.9
2300,2026-06-08,mobile,paid_search,Frankfurt,4,6,99.5
2301,2026-07-07,mobile,organic_search,Vienna,4,7,55.7
2302,2026-08-13,mobile,organic_search,Vienna,5,3,80.0
2303,2026-08-24,mobile,direct,Paris,5,12,25.7
2304,2026-03-11,mobile,organic_search,Rome,3,20,112.5
2305,2026-03-21,mobile,direct,Munich,4,20,214.1
2306,2026-02-10,desktop,email,Rome,6,7,81.6
2307,2026-05-09,tablet,affiliate,Vienna,2,24,114.0
2308,2026-04-11,mobile,affiliate,Rome,2,13,95.5
2309,2026-06-03,mobile,email,Amsterdam,2,8,185.4
2310,2026-05-30,mobile,paid_search,Amsterdam,3,5,59.7
2311,2026-05-22,mobile,organic_search,Berlin,1,20,185.8
2312,2026-01-04,mobile,organic_search,Frankfurt,1,22,60.9
2313,2026-06-03,tablet,organic_search,Rome,2,3,113.8
2314,2026-02-05,mobile,organic_search,Frankfurt,7,16,112.0
2315,2026-08-16,mobile,paid_search,Amsterdam,4,19,208.7
2316,2026-01-09,mobile,direct,Frankfurt,6,24,254.6
2317,2026-04-28,mobile,affiliate,Munich,6,21,58.4
2318,2026-04-06,mobile,paid_search,Vienna,2,13,82.8
2319,2026-07-28,mobile,affiliate,Amsterdam,5,9,241.7
2320,2026-01-03,desktop,email,Paris,5,24,76.8
2321,2026-06-02,mobile,direct,Zurich,7,18,30.2
2322,2026-07-19,desktop,organic_search,Vienna,1,8,286.3
2323,2026-07-09,mobile,direct,Munich,7,24,171.5
2324,2026-03-12,mobile,direct,Rome,3,13,93.0
2325,2026-03-21,tablet,direct,Paris,2,17,55.3
2326,2026-02-21,mobile,paid_search,Salzburg,4,13,45.3
2327,2026-03-21,desktop,affiliate,Salzburg,5,16,46.9
2328,2026-04-13,desktop,organic_search,Barcelona,4,13,157.0
2329,2026-08-15,mobile,organic_search,Salzburg,6,4,214.4
2330,2026-08-04,mobile,direct,Munich,3,15,32.2
2331,2026-07-21,mobile,affiliate,Amsterdam,1,7,64.5
2332,2026-04-08,mobile,organic_search,Hamburg,4,4,24.1
2333,2026-05-03,mobile,organic_search,Hamburg,4,8,77.1
2334,2026-05-03,desktop,direct,Hamburg,3,22,74.6
2335,2026-04-22,tablet,direct,Zurich,6,6,109.3
2336,2026-02-17,desktop,paid_search,Hamburg,6,18,11.6
2337,2026-03-02,mobile,organic_search,Cologne,4,5,84.0
2338,2026-05-21,mobile,paid_search,Barcelona,2,15,129.1
2339,2026-02-20,mobile,paid_search,Rome,3,22,109.3
2340,2026-01-19,desktop,organic_search,Cologne,6,11,151.2
2341,2026-02-24,mobile,paid_search,Rome,4,7,119.7
2342,2026-08-09,mobile,organic_search,Cologne,6,10,14.9
2343,2026-08-16,tablet,direct,Barcelona,1,21,225.9
2344,2026-01-14,tablet,direct,Berlin,7,22,200.9
2345,2026-03-06,mobile,affiliate,Hamburg,1,23,53.0
2346,2026-07-14,tablet,email,Cologne,5,7,82.9
2347,2026-04-19,mobile,organic_search,Vienna,1,12,41.2
2348,2026-02-21,desktop,paid_search,Salzburg,3,10,131.5
2349,2026-06-15,mobile,paid_search,Paris,3,9,137.0
2350,2026-06-08,mobile,direct,Berlin,4,8,193.2
2351,2026-06-06,desktop,organic_search,Frankfurt,4,20,86.2
2352,2026-04-04,mobile,affiliate,Frankfurt,1,3,114.9
2353,2026-07-06,tablet,direct,Cologne,7,24,42.7
2354,2026-02-28,mobile,email,Vienna,4,20,159.7
2355,2026-04-02,mobile,direct,Hamburg,7,6,221.7
2356,2026-08-06,mobile,affiliate,Vienna,2,15,178.6
2357,2026-03-22,desktop,email,Berlin,3,10,256.1
2358,2026-01-30,mobile,paid_search,Munich,2,7,83.9
2359,2026-05-02,desktop,direct,Berlin,7,19,30.1
2360,2026-06-13,mobile,affiliate,Zurich,4,11,6.6
2361,2026-06-03,mobile,affiliate,Hamburg,2,3,71.1
2362,2026-03-04,mobile,affiliate,Rome,4,11,84.0
2363,2026-08-29,mobile,direct,Frankfurt,2,11,156.7
2364,2026-06-29,mobile,direct,Cologne,5,9,76.8
2365,2026-05-23,desktop,paid_search,Salzburg,4,5,39.9
2366,2026-06-29,mobile,organic_search,Berlin,6,18,141.3
2367,2026-07-05,mobile,paid_search,Salzburg,3,20,119.8
2368,2026-05-20,mobile,organic_search,Salzburg,2,22,182.0
2369,2026-08-12,desktop,organic_search,Vienna,4,8,218.2
2370,2026-03-11,desktop,organic_search,Amsterdam,3,14,207.9
2371,2026-01-01,mobile,paid_search,Rome,1,16,122.7
2372,2026-05-22,mobile,organic_search,Amsterdam,3,7,93.3
2373,2026-03-03,mobile,email,Barcelona,5,15,16.6
2374,2026-07-19,mobile,affiliate,Vienna,5,10,151.7
2375,2026-01-01,desktop,direct,Frankfurt,2,23,177.0
2376,2026-07-10,mobile,paid_search,Berlin,5,19,41.2
2377,2026-08-07,desktop,affiliate,Salzburg,3,4,16.6
2378,2026-08-13,mobile,paid_search,Paris,1,8,72.7
2379,2026-04-04,mobile,direct,Rome,7,13,222.0
2380,2026-07-17,tablet,direct,Munich,1,3,86.6
2381,2026-05-21,desktop,direct,Hamburg,7,22,24.8
2382,2026-01-06,mobile,email,Rome,1,23,125.5
2383,2026-04-27,desktop,organic_search,Frankfurt,3,14,48.3
2384,2026-06-23,tablet,email,Salzburg,5,10,235.6
2385,2026-07-02,mobile,organic_search,Zurich,3,24,40.6
2386,2026-04-02,tablet,paid_search,Frankfurt,2,5,95.3
2387,2026-03-31,mobile,organic_search,Vienna,6,8,39.0
2388,2026-06-06,tablet,paid_search,Rome,3,16,132.7
2389,2026-01-03,desktop,paid_search,Salzburg,6,13,98.3
2390,2026-07-25,mobile,direct,Paris,1,7,210.3
2391,2026-03-28,mobile,paid_search,Berlin,1,20,179.8
2392,2026-05-22,desktop,affiliate,Munich,4,13,82.4
2393,2026-04-24,mobile,paid_search,Vienna,3,12,83.8
2394,2026-04-07,mobile,organic_search,Amsterdam,7,8,97.0
2395,2026-04-09,mobile,organic_search,Paris,4,8,125.2
2396,2026-07-08,mobile,email,Paris,7,22,450.8
2397,2026-03-08,mobile,affiliate,Paris,4,5,161.7
2398,2026-08-18,mobile,direct,Vienna,5,10,88.4
2399,2026-01-24,mobile,direct,Amsterdam,1,21,22.0
2400,2026-04-12,mobile,direct,Cologne,3,22,18.7
2401,2026-01-07,desktop,direct,Paris,5,6,16.5
2402,2026-04-06,mobile,affiliate,Rome,3,14,216.4
2403,2026-08-09,desktop,paid_search,Barcelona,5,5,64.2
2404,2026-05-16,tablet,direct,Amsterdam,4,23,232.5
2405,2026-01-16,tablet,direct,Hamburg,6,11,77.2
2406,2026-06-14,mobile,paid_search,Amsterdam,5,20,60.0
2407,2026-04-07,desktop,paid_search,Amsterdam,5,23,166.4
2408,2026-01-30,desktop,paid_search,Cologne,1,21,14.8
2409,2026-01-19,mobile,affiliate,Paris,1,15,293.5
2410,2026-04-17,tablet,organic_search,Frankfurt,5,7,39.7
2411,2026-01-27,mobile,organic_search,Zurich,2,10,97.8
2412,2026-06-07,mobile,direct,Paris,5,22,72.6
2413,2026-06-06,mobile,paid_search,Barcelona,4,23,167.7
2414,2026-08-02,mobile,direct,Barcelona,2,10,69.9
2415,2026-08-12,desktop,direct,Amsterdam,3,9,233.8
2416,2026-08-14,desktop,paid_search,Berlin,3,14,206.7
2417,2026-03-26,desktop,paid_search,Berlin,5,3,152.5
2418,2026-03-03,mobile,direct,Amsterdam,2,17,35.5
2419,2026-06-30,tablet,organic_search,Berlin,1,10,14.9
2420,2026-04-13,mobile,direct,Amsterdam,3,22,125.2
2421,2026-07-08,mobile,paid_search,Amsterdam,3,16,150.7
2422,2026-07-20,mobile,email,Hamburg,4,9,99.3
2423,2026-06-04,mobile,direct,Cologne,2,22,99.9
2424,2026-04-25,desktop,paid_search,Rome,3,19,274.3
2425,2026-07-30,mobile,direct,Vienna,5,16,35.6
2426,2026-05-04,mobile,organic_search,Amsterdam,2,15,112.9
2427,2026-02-15,mobile,paid_search,Cologne,1,15,172.2
2428,2026-01-27,mobile,paid_search,Munich,7,7,296.2
2429,2026-01-19,mobile,direct,Hamburg,3,18,55.5
2430,2026-01-26,tablet,organic_search,Hamburg,4,9,110.6
2431,2026-04-21,tablet,direct,Cologne,6,7,86.5
2432,2026-05-23,tablet,organic_search,Amsterdam,4,23,131.1
2433,2026-05-10,mobile,organic_search,Vienna,5,22,179.8
2434,2026-03-30,tablet,paid_search,Vienna,4,4,131.3
2435,2026-04-01,mobile,organic_search,Cologne,4,15,56.6
2436,2026-05-07,mobile,paid_search,Zurich,4,10,110.7
2437,2026-08-12,desktop,paid_search,Paris,4,14,108.5
2438,2026-06-25,desktop,paid_search,Barcelona,1,22,32.0
2439,2026-01-30,mobile,affiliate,Paris,1,17,597.7
2440,2026-03-08,mobile,direct,Vienna,1,13,69.3
2441,2026-08-14,mobile,paid_search,Munich,6,5,173.5
2442,2026-07-28,mobile,affiliate,Cologne,6,7,12.0
2443,2026-04-13,desktop,paid_search,Hamburg,3,16,75.6
2444,2026-03-03,mobile,direct,Salzburg,7,13,40.1
2445,2026-07-21,mobile,paid_search,Munich,2,5,65.1
2446,2026-07-21,mobile,email,Vienna,4,5,34.2
2447,2026-04-02,desktop,paid_search,Zurich,3,14,150.6
2448,2026-01-23,desktop,organic_search,Frankfurt,5,18,48.0
2449,2026-05-03,mobile,paid_search,Salzburg,2,21,145.1
2450,2026-05-30,mobile,paid_search,Salzburg,2,21,56.7
2451,2026-06-16,mobile,paid_search,Munich,6,6,60.8
2452,2026-08-08,mobile,direct,Hamburg,1,3,141.4
2453,2026-04-25,mobile,direct,Zurich,1,11,37.3
2454,2026-08-09,mobile,organic_search,Vienna,2,6,107.2
2455,2026-07-31,mobile,organic_search,Frankfurt,4,16,53.0
2456,2026-01-11,desktop,organic_search,Salzburg,4,16,115.2
2457,2026-05-10,desktop,paid_search,Vienna,5,17,203.7
2458,2026-02-05,mobile,paid_search,Zurich,5,12,185.3
2459,2026-01-05,mobile,paid_search,Amsterdam,1,6,35.0
2460,2026-01-10,mobile,email,Munich,4,13,10.3
2461,2026-07-13,mobile,paid_search,Berlin,4,10,202.7
2462,2026-07-29,mobile,direct,Amsterdam,7,20,201.8
2463,2026-04-30,mobile,affiliate,Rome,3,3,124.9
2464,2026-08-27,desktop,direct,Amsterdam,6,17,115.4
2465,2026-06-12,desktop,direct,Munich,6,20,8.6
2466,2026-01-12,mobile,direct,Rome,4,17,73.8
2467,2026-03-20,desktop,paid_search,Salzburg,7,20,167.2
2468,2026-06-09,mobile,affiliate,Berlin,1,21,25.5
2469,2026-06-19,mobile,direct,Paris,1,14,67.8
2470,2026-06-22,mobile,affiliate,Berlin,5,7,80.0
2471,2026-06-24,mobile,paid_search,Paris,2,24,195.2
2472,2026-05-31,mobile,organic_search,Barcelona,2,3,69.7
2473,2026-08-30,mobile,email,Amsterdam,5,5,175.2
2474,2026-05-25,mobile,organic_search,Rome,4,16,190.7
2475,2026-03-30,desktop,affiliate,Zurich,7,17,97.6
2476,2026-02-15,mobile,affiliate,Munich,3,5,263.0
2477,2026-02-23,mobile,paid_search,Salzburg,7,7,81.6
2478,2026-04-15,desktop,email,Munich,7,9,160.1
2479,2026-04-27,mobile,affiliate,Munich,7,10,141.9
2480,2026-01-24,desktop,paid_search,Munich,5,24,80.3
2481,2026-06-17,desktop,email,Vienna,6,3,187.6
2482,2026-04-06,desktop,direct,Zurich,1,19,275.7
2483,2026-04-27,mobile,paid_search,Frankfurt,1,6,64.0
2484,2026-06-16,tablet,paid_search,Amsterdam,2,4,315.1
2485,2026-07-28,mobile,affiliate,Rome,6,11,64.3
2486,2026-05-17,mobile,direct,Cologne,7,3,143.5
2487,2026-08-22,desktop,direct,Berlin,2,15,105.3
2488,2026-06-21,desktop,direct,Amsterdam,2,7,31.6
2489,2026-08-26,desktop,direct,Zurich,4,13,110.1
2490,2026-04-11,desktop,paid_search,Berlin,3,9,115.4
2491,2026-01-31,tablet,email,Rome,5,24,192.4
2492,2026-02-28,mobile,direct,Zurich,7,22,89.4
2493,2026-02-28,mobile,affiliate,Berlin,5,20,146.7
2494,2026-03-23,desktop,paid_search,Zurich,7,23,60.9
2495,2026-03-13,mobile,organic_search,Salzburg,1,4,54.8
2496,2026-05-02,mobile,organic_search,Berlin,2,6,96.7
2497,2026-08-13,desktop,direct,Salzburg,6,3,78.7
2498,2026-01-27,mobile,paid_search,Salzburg,2,7,79.8
2499,2026-07-09,desktop,email,Berlin,1,22,92.1
2500,2026-05-18,mobile,email,Frankfurt,5,21,47.1
2501,2026-01-30,desktop,paid_search,Amsterdam,7,14,197.1
2502,2026-07-13,mobile,affiliate,Salzburg,6,16,279.7
2503,2026-04-17,tablet,email,Frankfurt,4,24,129.6
2504,2026-06-11,tablet,organic_search,Zurich,5,11,7.7
2505,2026-08-13,desktop,paid_search,Vienna,3,3,221.2
2506,2026-02-06,mobile,direct,Munich,4,12,26.4
2507,2026-02-19,mobile,organic_search,Berlin,2,23,39.5
2508,2026-02-14,mobile,organic_search,Zurich,5,14,155.4
2509,2026-05-14,mobile,paid_search,Frankfurt,7,17,120.9
2510,2026-08-25,mobile,affiliate,Barcelona,2,15,235.7
2511,2026-06-16,mobile,email,Munich,6,13,42.3
2512,2026-05-22,tablet,organic_search,Barcelona,3,11,250.0
2513,2026-01-16,desktop,direct,Amsterdam,4,8,34.7
2514,2026-03-23,desktop,organic_search,Barcelona,4,14,69.8
2515,2026-04-15,desktop,affiliate,Barcelona,6,14,105.2
2516,2026-04-29,mobile,direct,Berlin,1,18,133.9
2517,2026-08-11,tablet,organic_search,Munich,7,18,212.3
2518,2026-03-27,mobile,affiliate,Hamburg,2,16,159.3
2519,2026-01-03,mobile,organic_search,Munich,4,7,48.9
2520,2026-04-13,desktop,organic_search,Amsterdam,3,12,182.4
2521,2026-06-03,mobile,organic_search,Paris,7,21,80.3
2522,2026-04-03,mobile,paid_search,Barcelona,4,10,12.9
2523,2026-07-31,mobile,organic_search,Vienna,2,21,114.4
2524,2026-07-13,mobile,affiliate,Rome,6,15,141.2
2525,2026-04-15,mobile,paid_search,Amsterdam,6,17,134.0
2526,2026-08-08,desktop,direct,Amsterdam,6,15,137.5
2527,2026-03-04,mobile,organic_search,Hamburg,5,14,102.5
2528,2026-08-13,desktop,organic_search,Barcelona,4,10,43.8
2529,2026-06-25,mobile,paid_search,Munich,7,22,204.3
2530,2026-02-08,tablet,direct,Salzburg,6,13,113.3
2531,2026-03-30,mobile,direct,Cologne,6,10,100.2
2532,2026-06-10,mobile,paid_search,Amsterdam,7,9,135.3
2533,2026-03-22,desktop,organic_search,Amsterdam,7,16,89.7
2534,2026-07-14,mobile,paid_search,Salzburg,2,3,175.7
2535,2026-03-05,desktop,direct,Salzburg,5,12,251.8
2536,2026-08-10,tablet,organic_search,Berlin,6,24,29.2
2537,2026-08-21,mobile,direct,Rome,5,9,19.7
2538,2026-01-25,desktop,affiliate,Amsterdam,7,4,58.4
2539,2026-06-30,mobile,organic_search,Berlin,4,23,37.8
2540,2026-06-11,desktop,organic_search,Salzburg,7,21,118.1
2541,2026-02-03,mobile,paid_search,Salzburg,4,8,296.2
2542,2026-06-08,mobile,direct,Berlin,5,20,304.3
2543,2026-03-13,tablet,paid_search,Vienna,6,17,67.2
2544,2026-07-16,desktop,organic_search,Berlin,7,10,43.1
2545,2026-08-05,desktop,direct,Munich,2,9,69.5
2546,2026-01-01,mobile,paid_search,Rome,7,21,153.2
2547,2026-07-20,mobile,direct,Frankfurt,2,16,44.2
2548,2026-08-26,mobile,organic_search,Munich,5,20,23.7
2549,2026-03-27,mobile,affiliate,Vienna,4,19,68.6
2550,2026-08-26,desktop,organic_search,Salzburg,1,3,98.4
2551,2026-06-21,desktop,affiliate,Frankfurt,6,12,100.5
2552,2026-05-18,mobile,organic_search,Munich,2,22,51.1
2553,2026-01-25,mobile,organic_search,Rome,1,12,27.7
2554,2026-05-01,desktop,organic_search,Berlin,2,9,115.9
2555,2026-02-06,mobile,email,Frankfurt,2,13,110.9
2556,2026-03-11,mobile,direct,Zurich,4,24,47.3
2557,2026-08-07,mobile,paid_search,Rome,6,14,124.7
2558,2026-01-28,mobile,affiliate,Amsterdam,2,17,105.8
2559,2026-05-12,mobile,organic_search,Zurich,4,14,118.0
2560,2026-08-26,mobile,paid_search,Vienna,3,3,101.6
2561,2026-02-02,desktop,organic_search,Barcelona,3,6,49.8
2562,2026-02-15,mobile,paid_search,Vienna,2,24,252.9
2563,2026-04-29,mobile,organic_search,Zurich,1,16,131.5
2564,2026-05-01,desktop,organic_search,Vienna,2,6,42.7
2565,2026-04-23,mobile,organic_search,Barcelona,5,19,158.6
2566,2026-02-23,desktop,paid_search,Berlin,3,9,194.8
2567,2026-08-30,mobile,organic_search,Hamburg,5,19,177.3
2568,2026-01-26,mobile,organic_search,Rome,3,23,103.4
2569,2026-01-04,mobile,direct,Munich,1,17,86.1
2570,2026-03-01,desktop,organic_search,Zurich,3,21,81.6
2571,2026-06-28,mobile,organic_search,Zurich,5,11,132.5
2572,2026-02-01,tablet,paid_search,Munich,2,22,219.6
2573,2026-07-03,mobile,affiliate,Cologne,7,14,224.5
2574,2026-04-06,desktop,email,Cologne,6,22,28.5
2575,2026-07-07,mobile,email,Vienna,4,20,57.7
2576,2026-02-22,tablet,direct,Salzburg,7,23,21.1
2577,2026-07-08,mobile,organic_search,Hamburg,2,6,128.5
2578,2026-01-01,mobile,direct,Cologne,6,13,252.8
2579,2026-06-21,desktop,direct,Zurich,6,13,76.6
2580,2026-01-06,mobile,organic_search,Rome,6,12,170.0
2581,2026-04-13,desktop,affiliate,Amsterdam,2,13,14.6
2582,2026-06-20,desktop,email,Rome,6,10,117.3
2583,2026-01-12,tablet,paid_search,Salzburg,2,16,98.0
2584,2026-08-12,desktop,paid_search,Berlin,5,12,178.4
2585,2026-08-23,mobile,direct,Frankfurt,6,18,26.9
2586,2026-06-17,mobile,affiliate,Paris,3,4,106.2
2587,2026-02-28,desktop,organic_search,Zurich,7,7,299.4
2588,2026-06-22,mobile,organic_search,Cologne,1,21,45.3
2589,2026-03-15,desktop,direct,Rome,3,7,39.5
2590,2026-06-10,desktop,paid_search,Frankfurt,5,19,189.9
2591,2026-02-06,desktop,organic_search,Cologne,4,6,207.2
2592,2026-05-30,mobile,paid_search,Berlin,6,13,149.7
2593,2026-03-22,desktop,direct,Munich,4,17,418.5
2594,2026-05-23,mobile,organic_search,Vienna,5,18,100.6
2595,2026-03-21,desktop,paid_search,Salzburg,6,16,152.3
2596,2026-03-07,mobile,paid_search,Hamburg,7,21,145.2
2597,2026-03-29,mobile,organic_search,Vienna,2,6,73.1
2598,2026-07-31,mobile,organic_search,Frankfurt,5,6,59.3
2599,2026-04-08,mobile,organic_search,Salzburg,1,16,92.4
2600,2026-06-17,mobile,organic_search,Rome,3,16,62.4
2601,2026-06-11,desktop,organic_search,Vienna,6,20,103.0
2602,2026-05-26,tablet,paid_search,Amsterdam,5,10,173.6
2603,2026-08-23,mobile,affiliate,Zurich,7,6,30.9
2604,2026-01-11,desktop,paid_search,Rome,5,9,36.2
2605,2026-05-07,desktop,email,Paris,7,7,77.1
2606,2026-08-25,mobile,paid_search,Barcelona,6,12,88.9
2607,2026-08-29,desktop,direct,Hamburg,6,7,46.5
2608,2026-04-18,tablet,paid_search,Cologne,7,5,150.5
2609,2026-01-14,desktop,affiliate,Hamburg,7,17,41.3
2610,2026-03-28,mobile,direct,Barcelona,1,5,21.8
2611,2026-04-01,mobile,paid_search,Paris,2,22,120.9
2612,2026-03-30,mobile,paid_search,Berlin,3,17,137.4
2613,2026-01-08,mobile,email,Paris,1,4,122.0
2614,2026-08-12,mobile,affiliate,Zurich,7,6,33.7
2615,2026-05-25,desktop,organic_search,Vienna,2,21,18.8
2616,2026-04-03,desktop,organic_search,Barcelona,1,23,315.8
2617,2026-08-25,desktop,affiliate,Vienna,5,12,127.0
2618,2026-07-25,mobile,direct,Frankfurt,4,23,276.5
2619,2026-02-21,mobile,organic_search,Salzburg,4,21,55.1
2620,2026-02-14,tablet,organic_search,Vienna,1,17,242.0
2621,2026-06-23,mobile,direct,Salzburg,7,21,246.3
2622,2026-08-01,mobile,affiliate,Barcelona,5,22,169.2
2623,2026-07-04,tablet,organic_search,Amsterdam,1,17,82.6
2624,2026-07-19,desktop,organic_search,Barcelona,6,8,46.7
2625,2026-01-26,mobile,organic_search,Salzburg,2,8,139.0
2626,2026-02-11,mobile,affiliate,Paris,1,8,37.5
2627,2026-04-15,mobile,affiliate,Amsterdam,1,3,64.4
2628,2026-05-23,desktop,direct,Cologne,1,19,121.3
2629,2026-02-03,mobile,paid_search,Barcelona,2,6,258.1
2630,2026-01-15,mobile,paid_search,Frankfurt,2,14,258.1
2631,2026-03-27,mobile,direct,Frankfurt,3,10,243.6
2632,2026-06-21,tablet,email,Vienna,6,20,265.7
2633,2026-07-15,mobile,direct,Amsterdam,3,19,76.2
2634,2026-07-17,desktop,direct,Cologne,6,12,60.7
2635,2026-03-12,mobile,affiliate,Salzburg,1,18,17.6
2636,2026-03-12,mobile,organic_search,Barcelona,7,5,154.6
2637,2026-08-14,desktop,direct,Paris,5,14,69.1
2638,2026-02-07,desktop,affiliate,Cologne,4,5,77.2
2639,2026-07-07,desktop,organic_search,Salzburg,2,3,73.5
2640,2026-01-01,mobile,paid_search,Rome,6,9,92.3
2641,2026-03-05,desktop,paid_search,Barcelona,1,5,110.5
2642,2026-02-16,mobile,email,Zurich,5,9,119.8
2643,2026-04-14,mobile,direct,Munich,3,23,63.8
2644,2026-01-27,mobile,direct,Barcelona,4,20,19.7
2645,2026-05-30,mobile,direct,Zurich,7,18,101.6
2646,2026-04-17,mobile,paid_search,Vienna,5,14,254.2
2647,2026-05-27,mobile,organic_search,Munich,7,23,113.0
2648,2026-06-25,mobile,organic_search,Amsterdam,1,18,160.9
2649,2026-05-17,mobile,organic_search,Amsterdam,2,14,66.1
2650,2026-05-07,mobile,affiliate,Cologne,4,7,233.7
2651,2026-04-02,mobile,email,Cologne,2,4,73.4
2652,2026-06-09,mobile,organic_search,Paris,7,23,69.7
2653,2026-08-17,tablet,organic_search,Zurich,5,20,133.4
2654,2026-02-04,desktop,paid_search,Salzburg,5,5,176.4
2655,2026-01-22,mobile,direct,Vienna,7,24,77.0
2656,2026-07-13,mobile,organic_search,Salzburg,3,15,127.4
2657,2026-06-03,mobile,organic_search,Barcelona,4,14,440.5
2658,2026-05-21,tablet,direct,Berlin,5,10,107.5
2659,2026-01-09,desktop,direct,Munich,5,4,40.2
2660,2026-04-16,desktop,paid_search,Hamburg,4,18,38.0
2661,2026-05-15,mobile,paid_search,Hamburg,5,17,195.6
2662,2026-07-02,mobile,paid_search,Munich,7,7,41.9
2663,2026-02-14,tablet,direct,Vienna,5,19,92.0
2664,2026-05-26,mobile,organic_search,Berlin,7,16,47.5
2665,2026-01-21,mobile,organic_search,Frankfurt,7,21,38.3
2666,2026-07-15,mobile,paid_search,Berlin,5,21,217.3
2667,2026-01-13,mobile,direct,Munich,5,19,13.8
2668,2026-05-18,mobile,organic_search,Zurich,5,16,227.5
2669,2026-08-20,mobile,paid_search,Vienna,1,24,86.2
2670,2026-03-26,mobile,paid_search,Paris,5,9,106.8
2671,2026-02-01,mobile,email,Salzburg,7,11,140.4
2672,2026-06-07,tablet,affiliate,Frankfurt,5,23,67.2
2673,2026-03-28,mobile,paid_search,Amsterdam,3,19,85.2
2674,2026-06-11,desktop,paid_search,Rome,3,19,131.4
2675,2026-04-24,mobile,direct,Hamburg,1,18,307.6
2676,2026-03-26,desktop,affiliate,Salzburg,5,9,124.0
2677,2026-01-06,mobile,direct,Cologne,5,11,261.7
2678,2026-03-31,mobile,organic_search,Paris,5,3,142.3
2679,2026-08-12,mobile,paid_search,Vienna,7,22,260.4
2680,2026-08-28,mobile,organic_search,Berlin,4,10,25.9
2681,2026-01-04,desktop,organic_search,Rome,5,8,48.0
2682,2026-02-17,desktop,direct,Rome,4,15,87.5
2683,2026-08-09,mobile,direct,Frankfurt,1,17,79.8
2684,2026-07-20,mobile,paid_search,Vienna,5,13,124.1
2685,2026-01-08,mobile,paid_search,Amsterdam,4,11,63.3
2686,2026-04-14,mobile,paid_search,Berlin,5,8,103.9
2687,2026-04-10,mobile,affiliate,Rome,6,9,78.8
2688,2026-08-27,mobile,organic_search,Berlin,1,23,109.0
2689,2026-07-09,desktop,organic_search,Hamburg,4,5,59.7
2690,2026-07-06,tablet,affiliate,Cologne,4,15,104.3
2691,2026-01-06,mobile,paid_search,Zurich,2,3,106.1
2692,2026-06-17,mobile,organic_search,Barcelona,2,13,46.6
2693,2026-07-15,desktop,direct,Hamburg,7,7,19.0
2694,2026-04-11,mobile,direct,Cologne,3,23,168.7
2695,2026-04-24,mobile,email,Barcelona,1,18,271.6
2696,2026-03-03,mobile,direct,Cologne,6,23,71.7
2697,2026-04-25,mobile,email,Frankfurt,1,13,182.1
2698,2026-03-24,mobile,direct,Vienna,4,12,99.2
2699,2026-02-15,mobile,direct,Zurich,5,19,150.8
2700,2026-08-29,mobile,email,Barcelona,3,9,174.8
2701,2026-02-26,desktop,organic_search,Paris,3,24,204.9
2702,2026-02-15,mobile,organic_search,Rome,7,15,104.0
2703,2026-07-13,desktop,organic_search,Hamburg,7,6,34.7
2704,2026-02-08,mobile,organic_search,Frankfurt,2,15,81.3
2705,2026-01-03,mobile,paid_search,Zurich,6,10,177.2
2706,2026-05-22,mobile,organic_search,Frankfurt,5,21,102.6
2707,2026-03-19,tablet,direct,Salzburg,4,7,15.5
2708,2026-06-18,mobile,affiliate,Frankfurt,2,17,221.5
2709,2026-03-19,mobile,paid_search,Zurich,4,15,66.2
2710,2026-01-23,desktop,paid_search,Zurich,3,5,39.9
2711,2026-03-07,mobile,affiliate,Munich,6,19,23.1
2712,2026-04-07,mobile,organic_search,Paris,6,5,293.7
2713,2026-03-17,mobile,paid_search,Munich,6,7,103.9
2714,2026-05-25,mobile,affiliate,Frankfurt,5,10,88.3
2715,2026-01-30,mobile,organic_search,Rome,5,20,115.5
2716,2026-06-07,mobile,email,Berlin,2,6,65.4
2717,2026-02-10,mobile,paid_search,Cologne,5,3,9.8
2718,2026-05-26,tablet,paid_search,Amsterdam,4,6,234.4
2719,2026-05-15,mobile,email,Amsterdam,7,17,40.6
2720,2026-02-09,mobile,affiliate,Rome,2,15,167.3
2721,2026-05-16,desktop,organic_search,Amsterdam,1,21,34.3
2722,2026-08-23,mobile,paid_search,Zurich,1,3,167.9
2723,2026-08-13,desktop,organic_search,Hamburg,2,23,6.4
2724,2026-07-02,mobile,paid_search,Rome,6,18,112.7
2725,2026-05-09,mobile,organic_search,Frankfurt,3,10,266.5
2726,2026-07-06,desktop,paid_search,Hamburg,4,14,125.7
2727,2026-04-16,mobile,direct,Munich,3,5,28.8
2728,2026-03-16,mobile,email,Paris,2,16,98.8
2729,2026-01-24,desktop,affiliate,Munich,1,14,8.1
2730,2026-04-28,mobile,organic_search,Hamburg,5,22,56.3
2731,2026-06-28,mobile,affiliate,Rome,5,13,252.5
2732,2026-07-28,desktop,paid_search,Amsterdam,3,21,120.0
2733,2026-04-18,desktop,affiliate,Zurich,3,16,113.7
2734,2026-06-17,mobile,direct,Munich,4,23,233.8
2735,2026-07-03,mobile,paid_search,Cologne,2,15,65.2
2736,2026-02-28,mobile,affiliate,Barcelona,1,3,79.4
2737,2026-02-16,desktop,organic_search,Salzburg,7,7,62.7
2738,2026-05-17,tablet,direct,Berlin,1,3,48.0
2739,2026-05-29,mobile,direct,Zurich,4,4,57.1
2740,2026-01-12,mobile,organic_search,Berlin,3,6,146.6
2741,2026-06-25,tablet,organic_search,Berlin,3,24,158.8
2742,2026-04-27,mobile,paid_search,Hamburg,1,6,23.4
2743,2026-03-29,desktop,organic_search,Frankfurt,6,12,249.2
2744,2026-04-24,mobile,affiliate,Salzburg,7,24,208.9
2745,2026-04-27,mobile,organic_search,Salzburg,4,15,90.7
2746,2026-06-24,mobile,paid_search,Rome,7,12,67.4
2747,2026-01-16,desktop,paid_search,Frankfurt,3,3,87.8
2748,2026-07-24,mobile,paid_search,Cologne,6,6,100.8
2749,2026-03-07,mobile,organic_search,Cologne,6,6,53.6
2750,2026-07-28,mobile,paid_search,Vienna,3,17,55.5
2751,2026-02-09,tablet,affiliate,Vienna,7,13,41.4
2752,2026-03-29,desktop,organic_search,Hamburg,5,17,472.7
2753,2026-04-01,mobile,organic_search,Amsterdam,6,12,75.3
2754,2026-02-12,mobile,affiliate,Salzburg,2,14,345.1
2755,2026-01-22,mobile,affiliate,Amsterdam,7,8,68.6
2756,2026-01-01,desktop,paid_search,Berlin,4,3,67.7
2757,2026-07-20,mobile,email,Zurich,7,20,72.3
2758,2026-01-29,desktop,affiliate,Rome,6,12,131.0
2759,2026-06-27,mobile,organic_search,Barcelona,6,22,159.4
2760,2026-01-05,desktop,organic_search,Cologne,7,7,230.6
2761,2026-07-29,desktop,paid_search,Munich,5,9,74.6
2762,2026-03-02,mobile,direct,Paris,7,11,166.7
2763,2026-08-18,mobile,email,Munich,4,18,46.4
2764,2026-04-25,mobile,paid_search,Vienna,2,5,257.2
2765,2026-05-17,mobile,organic_search,Barcelona,3,6,33.5
2766,2026-04-26,mobile,organic_search,Salzburg,5,6,37.3
2767,2026-06-30,desktop,email,Cologne,5,5,95.3
2768,2026-02-22,mobile,paid_search,Rome,6,10,122.8
2769,2026-04-29,mobile,organic_search,Hamburg,4,6,72.5
2770,2026-03-01,mobile,direct,Paris,4,19,108.0
2771,2026-07-10,mobile,direct,Munich,4,6,102.8
2772,2026-07-27,mobile,paid_search,Berlin,7,3,58.7
2773,2026-05-10,desktop,email,Vienna,6,13,140.1
2774,2026-05-31,desktop,organic_search,Vienna,5,6,128.1
2775,2026-06-28,mobile,direct,Salzburg,6,7,155.5
2776,2026-04-09,desktop,paid_search,Salzburg,7,14,258.7
2777,2026-03-08,mobile,paid_search,Cologne,2,8,313.0
2778,2026-08-18,mobile,affiliate,Frankfurt,6,4,145.3
2779,2026-06-16,mobile,direct,Frankfurt,5,7,106.4
2780,2026-01-06,desktop,paid_search,Paris,4,22,156.5
2781,2026-05-21,mobile,paid_search,Paris,7,17,136.7
2782,2026-04-19,mobile,direct,Salzburg,3,10,26.0
2783,2026-03-02,mobile,email,Cologne,7,23,23.4
2784,2026-07-10,mobile,direct,Salzburg,7,16,168.1
2785,2026-06-15,desktop,direct,Frankfurt,1,9,185.9
2786,2026-04-23,mobile,paid_search,Berlin,5,5,23.4
2787,2026-03-31,desktop,organic_search,Frankfurt,6,8,47.3
2788,2026-02-24,tablet,paid_search,Frankfurt,2,24,192.0
2789,2026-06-02,mobile,paid_search,Salzburg,7,5,95.0
2790,2026-07-26,tablet,email,Barcelona,3,16,114.3
2791,2026-06-09,mobile,paid_search,Barcelona,2,24,20.7
2792,2026-01-03,mobile,paid_search,Paris,5,16,164.5
2793,2026-06-12,desktop,paid_search,Rome,7,21,21.2
2794,2026-04-16,mobile,organic_search,Munich,7,13,163.4
2795,2026-06-15,mobile,paid_search,Frankfurt,3,11,291.5
2796,2026-04-02,mobile,paid_search,Munich,3,7,319.6
2797,2026-04-12,desktop,direct,Vienna,6,3,172.4
2798,2026-04-20,mobile,email,Barcelona,7,15,22.0
2799,2026-06-01,desktop,paid_search,Salzburg,1,14,159.0
2800,2026-07-23,desktop,paid_search,Amsterdam,2,21,79.8
2801,2026-08-08,desktop,direct,Rome,2,7,22.5
2802,2026-02-12,desktop,affiliate,Paris,2,8,117.2
2803,2026-01-17,mobile,direct,Berlin,3,3,230.2
2804,2026-07-21,mobile,organic_search,Cologne,5,13,55.3
2805,2026-07-09,desktop,paid_search,Paris,1,11,272.5
2806,2026-03-09,mobile,organic_search,Frankfurt,7,4,73.3
2807,2026-02-01,tablet,organic_search,Barcelona,5,17,77.3
2808,2026-01-31,desktop,email,Vienna,5,7,55.1
2809,2026-04-23,tablet,paid_search,Vienna,2,20,10.2
2810,2026-03-10,mobile,organic_search,Cologne,2,17,22.3
2811,2026-02-09,mobile,paid_search,Zurich,2,8,207.4
2812,2026-07-16,tablet,organic_search,Berlin,4,7,53.4
2813,2026-07-09,mobile,organic_search,Paris,5,13,77.6
2814,2026-05-09,desktop,direct,Barcelona,3,21,53.7
2815,2026-01-09,mobile,organic_search,Hamburg,4,19,66.3
2816,2026-02-03,mobile,organic_search,Zurich,2,8,159.4
2817,2026-06-19,desktop,direct,Paris,2,24,336.7
2818,2026-04-01,desktop,affiliate,Berlin,5,6,280.3
2819,2026-04-08,mobile,organic_search,Hamburg,2,23,111.3
2820,2026-07-17,mobile,paid_search,Salzburg,4,6,196.6
2821,2026-03-06,mobile,organic_search,Paris,3,9,237.5
2822,2026-08-25,mobile,organic_search,Berlin,6,15,208.7
2823,2026-08-21,desktop,paid_search,Berlin,3,12,32.6
2824,2026-05-25,desktop,email,Vienna,2,5,113.6
2825,2026-03-12,desktop,paid_search,Amsterdam,7,23,160.6
2826,2026-08-28,mobile,organic_search,Zurich,2,12,46.7
2827,2026-02-21,mobile,direct,Berlin,6,15,39.3
2828,2026-07-29,desktop,email,Vienna,5,22,130.8
2829,2026-04-15,mobile,paid_search,Vienna,2,3,119.4
2830,2026-07-28,desktop,paid_search,Vienna,6,13,233.8
2831,2026-03-15,mobile,organic_search,Berlin,7,18,16.8
2832,2026-06-23,desktop,affiliate,Vienna,3,20,261.9
2833,2026-06-26,mobile,affiliate,Berlin,7,13,68.8
2834,2026-04-01,desktop,email,Vienna,2,16,28.1
2835,2026-01-08,mobile,organic_search,Barcelona,6,19,153.8
2836,2026-03-14,mobile,paid_search,Berlin,4,7,83.6
2837,2026-06-17,mobile,organic_search,Paris,6,23,199.3
2838,2026-07-11,mobile,organic_search,Salzburg,3,18,97.0
2839,2026-04-13,mobile,paid_search,Amsterdam,6,11,36.0
2840,2026-08-05,mobile,paid_search,Vienna,3,6,29.8
2841,2026-07-09,mobile,affiliate,Rome,4,13,12.7
2842,2026-01-25,mobile,direct,Cologne,1,13,132.1
2843,2026-03-22,mobile,organic_search,Munich,3,12,22.9
2844,2026-05-07,mobile,organic_search,Vienna,3,14,81.8
2845,2026-01-05,mobile,affiliate,Zurich,4,11,90.8
2846,2026-03-08,mobile,email,Rome,3,16,128.0
2847,2026-07-04,mobile,organic_search,Vienna,6,13,68.3
2848,2026-07-26,mobile,email,Munich,5,22,33.7
2849,2026-02-02,mobile,paid_search,Rome,3,16,68.1
2850,2026-05-25,desktop,direct,Barcelona,1,16,99.0
2851,2026-04-26,mobile,direct,Salzburg,3,3,222.9
2852,2026-07-26,mobile,direct,Berlin,2,9,264.9
2853,2026-07-21,mobile,paid_search,Rome,2,22,210.6
2854,2026-08-19,mobile,paid_search,Zurich,7,10,120.9
2855,2026-08-12,desktop,organic_search,Rome,6,22,66.8
2856,2026-06-28,mobile,paid_search,Munich,1,5,107.6
2857,2026-03-01,mobile,organic_search,Frankfurt,5,7,164.8
2858,2026-03-02,desktop,direct,Hamburg,4,4,95.6
2859,2026-07-22,mobile,organic_search,Amsterdam,4,5,134.7
2860,2026-06-19,mobile,organic_search,Cologne,7,4,102.2
2861,2026-07-07,desktop,organic_search,Rome,3,18,64.1
2862,2026-03-10,mobile,direct,Vienna,4,17,92.6
2863,2026-08-12,mobile,paid_search,Frankfurt,4,23,36.0
2864,2026-02-11,mobile,paid_search,Zurich,7,4,85.8
2865,2026-07-17,desktop,paid_search,Barcelona,1,6,147.0
2866,2026-03-23,mobile,organic_search,Frankfurt,2,16,152.6
2867,2026-01-22,mobile,email,Berlin,2,21,322.0
2868,2026-07-18,mobile,paid_search,Rome,5,16,81.4
2869,2026-08-17,mobile,direct,Vienna,3,23,76.1
2870,2026-08-23,mobile,affiliate,Munich,7,18,102.8
2871,2026-01-06,mobile,organic_search,Zurich,1,21,182.1
2872,2026-04-20,mobile,direct,Amsterdam,6,7,272.5
2873,2026-03-25,mobile,organic_search,Frankfurt,1,15,260.6
2874,2026-03-23,mobile,affiliate,Munich,6,10,43.9
2875,2026-04-05,mobile,paid_search,Rome,2,23,130.2
2876,2026-01-05,desktop,organic_search,Rome,7,20,176.7
2877,2026-04-28,mobile,paid_search,Zurich,7,3,429.0
2878,2026-01-19,mobile,affiliate,Cologne,1,8,223.3
2879,2026-02-26,mobile,organic_search,Salzburg,1,21,51.8
2880,2026-06-24,mobile,affiliate,Zurich,3,24,309.2
2881,2026-01-30,mobile,email,Rome,6,18,89.5
2882,2026-06-13,mobile,email,Rome,7,19,237.6
2883,2026-07-22,mobile,organic_search,Amsterdam,4,11,262.8
2884,2026-08-25,mobile,direct,Zurich,7,23,149.2
2885,2026-06-05,mobile,paid_search,Hamburg,1,21,53.6
2886,2026-08-02,mobile,paid_search,Munich,4,18,115.2
2887,2026-04-25,mobile,organic_search,Barcelona,3,19,159.3
2888,2026-08-07,desktop,affiliate,Munich,6,5,281.1
2889,2026-07-07,mobile,organic_search,Salzburg,5,20,150.7
2890,2026-08-11,mobile,email,Salzburg,4,22,192.6
2891,2026-08-10,mobile,organic_search,Hamburg,1,9,120.0
2892,2026-06-16,desktop,direct,Cologne,6,21,207.3
2893,2026-02-24,desktop,direct,Paris,1,15,55.6
2894,2026-01-12,desktop,organic_search,Amsterdam,7,24,203.5
2895,2026-03-20,desktop,paid_search,Frankfurt,1,10,38.4
2896,2026-03-13,desktop,organic_search,Amsterdam,1,21,72.6
2897,2026-08-15,tablet,organic_search,Berlin,6,17,117.6
2898,2026-01-10,mobile,direct,Hamburg,2,13,157.2
2899,2026-05-12,desktop,direct,Paris,1,19,212.7
2900,2026-08-28,mobile,direct,Barcelona,5,11,79.3
2901,2026-03-10,desktop,email,Munich,5,17,140.4
2902,2026-05-21,mobile,direct,Hamburg,4,13,77.4
2903,2026-02-08,desktop,paid_search,Vienna,3,22,77.8
2904,2026-04-12,mobile,affiliate,Frankfurt,1,15,88.6
2905,2026-08-28,mobile,affiliate,Salzburg,5,5,226.9
2906,2026-06-12,desktop,paid_search,Rome,2,17,177.5
2907,2026-05-10,mobile,affiliate,Barcelona,1,15,107.3
2908,2026-08-23,tablet,affiliate,Amsterdam,7,16,18.3
2909,2026-07-28,mobile,direct,Berlin,4,14,226.3
2910,2026-03-09,mobile,email,Vienna,6,20,113.2
2911,2026-06-03,desktop,organic_search,Amsterdam,6,19,233.8
2912,2026-06-07,mobile,organic_search,Amsterdam,1,18,181.0
2913,2026-04-18,mobile,organic_search,Amsterdam,6,13,49.9
2914,2026-02-14,mobile,organic_search,Barcelona,1,8,133.2
2915,2026-07-27,desktop,direct,Cologne,4,8,30.0
2916,2026-02-09,mobile,organic_search,Barcelona,4,9,88.0
2917,2026-03-28,mobile,paid_search,Barcelona,2,8,126.9
2918,2026-03-02,mobile,paid_search,Hamburg,4,19,52.3
2919,2026-07-05,mobile,organic_search,Hamburg,6,10,413.8
2920,2026-01-24,mobile,email,Cologne,5,22,261.1
2921,2026-04-20,tablet,email,Paris,4,12,139.1
2922,2026-07-24,mobile,organic_search,Salzburg,2,20,23.6
2923,2026-08-06,tablet,direct,Paris,3,18,69.2
2924,2026-02-20,desktop,direct,Frankfurt,1,24,57.7
2925,2026-05-02,desktop,direct,Zurich,7,12,158.9
2926,2026-04-29,mobile,organic_search,Paris,2,5,96.2
2927,2026-03-20,desktop,organic_search,Frankfurt,4,7,188.4
2928,2026-07-14,mobile,organic_search,Amsterdam,2,5,176.0
2929,2026-06-25,mobile,direct,Vienna,7,5,69.0
2930,2026-01-21,mobile,paid_search,Rome,3,20,85.3
2931,2026-07-28,desktop,direct,Barcelona,4,18,145.7
2932,2026-03-30,desktop,paid_search,Amsterdam,7,11,131.0
2933,2026-07-25,mobile,direct,Hamburg,4,5,81.6
2934,2026-07-05,desktop,direct,Paris,4,22,308.1
2935,2026-04-26,tablet,organic_search,Cologne,3,9,12.9
2936,2026-06-13,desktop,direct,Frankfurt,5,15,17.4
2937,2026-04-17,desktop,organic_search,Vienna,3,7,135.7
2938,2026-07-08,mobile,organic_search,Amsterdam,4,17,221.7
2939,2026-02-06,mobile,email,Barcelona,3,4,74.7
2940,2026-05-27,mobile,direct,Paris,5,9,31.4
2941,2026-01-10,mobile,direct,Munich,6,22,21.5
2942,2026-06-24,tablet,paid_search,Rome,6,3,32.7
2943,2026-08-14,mobile,direct,Munich,2,4,48.6
2944,2026-07-04,mobile,organic_search,Salzburg,1,15,30.0
2945,2026-06-25,mobile,organic_search,Rome,2,8,349.8
2946,2026-07-18,mobile,paid_search,Barcelona,4,10,10.7
2947,2026-05-20,mobile,direct,Paris,7,6,100.5
2948,2026-05-29,desktop,organic_search,Berlin,6,5,71.0
2949,2026-05-22,desktop,organic_search,Salzburg,7,21,118.0
2950,2026-04-25,desktop,organic_search,Berlin,4,17,47.0
2951,2026-01-06,desktop,paid_search,Amsterdam,4,22,102.4
2952,2026-01-20,desktop,paid_search,Hamburg,1,23,26.3
2953,2026-04-20,mobile,direct,Hamburg,2,15,90.6
2954,2026-03-08,mobile,organic_search,Cologne,4,4,183.7
2955,2026-08-11,mobile,direct,Rome,1,18,207.4
2956,2026-08-27,tablet,paid_search,Frankfurt,2,21,205.5
2957,2026-04-22,mobile,organic_search,Rome,5,21,221.7
2958,2026-06-18,mobile,organic_search,Zurich,4,19,23.5
2959,2026-05-21,mobile,organic_search,Munich,6,9,46.9
2960,2026-03-02,tablet,email,Hamburg,5,3,90.7
2961,2026-04-02,mobile,organic_search,Amsterdam,6,14,289.6
2962,2026-04-04,mobile,email,Rome,4,19,174.9
2963,2026-01-26,desktop,organic_search,Hamburg,7,3,11.7
2964,2026-01-05,tablet,organic_search,Vienna,2,18,230.8
2965,2026-03-20,mobile,organic_search,Vienna,3,8,150.3
2966,2026-08-07,mobile,paid_search,Vienna,4,5,162.3
2967,2026-01-21,mobile,email,Cologne,7,14,158.8
2968,2026-05-06,mobile,direct,Rome,3,23,78.1
2969,2026-05-21,mobile,direct,Rome,5,10,18.9
2970,2026-06-11,mobile,paid_search,Frankfurt,3,14,215.8
2971,2026-08-26,desktop,organic_search,Vienna,6,6,37.9
2972,2026-04-05,mobile,direct,Rome,5,15,73.8
2973,2026-03-29,desktop,paid_search,Barcelona,5,5,127.2
2974,2026-05-04,mobile,organic_search,Salzburg,3,23,51.0
2975,2026-07-27,mobile,paid_search,Zurich,1,21,47.5
2976,2026-05-22,mobile,direct,Barcelona,4,9,50.1
2977,2026-01-11,mobile,paid_search,Vienna,7,19,165.7
2978,2026-04-19,mobile,paid_search,Rome,5,15,60.7
2979,2026-05-03,mobile,direct,Amsterdam,2,20,37.9
2980,2026-08-01,mobile,paid_search,Frankfurt,3,8,88.2
2981,2026-06-08,mobile,organic_search,Berlin,1,17,145.9
2982,2026-06-14,mobile,direct,Barcelona,2,23,138.2
2983,2026-03-19,mobile,affiliate,Salzburg,7,6,17.6
2984,2026-06-25,desktop,organic_search,Zurich,5,14,179.4
2985,2026-01-24,desktop,paid_search,Hamburg,2,19,32.4
2986,2026-02-17,mobile,organic_search,Rome,3,19,69.1
2987,2026-02-22,tablet,paid_search,Barcelona,7,15,128.1
2988,2026-04-24,mobile,organic_search,Berlin,4,15,61.2
2989,2026-01-17,desktop,email,Rome,7,3,362.8
2990,2026-05-06,mobile,affiliate,Vienna,2,15,51.7
2991,2026-08-03,mobile,organic_search,Amsterdam,5,4,80.5
2992,2026-04-07,mobile,email,Paris,3,7,224.2
2993,2026-01-02,mobile,organic_search,Paris,7,7,91.7
2994,2026-03-08,desktop,paid_search,Rome,6,15,305.9
2995,2026-01-17,mobile,email,Munich,6,20,111.7
2996,2026-06-04,desktop,paid_search,Salzburg,4,10,38.3
2997,2026-07-12,mobile,organic_search,Hamburg,5,16,310.1
2998,2026-03-11,mobile,organic_search,Barcelona,4,12,135.6
2999,2026-03-14,mobile,paid_search,Amsterdam,5,16,129.7
3000,2026-03-19,tablet,email,Frankfurt,5,5,140.6
3001,2026-03-30,mobile,organic_search,Munich,6,24,579.7
3002,2026-06-18,mobile,organic_search,Rome,2,10,68.7
3003,2026-03-16,desktop,affiliate,Salzburg,2,13,167.0
3004,2026-04-03,mobile,paid_search,Amsterdam,1,15,59.5
3005,2026-08-04,mobile,email,Amsterdam,5,13,95.3
3006,2026-07-04,mobile,paid_search,Zurich,3,12,95.8
3007,2026-08-13,desktop,paid_search,Hamburg,1,13,156.5
3008,2026-03-28,desktop,affiliate,Munich,6,21,42.7
3009,2026-08-13,mobile,affiliate,Frankfurt,7,9,179.2
3010,2026-03-14,desktop,organic_search,Paris,3,12,21.3
3011,2026-03-16,mobile,direct,Barcelona,5,7,191.4
3012,2026-08-19,tablet,paid_search,Rome,2,18,19.7
3013,2026-02-18,mobile,organic_search,Frankfurt,1,4,66.1
3014,2026-07-18,mobile,organic_search,Frankfurt,3,15,140.9
3015,2026-07-20,desktop,paid_search,Amsterdam,7,9,154.8
3016,2026-08-13,mobile,organic_search,Berlin,7,12,127.9
3017,2026-07-25,tablet,affiliate,Paris,7,5,196.2
3018,2026-07-19,desktop,organic_search,Barcelona,2,12,97.6
3019,2026-03-27,mobile,paid_search,Barcelona,4,6,71.1
3020,2026-05-15,mobile,direct,Barcelona,2,22,107.3
3021,2026-05-20,desktop,paid_search,Barcelona,1,15,52.7
3022,2026-03-12,mobile,paid_search,Salzburg,4,22,154.9
3023,2026-04-05,mobile,direct,Cologne,7,7,122.3
3024,2026-07-25,mobile,organic_search,Paris,2,11,189.1
3025,2026-01-04,mobile,paid_search,Hamburg,7,6,54.0
3026,2026-01-19,mobile,affiliate,Paris,4,12,101.8
3027,2026-04-10,desktop,direct,Amsterdam,1,14,79.3
3028,2026-07-06,mobile,paid_search,Barcelona,6,4,24.4
3029,2026-08-05,tablet,affiliate,Vienna,4,3,55.5
3030,2026-06-15,mobile,email,Amsterdam,2,3,105.5
3031,2026-07-27,mobile,organic_search,Amsterdam,7,15,47.8
3032,2026-02-05,tablet,affiliate,Rome,2,15,3.7
3033,2026-01-26,tablet,paid_search,Cologne,6,11,55.7
3034,2026-05-02,tablet,affiliate,Amsterdam,1,3,123.8
3035,2026-03-16,mobile,paid_search,Hamburg,7,9,106.2
3036,2026-08-01,mobile,organic_search,Paris,7,5,501.2
3037,2026-01-18,mobile,organic_search,Salzburg,5,4,113.8
3038,2026-03-30,desktop,paid_search,Rome,5,7,50.7
3039,2026-03-14,desktop,organic_search,Munich,2,8,170.0
3040,2026-05-24,mobile,direct,Frankfurt,1,5,161.5
3041,2026-03-14,mobile,paid_search,Salzburg,5,19,104.2
3042,2026-08-16,desktop,organic_search,Paris,7,23,16.5
3043,2026-01-13,mobile,direct,Hamburg,4,12,107.3
3044,2026-01-18,mobile,direct,Vienna,6,9,155.4
3045,2026-08-05,mobile,organic_search,Munich,5,17,189.8
3046,2026-05-08,mobile,organic_search,Barcelona,2,11,88.2
3047,2026-07-23,mobile,direct,Vienna,4,21,112.5
3048,2026-04-22,mobile,organic_search,Hamburg,7,20,25.1
3049,2026-08-13,mobile,organic_search,Zurich,6,21,210.4
3050,2026-04-25,mobile,affiliate,Amsterdam,4,7,88.7
3051,2026-06-30,mobile,organic_search,Barcelona,5,20,97.8
3052,2026-08-29,tablet,email,Frankfurt,1,11,233.4
3053,2026-07-03,mobile,paid_search,Cologne,3,6,87.7
3054,2026-03-05,mobile,affiliate,Amsterdam,7,14,117.1
3055,2026-07-10,mobile,paid_search,Salzburg,2,18,61.6
3056,2026-04-04,mobile,direct,Hamburg,4,19,199.0
3057,2026-06-13,mobile,affiliate,Salzburg,6,7,225.5
3058,2026-06-08,desktop,organic_search,Zurich,3,18,26.9
3059,2026-02-12,desktop,organic_search,Munich,7,17,150.3
3060,2026-03-11,mobile,paid_search,Paris,1,24,42.4
3061,2026-02-13,mobile,direct,Berlin,7,12,214.6
3062,2026-01-17,mobile,paid_search,Zurich,2,18,114.0
3063,2026-05-02,mobile,email,Zurich,7,23,134.6
3064,2026-02-18,mobile,organic_search,Cologne,1,17,200.3
3065,2026-06-17,mobile,organic_search,Salzburg,1,11,41.7
3066,2026-02-27,mobile,organic_search,Cologne,5,23,97.0
3067,2026-01-08,mobile,organic_search,Paris,5,20,36.0
3068,2026-02-05,mobile,paid_search,Vienna,5,3,181.8
3069,2026-05-13,desktop,paid_search,Zurich,6,7,32.8
3070,2026-01-31,mobile,organic_search,Frankfurt,4,15,77.3
3071,2026-08-03,desktop,organic_search,Hamburg,2,3,65.5
3072,2026-06-30,desktop,paid_search,Munich,5,8,236.4
3073,2026-01-31,desktop,direct,Amsterdam,3,19,270.5
3074,2026-07-27,desktop,affiliate,Paris,4,12,156.5
3075,2026-03-17,desktop,organic_search,Berlin,6,18,125.4
3076,2026-08-05,mobile,direct,Munich,4,13,31.7
3077,2026-08-27,mobile,paid_search,Amsterdam,7,7,87.8
3078,2026-03-02,mobile,email,Hamburg,5,24,176.3
3079,2026-03-21,mobile,direct,Barcelona,2,7,87.4
3080,2026-02-04,mobile,organic_search,Barcelona,1,10,129.5
3081,2026-01-07,mobile,organic_search,Hamburg,6,22,7.2
3082,2026-05-05,mobile,direct,Munich,7,10,47.0
3083,2026-06-15,mobile,direct,Cologne,3,12,160.4
3084,2026-05-14,desktop,organic_search,Munich,5,12,29.8
3085,2026-08-26,desktop,direct,Munich,3,15,50.5
3086,2026-01-28,mobile,organic_search,Paris,1,19,13.1
3087,2026-02-25,tablet,affiliate,Hamburg,3,5,101.2
3088,2026-08-04,desktop,affiliate,Salzburg,7,11,49.6
3089,2026-02-22,desktop,email,Cologne,6,5,254.6
3090,2026-03-29,desktop,email,Hamburg,5,15,138.5
3091,2026-04-15,desktop,affiliate,Cologne,1,19,139.2
3092,2026-02-21,tablet,organic_search,Hamburg,1,12,39.4
3093,2026-05-10,mobile,paid_search,Vienna,6,9,110.9
3094,2026-07-11,desktop,organic_search,Zurich,1,10,27.1
3095,2026-07-17,mobile,paid_search,Paris,2,19,51.4
3096,2026-04-22,tablet,organic_search,Amsterdam,3,23,306.8
3097,2026-08-29,desktop,direct,Berlin,3,5,37.7
3098,2026-03-17,mobile,organic_search,Hamburg,3,10,81.4
3099,2026-07-16,mobile,email,Frankfurt,5,3,69.3
3100,2026-08-01,mobile,email,Zurich,2,23,213.3
3101,2026-03-12,mobile,affiliate,Hamburg,4,12,33.2
3102,2026-01-14,desktop,organic_search,Salzburg,4,19,113.7
3103,2026-07-10,mobile,email,Barcelona,1,11,11.5
3104,2026-01-22,desktop,organic_search,Berlin,4,13,126.4
3105,2026-06-02,desktop,organic_search,Paris,6,24,200.1
3106,2026-04-30,tablet,direct,Amsterdam,1,4,88.5
3107,2026-04-29,tablet,organic_search,Vienna,4,3,108.1
3108,2026-06-28,mobile,email,Hamburg,6,22,119.2
3109,2026-06-03,mobile,email,Rome,3,16,44.7
3110,2026-05-27,mobile,paid_search,Cologne,5,21,77.4
3111,2026-04-17,mobile,paid_search,Rome,4,21,41.6
3112,2026-06-18,mobile,email,Rome,5,16,124.3
3113,2026-06-02,mobile,direct,Frankfurt,5,10,39.7
3114,2026-05-20,desktop,organic_search,Berlin,3,10,77.0
3115,2026-06-28,desktop,paid_search,Munich,7,18,34.1
3116,2026-01-30,mobile,paid_search,Zurich,5,4,70.9
3117,2026-01-04,mobile,email,Paris,1,20,38.9
3118,2026-01-09,mobile,email,Barcelona,7,16,29.0
3119,2026-05-30,mobile,paid_search,Barcelona,5,9,111.2
3120,2026-07-02,mobile,organic_search,Rome,1,12,156.9
3121,2026-02-07,desktop,direct,Amsterdam,2,20,236.1
3122,2026-01-15,tablet,paid_search,Hamburg,1,3,44.7
3123,2026-03-23,desktop,paid_search,Vienna,1,24,68.8
3124,2026-07-11,tablet,affiliate,Frankfurt,6,11,148.2
3125,2026-04-18,mobile,affiliate,Hamburg,6,9,88.3
3126,2026-06-11,mobile,paid_search,Salzburg,3,8,173.3
3127,2026-08-24,mobile,affiliate,Frankfurt,7,7,110.9
3128,2026-05-05,mobile,organic_search,Barcelona,1,11,53.8
3129,2026-03-20,mobile,organic_search,Vienna,3,23,66.6
3130,2026-01-08,desktop,direct,Zurich,5,24,90.1
3131,2026-07-18,mobile,paid_search,Zurich,4,3,53.6
3132,2026-07-01,desktop,direct,Munich,1,6,47.0
3133,2026-03-23,mobile,organic_search,Munich,5,5,146.2
3134,2026-06-01,desktop,paid_search,Vienna,3,18,120.8
3135,2026-02-25,mobile,direct,Amsterdam,5,11,5.2
3136,2026-06-11,desktop,paid_search,Zurich,4,16,248.9
3137,2026-04-16,mobile,organic_search,Amsterdam,6,18,46.8
3138,2026-02-19,mobile,paid_search,Rome,5,24,156.0
3139,2026-01-22,mobile,direct,Paris,3,23,90.6
3140,2026-01-05,mobile,paid_search,Barcelona,1,22,135.8
3141,2026-07-18,mobile,paid_search,Barcelona,5,14,117.5
3142,2026-01-18,mobile,paid_search,Zurich,5,9,54.3
3143,2026-05-01,desktop,paid_search,Paris,1,20,47.5
3144,2026-01-30,tablet,organic_search,Barcelona,7,23,30.0
3145,2026-06-16,mobile,organic_search,Berlin,6,8,125.1
3146,2026-04-05,mobile,paid_search,Berlin,2,10,170.6
3147,2026-07-13,mobile,email,Paris,5,18,54.6
3148,2026-01-22,mobile,direct,Paris,6,17,117.2
3149,2026-04-09,mobile,paid_search,Barcelona,5,8,29.3
3150,2026-04-08,desktop,direct,Barcelona,1,4,129.0
3151,2026-04-20,mobile,affiliate,Salzburg,1,21,29.1
3152,2026-03-11,mobile,affiliate,Zurich,2,19,211.8
3153,2026-03-03,tablet,affiliate,Frankfurt,1,10,127.5
3154,2026-08-19,desktop,organic_search,Zurich,5,5,84.1
3155,2026-06-22,mobile,direct,Munich,1,18,104.7
3156,2026-04-21,mobile,direct,Salzburg,1,6,122.4
3157,2026-07-21,tablet,organic_search,Berlin,2,11,16.1
3158,2026-01-18,tablet,paid_search,Hamburg,6,10,120.4
3159,2026-05-19,desktop,organic_search,Frankfurt,3,15,50.3
3160,2026-06-14,mobile,paid_search,Zurich,1,16,119.0
3161,2026-01-10,desktop,paid_search,Frankfurt,4,16,177.5
3162,2026-06-21,mobile,organic_search,Frankfurt,4,22,69.3
3163,2026-06-22,mobile,paid_search,Barcelona,2,8,158.9
3164,2026-05-08,mobile,organic_search,Amsterdam,7,10,206.3
3165,2026-06-11,mobile,affiliate,Cologne,4,9,114.8
3166,2026-08-17,mobile,organic_search,Hamburg,1,18,91.0
3167,2026-03-24,mobile,paid_search,Cologne,4,8,99.4
3168,2026-02-22,desktop,paid_search,Munich,6,18,47.5
3169,2026-04-10,tablet,paid_search,Hamburg,1,12,231.3
3170,2026-08-18,tablet,paid_search,Paris,7,17,125.8
3171,2026-04-30,desktop,affiliate,Paris,1,4,129.3
3172,2026-08-13,mobile,direct,Salzburg,1,16,217.8
3173,2026-07-11,mobile,organic_search,Munich,6,24,67.1
3174,2026-01-29,mobile,email,Paris,2,20,29.7
3175,2026-06-14,desktop,paid_search,Salzburg,7,9,86.8
3176,2026-08-01,mobile,organic_search,Hamburg,3,12,284.1
3177,2026-05-06,desktop,paid_search,Frankfurt,2,12,227.8
3178,2026-03-15,mobile,organic_search,Frankfurt,5,6,27.2
3179,2026-07-14,desktop,paid_search,Salzburg,4,9,53.9
3180,2026-01-14,desktop,paid_search,Frankfurt,6,4,190.5
3181,2026-07-27,mobile,organic_search,Berlin,2,11,119.1
3182,2026-01-20,tablet,direct,Cologne,7,19,108.3
3183,2026-01-13,mobile,organic_search,Rome,1,22,77.8
3184,2026-05-06,mobile,direct,Rome,7,15,56.4
3185,2026-01-17,mobile,affiliate,Frankfurt,2,18,67.6
3186,2026-06-24,mobile,organic_search,Barcelona,2,22,25.5
3187,2026-04-26,desktop,paid_search,Cologne,3,13,139.9
3188,2026-06-28,mobile,organic_search,Cologne,4,15,62.2
3189,2026-07-09,mobile,paid_search,Cologne,4,18,134.5
3190,2026-07-11,mobile,email,Rome,7,5,22.8
3191,2026-01-27,desktop,organic_search,Paris,4,13,94.3
3192,2026-07-25,mobile,organic_search,Paris,7,14,179.3
3193,2026-07-28,mobile,direct,Frankfurt,4,7,124.1
3194,2026-05-03,desktop,direct,Amsterdam,1,13,70.9
3195,2026-02-03,desktop,organic_search,Vienna,3,9,35.7
3196,2026-06-27,desktop,organic_search,Rome,7,17,111.1
3197,2026-06-18,mobile,organic_search,Rome,3,13,193.8
3198,2026-02-02,desktop,organic_search,Rome,5,10,252.7
3199,2026-07-14,mobile,paid_search,Paris,1,19,134.0
3200,2026-06-15,desktop,organic_search,Hamburg,3,19,60.2
3201,2026-01-12,mobile,organic_search,Paris,2,4,79.3
3202,2026-05-28,mobile,email,Hamburg,6,16,120.3
3203,2026-07-25,desktop,organic_search,Munich,2,11,108.7
3204,2026-08-20,mobile,direct,Barcelona,1,4,19.9
3205,2026-07-23,mobile,paid_search,Salzburg,5,5,288.8
3206,2026-07-28,desktop,paid_search,Barcelona,3,8,92.5
3207,2026-02-05,desktop,affiliate,Zurich,4,17,92.2
3208,2026-01-07,mobile,paid_search,Vienna,4,12,27.1
3209,2026-02-20,desktop,organic_search,Barcelona,2,7,70.3
3210,2026-08-02,tablet,direct,Zurich,1,21,157.2
3211,2026-07-28,desktop,paid_search,Vienna,1,10,171.7
3212,2026-01-20,mobile,direct,Salzburg,7,23,134.1
3213,2026-08-22,desktop,organic_search,Vienna,5,12,45.5
3214,2026-02-22,mobile,organic_search,Hamburg,4,16,197.9
3215,2026-04-28,mobile,affiliate,Frankfurt,7,12,52.5
3216,2026-05-28,mobile,paid_search,Munich,2,10,49.0
3217,2026-01-31,mobile,paid_search,Amsterdam,2,15,62.6
3218,2026-04-03,mobile,direct,Amsterdam,1,15,212.1
3219,2026-03-09,mobile,paid_search,Zurich,5,5,66.0
3220,2026-03-28,mobile,direct,Cologne,7,24,123.5
3221,2026-03-23,desktop,organic_search,Paris,2,20,73.5
3222,2026-04-20,mobile,affiliate,Amsterdam,7,13,256.4
3223,2026-06-02,desktop,organic_search,Zurich,2,15,111.1
3224,2026-01-29,mobile,paid_search,Zurich,7,16,62.0
3225,2026-06-24,mobile,affiliate,Paris,2,14,21.1
3226,2026-01-29,desktop,direct,Berlin,1,12,133.7
3227,2026-05-27,mobile,paid_search,Paris,4,9,93.8
3228,2026-02-17,mobile,affiliate,Vienna,6,6,68.1
3229,2026-08-04,desktop,organic_search,Berlin,1,3,33.7
3230,2026-03-20,mobile,paid_search,Frankfurt,6,4,276.8
3231,2026-01-03,mobile,affiliate,Berlin,4,16,149.5
3232,2026-01-25,mobile,direct,Zurich,6,13,184.0
3233,2026-04-05,mobile,paid_search,Paris,7,13,77.0
3234,2026-08-21,mobile,affiliate,Zurich,1,19,82.3
3235,2026-03-12,mobile,direct,Zurich,1,11,302.0
3236,2026-05-01,desktop,affiliate,Berlin,2,10,40.1
3237,2026-07-01,desktop,direct,Cologne,5,14,252.6
3238,2026-02-26,mobile,organic_search,Cologne,5,14,235.4
3239,2026-06-14,desktop,affiliate,Vienna,1,18,27.4
3240,2026-04-11,desktop,email,Barcelona,2,24,33.9
3241,2026-08-04,mobile,paid_search,Vienna,4,15,332.3
3242,2026-06-14,desktop,organic_search,Munich,3,4,91.9
3243,2026-03-17,mobile,email,Munich,6,12,94.3
3244,2026-04-20,mobile,direct,Munich,6,7,115.7
3245,2026-07-27,mobile,organic_search,Rome,2,24,65.5
3246,2026-03-31,desktop,paid_search,Hamburg,1,13,192.8
3247,2026-05-11,desktop,affiliate,Cologne,3,15,28.5
3248,2026-07-27,mobile,direct,Salzburg,5,14,185.7
3249,2026-02-07,mobile,direct,Salzburg,3,8,61.8
3250,2026-07-23,mobile,direct,Barcelona,2,7,50.7
3251,2026-07-20,desktop,paid_search,Rome,7,7,68.9
3252,2026-05-12,mobile,direct,Hamburg,4,14,165.8
3253,2026-02-26,mobile,organic_search,Rome,1,13,72.1
3254,2026-02-04,mobile,paid_search,Frankfurt,1,11,11.6
3255,2026-07-03,mobile,email,Hamburg,3,5,41.3
3256,2026-04-01,mobile,organic_search,Salzburg,4,4,140.3
3257,2026-05-10,tablet,paid_search,Hamburg,1,3,42.7
3258,2026-01-22,desktop,organic_search,Frankfurt,5,3,46.3
3259,2026-05-05,mobile,affiliate,Munich,5,15,51.8
3260,2026-01-17,desktop,organic_search,Barcelona,3,8,173.2
3261,2026-05-10,mobile,direct,Hamburg,4,11,115.0
3262,2026-07-23,mobile,paid_search,Paris,6,10,211.3
3263,2026-08-25,mobile,paid_search,Cologne,4,20,73.8
3264,2026-07-24,mobile,organic_search,Munich,1,5,221.2
3265,2026-05-22,mobile,affiliate,Amsterdam,2,3,9.3
3266,2026-06-29,desktop,organic_search,Vienna,4,15,103.0
3267,2026-01-11,desktop,paid_search,Munich,3,18,80.7
3268,2026-06-15,tablet,organic_search,Frankfurt,6,10,72.6
3269,2026-08-20,desktop,direct,Hamburg,7,18,229.7
3270,2026-02-06,mobile,organic_search,Amsterdam,6,3,77.9
3271,2026-03-10,mobile,direct,Frankfurt,5,21,146.5
3272,2026-08-29,tablet,paid_search,Munich,5,12,240.2
3273,2026-04-24,mobile,direct,Berlin,7,20,109.9
3274,2026-06-25,mobile,organic_search,Paris,4,20,60.0
3275,2026-07-19,desktop,direct,Cologne,5,24,20.9
3276,2026-08-20,tablet,organic_search,Barcelona,2,13,80.8
3277,2026-01-21,mobile,affiliate,Vienna,5,5,129.4
3278,2026-03-28,tablet,direct,Amsterdam,3,17,178.1
3279,2026-02-26,mobile,organic_search,Salzburg,7,10,146.6
3280,2026-07-16,desktop,paid_search,Vienna,4,19,48.8
3281,2026-08-01,desktop,affiliate,Zurich,4,24,117.4
3282,2026-07-30,mobile,organic_search,Munich,5,3,68.4
3283,2026-01-29,desktop,organic_search,Frankfurt,6,21,31.2
3284,2026-06-12,mobile,paid_search,Munich,7,3,179.8
3285,2026-05-06,desktop,organic_search,Salzburg,1,20,30.9
3286,2026-06-25,mobile,direct,Salzburg,7,23,113.9
3287,2026-02-14,desktop,affiliate,Rome,2,15,36.0
3288,2026-02-01,desktop,paid_search,Berlin,7,3,122.7
3289,2026-03-27,mobile,affiliate,Amsterdam,4,23,103.7
3290,2026-03-27,mobile,organic_search,Zurich,7,7,56.1
3291,2026-07-11,desktop,affiliate,Salzburg,3,12,93.1
3292,2026-02-16,mobile,paid_search,Rome,2,22,26.1
3293,2026-08-21,mobile,affiliate,Barcelona,2,10,336.2
3294,2026-01-05,mobile,affiliate,Frankfurt,1,5,42.6
3295,2026-05-19,mobile,paid_search,Cologne,3,24,157.2
3296,2026-05-09,desktop,organic_search,Amsterdam,5,22,294.0
3297,2026-03-29,mobile,paid_search,Paris,5,10,102.1
3298,2026-01-27,mobile,paid_search,Cologne,7,9,171.2
3299,2026-01-20,desktop,affiliate,Amsterdam,5,22,277.6
3300,2026-03-08,mobile,direct,Hamburg,7,24,127.2
3301,2026-04-08,desktop,direct,Amsterdam,1,11,72.3
3302,2026-02-16,mobile,direct,Cologne,4,8,189.8
3303,2026-07-16,desktop,paid_search,Barcelona,7,18,98.5
3304,2026-08-24,mobile,direct,Amsterdam,3,15,14.9
3305,2026-07-03,desktop,organic_search,Berlin,5,13,47.6
3306,2026-07-20,mobile,direct,Amsterdam,6,5,86.8
3307,2026-03-28,desktop,direct,Munich,2,16,211.9
3308,2026-07-28,mobile,direct,Hamburg,4,4,122.1
3309,2026-02-11,mobile,organic_search,Salzburg,1,22,63.2
3310,2026-05-26,mobile,paid_search,Zurich,2,9,127.2
3311,2026-05-12,mobile,organic_search,Zurich,7,18,10.2
3312,2026-04-26,mobile,paid_search,Cologne,1,6,33.4
3313,2026-07-21,mobile,direct,Rome,3,20,288.3
3314,2026-03-23,mobile,paid_search,Zurich,5,12,18.6
3315,2026-05-17,desktop,organic_search,Salzburg,2,12,292.6
3316,2026-04-22,mobile,email,Amsterdam,2,5,349.0
3317,2026-05-12,mobile,organic_search,Cologne,2,5,98.0
3318,2026-03-25,mobile,paid_search,Vienna,7,21,171.0
3319,2026-06-21,mobile,paid_search,Vienna,2,23,47.2
3320,2026-05-24,mobile,paid_search,Munich,1,15,69.2
3321,2026-02-01,mobile,organic_search,Cologne,6,24,312.0
3322,2026-04-18,mobile,organic_search,Barcelona,4,11,245.2
3323,2026-05-30,mobile,organic_search,Amsterdam,5,9,231.2
3324,2026-01-24,mobile,organic_search,Paris,6,20,178.1
3325,2026-01-19,desktop,organic_search,Zurich,3,22,26.0
3326,2026-05-12,mobile,email,Berlin,1,4,68.8
3327,2026-02-08,desktop,organic_search,Hamburg,3,15,75.0
3328,2026-05-19,mobile,paid_search,Cologne,3,20,220.3
3329,2026-01-13,mobile,paid_search,Frankfurt,7,10,95.3
3330,2026-07-26,tablet,organic_search,Paris,4,12,162.9
3331,2026-05-29,mobile,paid_search,Amsterdam,5,3,43.6
3332,2026-06-03,mobile,paid_search,Rome,3,9,37.0
3333,2026-08-22,desktop,email,Paris,6,20,93.9
3334,2026-06-01,desktop,organic_search,Zurich,1,24,57.6
3335,2026-02-05,tablet,organic_search,Frankfurt,3,24,163.6
3336,2026-08-06,mobile,organic_search,Salzburg,3,13,176.8
3337,2026-04-24,mobile,paid_search,Amsterdam,7,7,56.9
3338,2026-06-12,mobile,organic_search,Amsterdam,6,24,58.6
3339,2026-08-05,mobile,direct,Vienna,6,3,94.5
3340,2026-04-25,mobile,direct,Munich,2,19,257.3
3341,2026-07-25,desktop,paid_search,Frankfurt,2,10,142.5
3342,2026-08-19,desktop,paid_search,Vienna,7,9,109.5
3343,2026-04-13,desktop,paid_search,Zurich,7,23,66.3
3344,2026-01-07,desktop,organic_search,Zurich,4,22,85.5
3345,2026-06-30,mobile,email,Paris,3,22,167.3
3346,2026-07-14,mobile,paid_search,Amsterdam,5,18,182.4
3347,2026-01-11,mobile,email,Cologne,1,12,25.5
3348,2026-08-19,mobile,affiliate,Barcelona,3,13,35.5
3349,2026-07-03,desktop,organic_search,Vienna,3,20,163.4
3350,2026-02-16,desktop,email,Frankfurt,4,23,257.9
3351,2026-06-25,mobile,email,Berlin,6,9,83.8
3352,2026-06-16,mobile,direct,Barcelona,6,15,128.5
3353,2026-05-22,mobile,email,Zurich,4,15,10.8
3354,2026-05-18,desktop,paid_search,Berlin,6,6,212.0
3355,2026-01-28,desktop,direct,Frankfurt,4,17,107.5
3356,2026-08-16,mobile,paid_search,Vienna,7,7,189.9
3357,2026-03-13,desktop,affiliate,Munich,4,5,83.8
3358,2026-03-11,mobile,paid_search,Barcelona,1,15,230.2
3359,2026-02-11,desktop,organic_search,Zurich,7,6,276.2
3360,2026-02-18,mobile,direct,Hamburg,4,23,83.5
3361,2026-01-15,desktop,direct,Amsterdam,1,4,197.0
3362,2026-07-20,mobile,email,Salzburg,5,24,239.9
3363,2026-08-06,desktop,organic_search,Munich,2,24,114.2
3364,2026-01-13,desktop,direct,Salzburg,1,24,105.5
3365,2026-02-13,mobile,paid_search,Zurich,6,11,358.9
3366,2026-04-18,mobile,direct,Hamburg,7,13,127.2
3367,2026-02-20,desktop,paid_search,Rome,1,9,100.8
3368,2026-02-18,mobile,paid_search,Amsterdam,4,24,48.3
3369,2026-06-19,mobile,organic_search,Salzburg,3,10,103.6
3370,2026-08-01,desktop,paid_search,Amsterdam,7,15,146.8
3371,2026-03-19,desktop,direct,Barcelona,7,24,159.4
3372,2026-05-06,mobile,organic_search,Salzburg,6,5,53.2
3373,2026-04-08,mobile,affiliate,Vienna,1,3,92.4
3374,2026-04-01,desktop,paid_search,Frankfurt,2,10,120.6
3375,2026-01-14,mobile,organic_search,Hamburg,2,23,26.0
3376,2026-06-21,mobile,email,Salzburg,7,5,157.0
3377,2026-08-13,desktop,organic_search,Munich,3,15,143.6
3378,2026-07-03,mobile,organic_search,Berlin,1,18,121.7
3379,2026-08-30,tablet,organic_search,Hamburg,6,14,111.9
3380,2026-07-18,mobile,paid_search,Munich,6,11,54.5
3381,2026-03-31,desktop,organic_search,Zurich,3,10,171.6
3382,2026-07-18,desktop,email,Munich,7,9,83.0
3383,2026-02-22,desktop,paid_search,Cologne,6,3,70.3
3384,2026-04-07,desktop,organic_search,Vienna,4,22,41.6
3385,2026-06-20,mobile,direct,Salzburg,1,21,85.3
3386,2026-03-11,desktop,affiliate,Munich,7,21,178.8
3387,2026-07-03,mobile,email,Barcelona,1,14,71.0
3388,2026-02-14,tablet,organic_search,Munich,3,9,101.4
3389,2026-02-07,mobile,email,Munich,6,3,13.5
3390,2026-07-02,desktop,paid_search,Munich,3,18,39.4
3391,2026-04-28,desktop,paid_search,Munich,3,18,24.4
3392,2026-08-15,desktop,paid_search,Munich,7,22,96.8
3393,2026-02-17,mobile,direct,Amsterdam,4,12,116.0
3394,2026-06-22,desktop,paid_search,Zurich,7,17,51.8
3395,2026-02-26,mobile,direct,Berlin,7,11,117.4
3396,2026-04-25,desktop,organic_search,Zurich,6,23,124.5
3397,2026-04-30,desktop,organic_search,Hamburg,1,4,97.3
3398,2026-07-25,desktop,affiliate,Berlin,2,15,42.2
3399,2026-04-07,mobile,paid_search,Vienna,5,17,217.3
3400,2026-03-29,mobile,direct,Barcelona,3,4,285.1
3401,2026-04-25,desktop,organic_search,Paris,6,17,184.8
3402,2026-08-25,mobile,organic_search,Berlin,6,24,35.1
3403,2026-04-04,mobile,organic_search,Salzburg,4,24,23.6
3404,2026-05-13,mobile,direct,Vienna,4,4,292.6
3405,2026-01-18,desktop,organic_search,Munich,2,5,97.4
3406,2026-05-27,tablet,direct,Zurich,6,13,443.9
3407,2026-01-19,mobile,organic_search,Zurich,1,23,44.7
3408,2026-01-04,mobile,organic_search,Berlin,1,12,93.3
3409,2026-03-05,mobile,direct,Frankfurt,5,13,346.2
3410,2026-02-16,mobile,paid_search,Paris,1,18,190.9
3411,2026-05-07,mobile,email,Berlin,2,4,204.8
3412,2026-02-20,desktop,direct,Munich,2,21,40.4
3413,2026-02-21,mobile,paid_search,Salzburg,2,19,195.6
3414,2026-08-04,mobile,organic_search,Paris,6,24,244.1
3415,2026-06-01,desktop,direct,Zurich,3,12,33.4
3416,2026-01-03,desktop,paid_search,Amsterdam,7,19,29.1
3417,2026-07-04,mobile,organic_search,Paris,5,4,220.0
3418,2026-06-25,mobile,paid_search,Berlin,6,9,99.6
3419,2026-08-04,mobile,direct,Amsterdam,7,5,184.3
3420,2026-05-11,desktop,organic_search,Rome,4,16,137.5
3421,2026-08-17,desktop,direct,Barcelona,6,24,21.3
3422,2026-08-16,mobile,organic_search,Hamburg,6,19,126.5
3423,2026-03-30,tablet,direct,Rome,4,17,52.1
3424,2026-01-20,mobile,organic_search,Vienna,5,18,24.6
3425,2026-08-17,desktop,direct,Cologne,1,23,43.5
3426,2026-06-08,tablet,paid_search,Hamburg,4,18,241.3
3427,2026-07-31,mobile,organic_search,Salzburg,2,20,44.4
3428,2026-01-19,mobile,organic_search,Munich,3,8,44.4
3429,2026-03-18,mobile,email,Paris,2,16,160.7
3430,2026-01-01,mobile,email,Hamburg,6,18,98.7
3431,2026-03-31,tablet,paid_search,Salzburg,5,5,98.3
3432,2026-07-02,mobile,direct,Berlin,7,18,106.5
3433,2026-02-10,desktop,email,Munich,5,12,10.9
3434,2026-04-01,mobile,organic_search,Rome,7,24,84.6
3435,2026-07-30,tablet,paid_search,Paris,3,8,163.7
3436,2026-03-15,desktop,paid_search,Frankfurt,5,13,68.5
3437,2026-05-09,mobile,organic_search,Frankfurt,4,6,89.7
3438,2026-04-16,mobile,organic_search,Zurich,6,4,107.2
3439,2026-02-19,mobile,affiliate,Cologne,6,13,230.9
3440,2026-08-13,mobile,direct,Cologne,6,24,25.8
3441,2026-07-15,desktop,direct,Zurich,5,9,15.7
3442,2026-04-05,desktop,direct,Vienna,6,22,82.6
3443,2026-07-25,mobile,paid_search,Frankfurt,7,23,80.9
3444,2026-05-01,mobile,direct,Cologne,3,20,68.0
3445,2026-06-04,tablet,direct,Frankfurt,2,3,169.7
3446,2026-03-12,mobile,paid_search,Rome,1,18,164.3
3447,2026-04-06,desktop,organic_search,Hamburg,5,3,209.4
3448,2026-08-13,mobile,organic_search,Hamburg,4,8,33.3
3449,2026-02-23,mobile,direct,Berlin,1,16,88.9
3450,2026-04-11,mobile,direct,Hamburg,4,23,145.1
3451,2026-07-05,tablet,paid_search,Berlin,1,5,32.3
3452,2026-03-21,desktop,organic_search,Zurich,4,24,19.8
3453,2026-07-06,desktop,direct,Cologne,1,15,114.9
3454,2026-04-05,mobile,paid_search,Amsterdam,2,19,158.4
3455,2026-05-04,mobile,direct,Vienna,3,20,150.9
3456,2026-08-28,mobile,direct,Amsterdam,7,14,51.8
3457,2026-06-29,mobile,affiliate,Barcelona,1,5,72.7
3458,2026-08-11,tablet,organic_search,Berlin,2,20,91.2
3459,2026-02-18,mobile,direct,Hamburg,7,4,86.5
3460,2026-07-21,tablet,direct,Rome,7,6,157.1
3461,2026-05-09,mobile,organic_search,Zurich,4,23,61.3
3462,2026-07-05,mobile,direct,Berlin,7,23,127.0
3463,2026-03-20,mobile,organic_search,Paris,5,21,61.9
3464,2026-06-27,mobile,direct,Rome,3,23,279.0
3465,2026-08-28,desktop,direct,Frankfurt,5,8,32.5
3466,2026-05-01,tablet,email,Salzburg,6,24,15.6
3467,2026-04-13,tablet,affiliate,Paris,7,13,11.4
3468,2026-05-08,mobile,affiliate,Paris,3,5,103.3
3469,2026-02-19,mobile,direct,Zurich,1,6,75.5
3470,2026-05-16,mobile,paid_search,Salzburg,5,18,93.6
3471,2026-02-17,mobile,direct,Paris,1,21,116.3
3472,2026-06-17,mobile,direct,Hamburg,4,11,38.6
3473,2026-08-29,mobile,email,Cologne,5,7,56.2
3474,2026-07-04,mobile,organic_search,Zurich,4,7,127.4
3475,2026-08-30,tablet,direct,Zurich,6,21,138.8
3476,2026-04-17,desktop,organic_search,Cologne,6,21,153.0
3477,2026-07-13,desktop,organic_search,Munich,1,8,153.6
3478,2026-05-16,mobile,direct,Salzburg,5,3,28.1
3479,2026-04-27,mobile,direct,Rome,4,5,301.5
3480,2026-06-02,mobile,paid_search,Berlin,3,11,122.8
3481,2026-06-11,mobile,paid_search,Frankfurt,3,7,58.8
3482,2026-01-13,tablet,organic_search,Barcelona,6,13,195.1
3483,2026-06-19,desktop,direct,Munich,7,14,74.7
3484,2026-05-08,mobile,organic_search,Rome,5,4,232.3
3485,2026-02-01,desktop,direct,Salzburg,5,22,59.6
3486,2026-02-13,tablet,paid_search,Berlin,4,20,84.7
3487,2026-02-04,mobile,direct,Hamburg,7,3,40.4
3488,2026-07-19,desktop,organic_search,Berlin,6,12,85.1
3489,2026-04-06,mobile,paid_search,Cologne,3,6,50.5
3490,2026-04-15,mobile,paid_search,Hamburg,7,21,70.7
3491,2026-04-01,desktop,paid_search,Frankfurt,1,15,246.2
3492,2026-06-25,mobile,affiliate,Salzburg,1,7,91.8
3493,2026-04-24,desktop,direct,Munich,6,4,251.4
3494,2026-08-28,mobile,email,Paris,5,10,74.8
3495,2026-03-15,mobile,direct,Berlin,6,10,316.0
3496,2026-08-19,tablet,organic_search,Amsterdam,1,9,124.0
3497,2026-05-30,mobile,paid_search,Frankfurt,3,11,33.0
3498,2026-06-04,mobile,direct,Hamburg,5,5,73.9
3499,2026-07-02,mobile,paid_search,Hamburg,2,13,108.5
3500,2026-07-31,tablet,affiliate,Barcelona,6,9,79.4
3501,2026-07-30,tablet,paid_search,Amsterdam,1,18,57.3
3502,2026-08-05,mobile,paid_search,Amsterdam,4,20,109.8
3503,2026-04-10,mobile,organic_search,Berlin,5,8,117.4
3504,2026-07-08,mobile,organic_search,Rome,6,5,159.6
3505,2026-03-12,tablet,organic_search,Zurich,2,10,197.1
3506,2026-04-29,desktop,organic_search,Munich,6,5,154.5
3507,2026-02-06,desktop,direct,Salzburg,1,12,62.4
3508,2026-04-15,mobile,organic_search,Barcelona,4,23,213.5
3509,2026-05-16,mobile,organic_search,Salzburg,5,11,51.6
3510,2026-07-21,desktop,direct,Amsterdam,3,21,172.9
3511,2026-01-10,mobile,email,Salzburg,5,18,96.2
3512,2026-05-25,mobile,organic_search,Berlin,2,22,48.1
3513,2026-07-27,tablet,paid_search,Salzburg,4,4,40.8
3514,2026-07-07,desktop,organic_search,Amsterdam,7,18,113.9
3515,2026-04-26,mobile,affiliate,Salzburg,6,6,32.3
3516,2026-04-10,mobile,paid_search,Paris,7,16,110.7
3517,2026-05-28,mobile,direct,Vienna,3,6,133.3
3518,2026-06-20,mobile,paid_search,Amsterdam,2,22,259.0
3519,2026-04-07,mobile,email,Frankfurt,4,14,44.6
3520,2026-05-12,mobile,paid_search,Berlin,1,15,100.8
3521,2026-01-01,tablet,affiliate,Frankfurt,7,4,193.3
3522,2026-03-18,mobile,paid_search,Amsterdam,5,9,48.5
3523,2026-07-10,mobile,direct,Munich,2,4,133.9
3524,2026-04-11,mobile,organic_search,Hamburg,3,21,171.7
3525,2026-04-25,mobile,organic_search,Frankfurt,1,20,91.3
3526,2026-08-16,desktop,paid_search,Rome,7,16,110.9
3527,2026-04-09,desktop,organic_search,Vienna,3,24,85.1
3528,2026-04-16,mobile,organic_search,Berlin,7,21,206.2
3529,2026-07-03,desktop,organic_search,Barcelona,4,3,267.4
3530,2026-07-24,mobile,organic_search,Salzburg,1,22,80.8
3531,2026-03-26,mobile,direct,Vienna,6,6,52.1
3532,2026-02-12,mobile,organic_search,Cologne,2,5,126.4
3533,2026-06-06,mobile,affiliate,Barcelona,4,14,65.9
3534,2026-01-25,mobile,organic_search,Rome,1,16,93.7
3535,2026-06-25,mobile,affiliate,Barcelona,5,22,272.0
3536,2026-04-27,desktop,paid_search,Berlin,6,14,66.9
3537,2026-08-26,mobile,direct,Cologne,5,14,26.3
3538,2026-03-14,mobile,direct,Rome,5,5,91.5
3539,2026-07-05,mobile,organic_search,Vienna,4,11,35.4
3540,2026-01-01,mobile,paid_search,Zurich,7,7,65.1
3541,2026-01-06,mobile,organic_search,Cologne,6,21,23.5
3542,2026-04-19,mobile,email,Vienna,2,11,271.0
3543,2026-06-01,tablet,email,Berlin,1,19,225.7
3544,2026-02-10,mobile,paid_search,Frankfurt,5,4,226.8
3545,2026-05-30,mobile,paid_search,Rome,6,20,155.6
3546,2026-06-10,desktop,paid_search,Rome,3,16,169.2
3547,2026-01-30,tablet,organic_search,Barcelona,5,8,45.5
3548,2026-07-28,mobile,organic_search,Amsterdam,4,19,37.5
3549,2026-07-01,mobile,direct,Munich,7,17,92.4
3550,2026-03-22,mobile,direct,Hamburg,3,17,45.1
3551,2026-04-01,desktop,paid_search,Zurich,3,7,86.5
3552,2026-03-07,mobile,paid_search,Hamburg,5,13,69.2
3553,2026-05-31,mobile,organic_search,Rome,2,13,14.8
3554,2026-06-15,desktop,direct,Zurich,6,7,235.9
3555,2026-03-06,mobile,paid_search,Berlin,3,21,63.5
3556,2026-05-13,mobile,organic_search,Salzburg,4,16,86.2
3557,2026-02-12,tablet,organic_search,Frankfurt,2,20,60.5
3558,2026-04-10,mobile,paid_search,Rome,5,23,164.7
3559,2026-04-06,desktop,direct,Hamburg,7,15,17.3
3560,2026-04-02,mobile,organic_search,Paris,5,9,126.5
3561,2026-02-19,mobile,organic_search,Vienna,5,19,5.6
3562,2026-01-06,mobile,direct,Hamburg,7,15,454.3
3563,2026-08-27,desktop,direct,Munich,4,4,268.9
3564,2026-04-08,tablet,paid_search,Hamburg,2,10,48.5
3565,2026-06-25,tablet,email,Berlin,6,21,31.5
3566,2026-07-28,desktop,direct,Berlin,3,15,303.6
3567,2026-01-10,desktop,email,Berlin,1,20,171.3
3568,2026-04-07,mobile,affiliate,Paris,5,24,63.3
3569,2026-04-04,mobile,direct,Paris,3,19,84.1
3570,2026-06-03,mobile,organic_search,Barcelona,1,9,25.7
3571,2026-08-09,mobile,direct,Berlin,3,6,49.7
3572,2026-06-13,tablet,paid_search,Munich,6,7,101.1
3573,2026-05-25,desktop,organic_search,Hamburg,7,7,22.1
3574,2026-02-24,mobile,organic_search,Amsterdam,7,12,34.2
3575,2026-04-28,mobile,organic_search,Zurich,3,7,53.2
3576,2026-06-29,mobile,paid_search,Vienna,7,19,20.2
3577,2026-05-10,mobile,direct,Zurich,3,18,282.8
3578,2026-05-28,tablet,affiliate,Paris,1,5,190.4
3579,2026-03-15,desktop,direct,Munich,7,9,30.3
3580,2026-04-24,mobile,organic_search,Cologne,3,5,57.4
3581,2026-04-04,mobile,email,Salzburg,6,5,239.5
3582,2026-04-30,mobile,affiliate,Frankfurt,7,16,26.3
3583,2026-02-17,mobile,paid_search,Vienna,6,15,134.7
3584,2026-06-06,mobile,email,Berlin,3,7,210.1
3585,2026-06-21,mobile,direct,Hamburg,1,10,47.8
3586,2026-07-03,mobile,paid_search,Hamburg,6,23,192.5
3587,2026-02-27,mobile,organic_search,Barcelona,2,13,70.7
3588,2026-04-12,mobile,direct,Amsterdam,7,20,131.5
3589,2026-04-13,mobile,affiliate,Paris,2,19,80.6
3590,2026-08-02,mobile,organic_search,Paris,1,9,15.8
3591,2026-08-13,mobile,affiliate,Cologne,6,8,78.5
3592,2026-04-26,desktop,organic_search,Zurich,1,23,16.3
3593,2026-04-09,mobile,paid_search,Hamburg,7,22,261.2
3594,2026-01-06,tablet,paid_search,Barcelona,2,6,30.7
3595,2026-03-23,mobile,organic_search,Frankfurt,5,18,93.9
3596,2026-01-17,desktop,organic_search,Salzburg,3,6,163.6
3597,2026-04-13,mobile,organic_search,Rome,6,21,145.3
3598,2026-04-04,tablet,paid_search,Salzburg,2,3,49.1
3599,2026-03-02,mobile,organic_search,Barcelona,4,12,53.6
3600,2026-08-25,desktop,direct,Munich,5,10,158.8
3601,2026-06-27,mobile,paid_search,Barcelona,1,15,79.8
3602,2026-06-05,desktop,paid_search,Vienna,3,20,235.2
3603,2026-06-14,desktop,organic_search,Rome,6,20,82.6
3604,2026-03-25,desktop,direct,Cologne,7,10,53.5
3605,2026-03-03,mobile,email,Hamburg,7,4,228.8
3606,2026-07-25,mobile,direct,Zurich,7,23,28.1
3607,2026-04-12,mobile,paid_search,Rome,7,11,70.3
3608,2026-06-22,mobile,organic_search,Munich,6,23,97.5
3609,2026-05-09,mobile,direct,Paris,2,5,99.0
3610,2026-01-06,desktop,paid_search,Salzburg,2,19,123.9
3611,2026-07-29,mobile,organic_search,Amsterdam,7,20,104.6
3612,2026-01-05,mobile,direct,Rome,1,7,100.1
3613,2026-03-23,mobile,organic_search,Frankfurt,4,24,49.7
3614,2026-07-02,mobile,organic_search,Rome,2,4,142.6
3615,2026-05-20,tablet,direct,Rome,4,22,79.5
3616,2026-07-19,desktop,organic_search,Amsterdam,3,8,163.4
3617,2026-08-16,mobile,paid_search,Berlin,4,23,139.9
3618,2026-06-22,mobile,direct,Salzburg,6,9,285.9
3619,2026-03-05,mobile,paid_search,Cologne,2,11,394.3
3620,2026-01-01,mobile,organic_search,Munich,7,16,164.2
3621,2026-06-26,mobile,organic_search,Munich,4,14,80.7
3622,2026-03-19,mobile,paid_search,Rome,3,22,25.3
3623,2026-06-08,mobile,affiliate,Frankfurt,5,11,79.7
3624,2026-05-04,mobile,paid_search,Munich,6,10,51.5
3625,2026-02-06,mobile,affiliate,Amsterdam,7,11,55.7
3626,2026-03-30,desktop,affiliate,Zurich,2,14,105.8
3627,2026-08-27,tablet,email,Frankfurt,7,3,66.4
3628,2026-03-19,mobile,paid_search,Salzburg,5,14,48.8
3629,2026-07-09,mobile,paid_search,Salzburg,2,15,36.0
3630,2026-06-18,mobile,direct,Paris,1,11,27.7
3631,2026-04-14,mobile,organic_search,Frankfurt,1,20,144.8
3632,2026-07-03,desktop,organic_search,Berlin,1,3,34.4
3633,2026-05-16,mobile,affiliate,Berlin,2,11,139.4
3634,2026-05-31,desktop,paid_search,Amsterdam,6,9,90.7
3635,2026-03-29,mobile,email,Berlin,3,21,153.4
3636,2026-08-16,mobile,organic_search,Paris,3,18,17.1
3637,2026-03-05,desktop,organic_search,Berlin,4,12,167.4
3638,2026-05-10,desktop,organic_search,Zurich,2,9,200.6
3639,2026-08-05,desktop,direct,Barcelona,4,17,130.4
3640,2026-06-21,tablet,organic_search,Munich,3,19,6.7
3641,2026-05-22,desktop,direct,Munich,1,3,133.9
3642,2026-01-20,mobile,direct,Paris,6,24,408.5
3643,2026-03-31,desktop,organic_search,Cologne,1,16,131.1
3644,2026-04-19,desktop,organic_search,Cologne,6,11,118.9
3645,2026-07-26,mobile,paid_search,Salzburg,6,9,123.9
3646,2026-07-26,mobile,email,Cologne,3,17,100.4
3647,2026-04-18,desktop,direct,Salzburg,6,20,156.1
3648,2026-03-28,mobile,paid_search,Cologne,4,21,36.9
3649,2026-02-14,desktop,direct,Zurich,6,3,171.7
3650,2026-04-26,mobile,affiliate,Munich,6,16,45.0
3651,2026-02-06,mobile,paid_search,Salzburg,1,5,34.7
3652,2026-02-10,mobile,organic_search,Salzburg,5,8,15.4
3653,2026-08-16,tablet,organic_search,Vienna,4,20,176.2
3654,2026-05-11,tablet,paid_search,Cologne,2,5,135.8
3655,2026-04-03,tablet,organic_search,Amsterdam,7,12,143.1
3656,2026-04-12,desktop,email,Frankfurt,3,3,157.5
3657,2026-04-06,desktop,paid_search,Cologne,7,8,20.1
3658,2026-07-23,mobile,direct,Hamburg,4,14,84.0
3659,2026-05-11,mobile,affiliate,Vienna,7,3,12.6
3660,2026-06-06,mobile,paid_search,Vienna,5,23,65.9
3661,2026-05-20,mobile,email,Vienna,7,10,198.7
3662,2026-05-17,desktop,direct,Cologne,1,4,267.5
3663,2026-04-15,mobile,organic_search,Frankfurt,5,20,159.8
3664,2026-07-05,desktop,organic_search,Zurich,6,3,48.6
3665,2026-08-15,tablet,organic_search,Paris,7,14,34.7
3666,2026-03-25,mobile,email,Amsterdam,7,9,100.7
3667,2026-03-22,mobile,affiliate,Rome,7,5,154.6
3668,2026-07-04,desktop,paid_search,Salzburg,4,10,25.4
3669,2026-01-28,desktop,paid_search,Amsterdam,5,11,41.2
3670,2026-04-20,desktop,organic_search,Frankfurt,7,11,124.9
3671,2026-08-29,desktop,direct,Amsterdam,1,10,87.8
3672,2026-06-18,desktop,organic_search,Salzburg,4,5,55.8
3673,2026-02-23,desktop,organic_search,Rome,2,5,111.3
3674,2026-04-10,mobile,affiliate,Vienna,4,24,172.1
3675,2026-08-17,tablet,paid_search,Frankfurt,5,11,41.1
3676,2026-05-08,desktop,paid_search,Vienna,1,24,19.4
3677,2026-07-24,mobile,paid_search,Salzburg,5,6,28.4
3678,2026-07-16,mobile,organic_search,Munich,7,19,51.1
3679,2026-07-08,tablet,direct,Frankfurt,3,18,81.4
3680,2026-06-06,mobile,affiliate,Vienna,7,15,134.9
3681,2026-02-02,desktop,paid_search,Rome,1,7,19.9
3682,2026-03-12,mobile,organic_search,Zurich,1,8,213.5
3683,2026-01-09,mobile,email,Zurich,2,9,43.4
3684,2026-04-16,mobile,organic_search,Cologne,7,18,100.6
3685,2026-02-11,mobile,email,Salzburg,7,6,375.8
3686,2026-05-26,mobile,email,Rome,2,6,43.8
3687,2026-04-08,mobile,email,Vienna,1,20,43.0
3688,2026-08-16,mobile,direct,Barcelona,5,3,182.3
3689,2026-07-11,mobile,affiliate,Salzburg,6,23,207.0
3690,2026-02-24,mobile,email,Barcelona,3,20,53.1
3691,2026-04-06,mobile,affiliate,Cologne,5,7,36.1
3692,2026-04-11,desktop,paid_search,Vienna,7,6,15.8
3693,2026-01-08,mobile,organic_search,Salzburg,1,14,12.6
3694,2026-06-25,desktop,affiliate,Hamburg,7,12,63.3
3695,2026-01-18,mobile,organic_search,Hamburg,3,23,2.8
3696,2026-07-18,desktop,direct,Zurich,7,10,100.8
3697,2026-04-22,tablet,direct,Hamburg,6,23,146.2
3698,2026-04-20,desktop,paid_search,Hamburg,2,15,26.8
3699,2026-01-07,desktop,organic_search,Hamburg,5,6,168.1
3700,2026-06-01,desktop,organic_search,Amsterdam,2,11,116.7
3701,2026-07-02,mobile,organic_search,Hamburg,7,16,113.8
3702,2026-04-10,mobile,affiliate,Salzburg,7,9,27.0
3703,2026-03-01,desktop,paid_search,Vienna,7,14,71.8
3704,2026-08-30,mobile,organic_search,Munich,2,17,153.3
3705,2026-04-28,mobile,organic_search,Berlin,6,11,48.7
3706,2026-06-09,desktop,organic_search,Amsterdam,1,20,218.8
3707,2026-07-11,desktop,paid_search,Cologne,6,20,101.2
3708,2026-05-23,mobile,organic_search,Rome,1,24,157.8
3709,2026-05-14,desktop,organic_search,Vienna,1,3,29.4
3710,2026-06-15,desktop,affiliate,Frankfurt,7,6,114.0
3711,2026-08-02,mobile,direct,Munich,6,21,24.7
3712,2026-06-15,mobile,organic_search,Munich,1,21,50.8
3713,2026-07-24,desktop,direct,Frankfurt,5,8,12.6
3714,2026-03-09,desktop,organic_search,Hamburg,6,24,173.4
3715,2026-02-11,mobile,paid_search,Salzburg,3,6,118.1
3716,2026-01-25,desktop,paid_search,Berlin,6,23,287.2
3717,2026-01-06,desktop,direct,Rome,6,16,82.6
3718,2026-04-18,desktop,organic_search,Vienna,3,23,41.5
3719,2026-07-29,mobile,paid_search,Cologne,4,23,256.8
3720,2026-01-16,desktop,paid_search,Berlin,3,6,659.2
3721,2026-06-08,desktop,paid_search,Berlin,5,14,198.3
3722,2026-07-13,mobile,paid_search,Hamburg,6,11,220.8
3723,2026-08-11,desktop,paid_search,Amsterdam,5,24,40.6
3724,2026-07-16,desktop,affiliate,Berlin,3,24,68.3
3725,2026-01-21,mobile,direct,Paris,6,16,198.6
3726,2026-02-06,desktop,organic_search,Munich,7,8,93.7
3727,2026-08-27,desktop,direct,Paris,3,16,112.8
3728,2026-01-23,mobile,paid_search,Frankfurt,7,16,38.4
3729,2026-08-27,desktop,organic_search,Vienna,2,7,99.9
3730,2026-08-17,mobile,organic_search,Amsterdam,7,18,124.8
3731,2026-03-06,mobile,paid_search,Hamburg,6,6,59.7
3732,2026-07-15,mobile,organic_search,Munich,5,4,340.2
3733,2026-01-15,desktop,email,Amsterdam,3,16,98.3
3734,2026-01-31,desktop,organic_search,Salzburg,6,20,146.7
3735,2026-04-01,mobile,paid_search,Barcelona,7,4,177.3
3736,2026-02-25,mobile,paid_search,Vienna,7,16,73.2
3737,2026-04-16,mobile,affiliate,Salzburg,7,24,52.2
3738,2026-03-07,mobile,organic_search,Cologne,7,24,56.3
3739,2026-03-07,mobile,direct,Frankfurt,7,9,189.1
3740,2026-03-27,mobile,paid_search,Paris,4,24,52.8
3741,2026-01-14,tablet,paid_search,Frankfurt,4,13,330.8
3742,2026-06-17,tablet,organic_search,Rome,3,5,18.1
3743,2026-07-29,mobile,organic_search,Vienna,7,7,327.1
3744,2026-04-07,mobile,email,Zurich,3,14,141.8
3745,2026-02-21,desktop,direct,Hamburg,1,12,95.2
3746,2026-08-07,desktop,organic_search,Cologne,2,5,31.1
3747,2026-07-31,mobile,paid_search,Vienna,5,8,43.3
3748,2026-04-22,tablet,paid_search,Barcelona,5,17,102.7
3749,2026-03-04,mobile,organic_search,Barcelona,7,21,55.7
3750,2026-07-01,mobile,paid_search,Salzburg,7,11,40.3
3751,2026-07-25,desktop,organic_search,Salzburg,1,4,88.4
3752,2026-01-08,mobile,paid_search,Berlin,6,14,64.1
3753,2026-03-10,desktop,organic_search,Cologne,6,12,238.3
3754,2026-07-28,desktop,paid_search,Rome,6,15,165.3
3755,2026-01-25,tablet,paid_search,Amsterdam,5,19,164.8
3756,2026-03-01,mobile,organic_search,Rome,5,18,103.8
3757,2026-07-19,mobile,direct,Frankfurt,1,22,33.2
3758,2026-07-17,desktop,paid_search,Amsterdam,4,20,106.1
3759,2026-03-09,mobile,direct,Hamburg,2,24,120.6
3760,2026-07-30,desktop,email,Amsterdam,2,12,135.8
3761,2026-03-16,desktop,paid_search,Berlin,1,4,107.0
3762,2026-02-20,mobile,paid_search,Paris,4,14,200.3
3763,2026-04-09,mobile,direct,Rome,6,5,28.7
3764,2026-05-25,mobile,paid_search,Zurich,1,5,58.1
3765,2026-05-27,tablet,paid_search,Salzburg,6,8,106.0
3766,2026-03-05,mobile,paid_search,Barcelona,7,5,99.1
3767,2026-06-03,tablet,organic_search,Berlin,7,24,41.7
3768,2026-01-05,desktop,paid_search,Hamburg,5,15,55.4
3769,2026-01-19,mobile,organic_search,Vienna,6,24,57.6
3770,2026-03-02,mobile,organic_search,Munich,1,15,17.6
3771,2026-08-19,mobile,direct,Cologne,6,15,35.1
3772,2026-06-20,mobile,email,Salzburg,5,4,185.4
3773,2026-01-13,mobile,email,Cologne,4,19,136.2
3774,2026-01-17,mobile,direct,Frankfurt,6,13,171.0
3775,2026-07-22,mobile,organic_search,Paris,2,13,335.1
3776,2026-05-03,tablet,paid_search,Amsterdam,5,23,125.3
3777,2026-06-23,tablet,affiliate,Paris,3,22,11.8
3778,2026-03-17,desktop,affiliate,Hamburg,6,14,99.0
3779,2026-03-12,mobile,email,Amsterdam,1,5,139.2
3780,2026-02-08,mobile,direct,Paris,2,19,96.2
3781,2026-05-25,mobile,paid_search,Hamburg,6,20,38.7
3782,2026-05-19,mobile,paid_search,Munich,5,4,122.6
3783,2026-05-14,desktop,direct,Munich,4,13,176.0
3784,2026-08-14,mobile,paid_search,Paris,6,9,111.8
3785,2026-06-11,mobile,paid_search,Berlin,6,13,187.8
3786,2026-08-14,tablet,direct,Vienna,4,20,91.6
3787,2026-06-28,mobile,affiliate,Berlin,7,15,98.8
3788,2026-02-01,desktop,organic_search,Cologne,7,7,55.1
3789,2026-05-05,desktop,organic_search,Paris,3,13,141.2
3790,2026-08-24,mobile,organic_search,Munich,4,17,116.4
3791,2026-06-23,mobile,direct,Hamburg,2,21,83.3
3792,2026-01-29,desktop,email,Berlin,2,5,293.4
3793,2026-02-17,mobile,direct,Amsterdam,2,8,328.0
3794,2026-01-19,desktop,paid_search,Hamburg,1,9,91.2
3795,2026-06-17,desktop,paid_search,Cologne,6,5,251.1
3796,2026-04-16,mobile,organic_search,Barcelona,1,11,149.7
3797,2026-04-14,mobile,paid_search,Barcelona,2,17,204.7
3798,2026-08-25,desktop,direct,Vienna,3,16,16.8
3799,2026-08-16,mobile,direct,Barcelona,3,19,99.1
3800,2026-01-23,desktop,direct,Salzburg,6,10,78.0
3801,2026-07-27,mobile,email,Cologne,5,13,172.8
3802,2026-08-15,desktop,paid_search,Hamburg,1,23,76.7
3803,2026-01-01,desktop,organic_search,Frankfurt,4,17,147.0
3804,2026-08-10,desktop,paid_search,Berlin,6,12,247.6
3805,2026-07-04,desktop,affiliate,Vienna,2,13,78.9
3806,2026-03-10,mobile,email,Munich,1,8,40.7
3807,2026-05-26,desktop,email,Berlin,4,21,149.8
3808,2026-01-11,mobile,direct,Hamburg,4,11,119.4
3809,2026-06-22,tablet,affiliate,Berlin,4,18,44.5
3810,2026-03-25,desktop,paid_search,Munich,5,15,121.8
3811,2026-03-04,mobile,paid_search,Barcelona,5,24,141.7
3812,2026-07-12,mobile,direct,Rome,3,9,196.5
3813,2026-07-13,desktop,paid_search,Vienna,3,16,18.7
3814,2026-03-27,mobile,direct,Salzburg,6,18,79.5
3815,2026-02-04,mobile,paid_search,Vienna,6,17,67.2
3816,2026-06-29,mobile,affiliate,Zurich,2,23,71.2
3817,2026-08-06,desktop,affiliate,Zurich,2,14,173.6
3818,2026-08-01,mobile,email,Cologne,5,12,90.4
3819,2026-04-16,mobile,organic_search,Cologne,4,14,164.9
3820,2026-05-06,mobile,organic_search,Amsterdam,5,9,65.9
3821,2026-01-26,mobile,affiliate,Barcelona,6,4,153.0
3822,2026-03-21,mobile,email,Hamburg,3,22,156.2
3823,2026-06-19,mobile,organic_search,Berlin,2,12,22.4
3824,2026-07-05,mobile,paid_search,Berlin,1,19,252.8
3825,2026-04-04,desktop,organic_search,Munich,2,8,74.8
3826,2026-08-12,mobile,email,Frankfurt,7,6,33.4
3827,2026-03-03,mobile,paid_search,Paris,5,24,112.0
3828,2026-06-19,desktop,paid_search,Zurich,7,7,50.2
3829,2026-06-11,desktop,organic_search,Rome,4,22,135.4
3830,2026-05-24,mobile,organic_search,Rome,7,16,105.5
3831,2026-03-22,mobile,affiliate,Berlin,7,12,189.2
3832,2026-06-21,desktop,direct,Munich,3,10,113.0
3833,2026-02-22,mobile,organic_search,Salzburg,6,5,71.6
3834,2026-07-20,desktop,organic_search,Rome,1,10,107.6
3835,2026-05-26,mobile,direct,Amsterdam,3,11,51.7
3836,2026-04-10,mobile,email,Vienna,3,5,22.5
3837,2026-03-26,mobile,paid_search,Cologne,1,24,84.5
3838,2026-01-31,desktop,direct,Cologne,1,23,35.7
3839,2026-01-13,mobile,affiliate,Berlin,2,4,110.0
3840,2026-03-17,desktop,paid_search,Zurich,3,16,86.0
3841,2026-02-24,mobile,email,Zurich,3,22,109.6
3842,2026-06-16,mobile,paid_search,Salzburg,4,4,51.8
3843,2026-04-20,mobile,organic_search,Barcelona,1,5,54.9
3844,2026-02-07,desktop,email,Amsterdam,5,9,178.7
3845,2026-05-20,desktop,affiliate,Amsterdam,2,15,65.9
3846,2026-06-03,mobile,organic_search,Berlin,6,15,109.6
3847,2026-04-28,mobile,direct,Hamburg,6,22,64.4
3848,2026-06-08,tablet,direct,Rome,5,22,138.6
3849,2026-08-11,mobile,email,Salzburg,5,16,94.1
3850,2026-05-25,mobile,direct,Munich,3,4,226.6
3851,2026-03-24,mobile,email,Hamburg,1,6,189.9
3852,2026-06-01,mobile,direct,Paris,5,20,80.2
3853,2026-07-29,tablet,paid_search,Zurich,1,24,194.8
3854,2026-06-05,desktop,organic_search,Vienna,6,5,48.5
3855,2026-04-26,mobile,email,Vienna,3,21,177.7
3856,2026-01-28,desktop,affiliate,Zurich,4,11,156.9
3857,2026-06-14,desktop,organic_search,Salzburg,1,6,86.8
3858,2026-07-09,mobile,direct,Zurich,3,19,204.2
3859,2026-05-11,mobile,organic_search,Cologne,3,14,10.7
3860,2026-06-02,mobile,direct,Berlin,4,7,21.2
3861,2026-01-27,mobile,organic_search,Salzburg,2,17,182.7
3862,2026-08-23,mobile,affiliate,Salzburg,2,6,96.7
3863,2026-04-13,mobile,direct,Salzburg,4,15,107.4
3864,2026-08-02,mobile,direct,Paris,4,20,374.9
3865,2026-06-13,desktop,organic_search,Hamburg,4,10,304.0
3866,2026-06-24,mobile,organic_search,Amsterdam,3,6,98.9
3867,2026-03-08,desktop,paid_search,Berlin,5,20,66.5
3868,2026-03-05,desktop,organic_search,Cologne,1,5,131.4
3869,2026-03-21,desktop,paid_search,Zurich,3,9,85.4
3870,2026-03-07,mobile,affiliate,Vienna,7,3,115.4
3871,2026-06-19,mobile,paid_search,Hamburg,5,9,102.3
3872,2026-02-07,mobile,paid_search,Vienna,2,4,116.4
3873,2026-06-27,mobile,email,Salzburg,5,15,67.4
3874,2026-02-05,mobile,direct,Munich,6,5,112.7
3875,2026-05-10,mobile,paid_search,Berlin,3,4,125.9
3876,2026-03-12,desktop,direct,Hamburg,2,20,277.2
3877,2026-06-28,desktop,organic_search,Cologne,3,4,110.2
3878,2026-03-11,mobile,organic_search,Salzburg,6,11,46.0
3879,2026-07-23,desktop,organic_search,Berlin,5,24,78.7
3880,2026-07-31,mobile,paid_search,Frankfurt,5,12,198.0
3881,2026-05-04,desktop,affiliate,Cologne,2,12,161.2
3882,2026-01-06,mobile,affiliate,Zurich,1,18,17.9
3883,2026-06-18,mobile,organic_search,Amsterdam,1,15,52.4
3884,2026-06-15,mobile,email,Amsterdam,4,20,31.1
3885,2026-01-03,tablet,email,Zurich,1,24,58.9
3886,2026-05-17,mobile,organic_search,Salzburg,7,16,88.6
3887,2026-01-08,mobile,paid_search,Munich,3,24,83.6
3888,2026-03-01,mobile,paid_search,Zurich,4,5,231.8
3889,2026-05-26,desktop,organic_search,Munich,7,19,331.9
3890,2026-04-23,mobile,paid_search,Vienna,4,14,94.2
3891,2026-06-03,mobile,organic_search,Munich,4,15,57.8
3892,2026-04-11,mobile,paid_search,Cologne,1,21,66.1
3893,2026-03-13,mobile,paid_search,Rome,3,8,154.4
3894,2026-01-17,mobile,paid_search,Berlin,1,15,13.0
3895,2026-05-30,mobile,paid_search,Cologne,5,7,137.7
3896,2026-05-12,mobile,paid_search,Munich,4,20,88.0
3897,2026-01-25,mobile,organic_search,Paris,1,5,132.9
3898,2026-01-28,desktop,organic_search,Rome,7,7,30.7
3899,2026-07-06,mobile,paid_search,Salzburg,7,11,96.8
3900,2026-07-20,mobile,paid_search,Hamburg,1,14,72.1
3901,2026-03-27,mobile,organic_search,Paris,7,8,183.5
3902,2026-08-25,desktop,paid_search,Berlin,5,15,17.9
3903,2026-05-19,mobile,affiliate,Hamburg,5,21,50.1
3904,2026-05-13,mobile,direct,Salzburg,7,5,53.5
3905,2026-08-25,tablet,direct,Paris,1,23,66.4
3906,2026-05-29,mobile,email,Munich,7,18,49.3
3907,2026-05-06,tablet,direct,Paris,7,16,315.9
3908,2026-01-30,mobile,paid_search,Hamburg,6,15,90.2
3909,2026-05-08,mobile,email,Hamburg,1,17,148.2
3910,2026-03-21,desktop,paid_search,Paris,4,11,302.8
3911,2026-01-25,mobile,organic_search,Paris,1,14,129.3
3912,2026-05-10,mobile,organic_search,Munich,3,3,122.0
3913,2026-01-11,desktop,paid_search,Frankfurt,6,5,144.5
3914,2026-08-13,desktop,direct,Frankfurt,3,14,160.3
3915,2026-08-12,mobile,organic_search,Munich,6,21,73.2
3916,2026-06-25,desktop,paid_search,Paris,4,3,19.4
3917,2026-07-29,mobile,direct,Frankfurt,2,3,70.6
3918,2026-07-19,mobile,affiliate,Barcelona,3,13,192.0
3919,2026-07-16,mobile,paid_search,Berlin,5,17,370.1
3920,2026-01-31,tablet,paid_search,Frankfurt,6,21,208.5
3921,2026-08-29,mobile,direct,Zurich,7,6,127.7
3922,2026-02-26,desktop,organic_search,Hamburg,7,23,172.1
3923,2026-01-24,mobile,paid_search,Zurich,6,20,127.4
3924,2026-08-01,mobile,organic_search,Vienna,3,18,24.8
3925,2026-07-05,desktop,organic_search,Cologne,2,17,40.5
3926,2026-05-26,mobile,paid_search,Frankfurt,4,24,233.1
3927,2026-01-28,mobile,email,Cologne,3,8,95.6
3928,2026-03-19,mobile,paid_search,Cologne,5,23,102.2
3929,2026-06-03,mobile,paid_search,Berlin,7,20,69.8
3930,2026-06-20,mobile,paid_search,Salzburg,7,19,101.5
3931,2026-06-23,mobile,paid_search,Zurich,4,20,151.4
3932,2026-03-02,mobile,direct,Paris,4,3,144.1
3933,2026-06-17,desktop,affiliate,Cologne,7,13,123.9
3934,2026-01-27,mobile,paid_search,Vienna,5,17,103.2
3935,2026-03-06,tablet,email,Vienna,1,15,74.5
3936,2026-01-05,mobile,paid_search,Zurich,2,23,55.2
3937,2026-08-02,mobile,organic_search,Salzburg,1,5,154.6
3938,2026-03-31,mobile,organic_search,Vienna,1,23,60.9
3939,2026-05-17,mobile,direct,Barcelona,2,12,204.1
3940,2026-01-03,mobile,direct,Munich,4,12,101.6
3941,2026-08-10,mobile,direct,Zurich,2,17,156.5
3942,2026-04-07,desktop,email,Hamburg,5,20,154.3
3943,2026-04-18,mobile,organic_search,Paris,7,4,127.4
3944,2026-03-28,desktop,direct,Amsterdam,1,19,142.4
3945,2026-03-24,desktop,paid_search,Zurich,2,10,36.9
3946,2026-03-16,mobile,paid_search,Rome,5,17,250.7
3947,2026-08-06,mobile,paid_search,Frankfurt,6,12,344.8
3948,2026-01-20,desktop,direct,Munich,5,6,92.5
3949,2026-07-17,mobile,email,Rome,5,18,99.7
3950,2026-03-03,mobile,direct,Paris,7,18,138.3
3951,2026-01-21,mobile,direct,Salzburg,4,11,96.4
3952,2026-07-31,tablet,affiliate,Vienna,3,5,111.0
3953,2026-04-17,mobile,direct,Hamburg,4,23,89.8
3954,2026-08-07,mobile,organic_search,Hamburg,6,10,49.5
3955,2026-01-19,desktop,direct,Salzburg,5,20,116.4
3956,2026-01-18,desktop,organic_search,Hamburg,7,10,60.9
3957,2026-07-30,mobile,organic_search,Munich,3,14,117.1
3958,2026-03-03,mobile,affiliate,Cologne,5,21,42.8
3959,2026-04-26,desktop,organic_search,Frankfurt,6,18,27.3
3960,2026-02-09,mobile,email,Hamburg,4,17,214.5
3961,2026-03-05,mobile,direct,Berlin,2,9,266.3
3962,2026-05-20,desktop,direct,Cologne,7,5,42.4
3963,2026-01-18,desktop,paid_search,Berlin,2,13,29.0
3964,2026-07-06,mobile,direct,Barcelona,4,11,224.9
3965,2026-03-12,mobile,affiliate,Hamburg,5,15,278.4
3966,2026-08-09,mobile,direct,Berlin,2,13,550.3
3967,2026-03-30,desktop,paid_search,Zurich,3,9,60.5
3968,2026-06-24,tablet,email,Frankfurt,5,4,46.3
3969,2026-08-23,mobile,paid_search,Vienna,1,21,70.0
3970,2026-06-08,tablet,organic_search,Zurich,6,4,340.7
3971,2026-08-28,mobile,affiliate,Vienna,5,15,5.6
3972,2026-06-23,mobile,paid_search,Munich,6,15,130.5
3973,2026-04-23,mobile,organic_search,Salzburg,6,13,174.2
3974,2026-08-27,tablet,direct,Salzburg,6,5,201.4
3975,2026-08-10,mobile,affiliate,Hamburg,5,9,109.4
3976,2026-08-14,tablet,email,Amsterdam,4,13,164.3
3977,2026-07-13,desktop,organic_search,Amsterdam,4,22,52.8
3978,2026-01-24,desktop,direct,Amsterdam,5,24,50.8
3979,2026-07-06,mobile,organic_search,Salzburg,5,9,12.3
3980,2026-02-25,mobile,paid_search,Zurich,1,17,66.2
3981,2026-03-07,mobile,organic_search,Munich,4,5,48.5
3982,2026-07-08,mobile,organic_search,Munich,6,13,61.1
3983,2026-06-29,desktop,affiliate,Salzburg,5,4,94.6
3984,2026-01-19,mobile,paid_search,Barcelona,1,12,226.0
3985,2026-08-28,mobile,direct,Munich,3,21,144.7
3986,2026-06-16,mobile,paid_search,Zurich,6,5,41.6
3987,2026-07-23,mobile,organic_search,Amsterdam,6,10,59.4
3988,2026-08-07,mobile,direct,Paris,1,12,77.6
3989,2026-05-12,mobile,paid_search,Hamburg,7,17,81.2
3990,2026-03-22,mobile,organic_search,Barcelona,2,17,331.1
3991,2026-01-01,mobile,organic_search,Berlin,6,24,151.4
3992,2026-06-24,desktop,paid_search,Barcelona,6,16,49.1
3993,2026-04-02,mobile,email,Hamburg,5,8,37.1
3994,2026-04-12,desktop,paid_search,Vienna,1,20,190.6
3995,2026-06-08,desktop,paid_search,Vienna,2,16,309.3
3996,2026-04-11,mobile,organic_search,Paris,2,13,184.0
3997,2026-02-03,mobile,direct,Amsterdam,1,15,138.8
3998,2026-07-30,mobile,direct,Vienna,1,13,66.4
3999,2026-04-09,mobile,paid_search,Frankfurt,1,4,181.4
4000,2026-06-24,desktop,paid_search,Paris,4,3,247.6
4001,2026-06-21,mobile,organic_search,Frankfurt,4,10,44.1
4002,2026-03-02,tablet,affiliate,Rome,3,18,22.5
4003,2026-08-04,tablet,paid_search,Vienna,2,5,99.4
4004,2026-08-28,mobile,organic_search,Hamburg,2,12,110.1
4005,2026-06-19,desktop,direct,Rome,2,8,384.8
4006,2026-07-25,mobile,direct,Munich,4,19,130.6
4007,2026-05-28,mobile,organic_search,Barcelona,2,21,85.3
4008,2026-03-16,mobile,paid_search,Barcelona,4,21,239.9
4009,2026-02-24,mobile,paid_search,Paris,7,10,104.4
4010,2026-08-17,tablet,paid_search,Paris,7,20,23.6
4011,2026-06-12,desktop,email,Barcelona,2,3,172.9
4012,2026-04-28,mobile,direct,Berlin,4,9,247.1
4013,2026-07-22,desktop,email,Vienna,4,22,33.3
4014,2026-05-16,desktop,paid_search,Barcelona,2,14,91.4
4015,2026-04-16,desktop,email,Salzburg,7,23,63.3
4016,2026-01-15,desktop,organic_search,Salzburg,2,17,79.2
4017,2026-08-04,mobile,organic_search,Salzburg,1,14,103.4
4018,2026-01-18,desktop,paid_search,Hamburg,1,10,39.7
4019,2026-03-23,mobile,paid_search,Paris,2,10,119.0
4020,2026-05-26,mobile,organic_search,Hamburg,1,4,114.0
4021,2026-06-03,mobile,direct,Amsterdam,5,20,176.0
4022,2026-06-07,tablet,organic_search,Berlin,7,9,112.3
4023,2026-07-23,mobile,organic_search,Salzburg,6,5,148.8
4024,2026-05-04,mobile,paid_search,Paris,6,17,48.1
4025,2026-08-03,mobile,email,Zurich,6,16,335.3
4026,2026-05-22,mobile,organic_search,Barcelona,4,23,215.2
4027,2026-04-24,tablet,paid_search,Paris,5,6,87.2
4028,2026-04-04,mobile,direct,Zurich,6,20,76.0
4029,2026-04-22,mobile,organic_search,Hamburg,1,21,128.3
4030,2026-04-25,tablet,organic_search,Amsterdam,3,6,44.4
4031,2026-08-17,desktop,organic_search,Paris,2,19,115.7
4032,2026-02-10,desktop,affiliate,Amsterdam,5,14,59.9
4033,2026-04-23,desktop,organic_search,Frankfurt,4,22,28.7
4034,2026-01-31,mobile,direct,Hamburg,2,5,72.1
4035,2026-01-01,desktop,organic_search,Frankfurt,1,24,141.4
4036,2026-04-21,mobile,email,Amsterdam,6,15,100.1
4037,2026-04-28,mobile,direct,Hamburg,1,20,134.2
4038,2026-03-12,mobile,affiliate,Cologne,6,11,126.1
4039,2026-05-27,desktop,affiliate,Frankfurt,6,8,86.9
4040,2026-01-04,mobile,affiliate,Cologne,6,17,61.5
4041,2026-06-29,desktop,organic_search,Salzburg,6,16,186.6
4042,2026-04-11,desktop,direct,Amsterdam,6,21,88.2
4043,2026-01-20,mobile,direct,Hamburg,2,23,78.6
4044,2026-08-13,mobile,organic_search,Barcelona,3,12,31.7
4045,2026-05-20,mobile,organic_search,Hamburg,4,7,88.5
4046,2026-04-25,mobile,paid_search,Amsterdam,7,21,8.7
4047,2026-05-28,mobile,email,Cologne,7,7,221.6
4048,2026-05-14,mobile,email,Zurich,3,22,123.0
4049,2026-06-14,mobile,email,Berlin,5,19,217.7
4050,2026-06-25,mobile,organic_search,Hamburg,7,22,125.5
4051,2026-03-07,mobile,direct,Zurich,6,16,81.4
4052,2026-06-06,tablet,organic_search,Munich,4,10,212.9
4053,2026-07-05,mobile,affiliate,Hamburg,5,12,54.8
4054,2026-02-03,desktop,paid_search,Barcelona,7,19,153.1
4055,2026-07-11,desktop,direct,Rome,3,4,148.0
4056,2026-03-26,mobile,affiliate,Barcelona,5,3,78.2
4057,2026-02-03,desktop,paid_search,Frankfurt,6,19,119.4
4058,2026-06-21,mobile,paid_search,Salzburg,4,18,77.1
4059,2026-07-06,mobile,paid_search,Vienna,1,10,76.9
4060,2026-05-15,mobile,organic_search,Munich,1,17,58.5
4061,2026-05-30,mobile,direct,Paris,5,23,82.4
4062,2026-04-20,mobile,affiliate,Barcelona,1,14,87.6
4063,2026-04-16,mobile,email,Berlin,3,16,80.4
4064,2026-03-20,desktop,affiliate,Berlin,1,22,136.3
4065,2026-07-08,desktop,organic_search,Amsterdam,7,19,99.3
4066,2026-04-29,mobile,organic_search,Cologne,6,9,74.0
4067,2026-01-31,mobile,organic_search,Salzburg,5,6,70.7
4068,2026-02-28,mobile,direct,Vienna,7,3,158.8
4069,2026-03-28,mobile,direct,Zurich,2,17,126.7
4070,2026-06-30,mobile,direct,Barcelona,7,23,132.2
4071,2026-08-05,mobile,organic_search,Paris,6,24,111.2
4072,2026-02-10,mobile,direct,Hamburg,7,9,117.7
4073,2026-02-04,desktop,organic_search,Munich,3,7,235.2
4074,2026-05-06,mobile,organic_search,Cologne,2,22,119.6
4075,2026-08-13,desktop,direct,Amsterdam,6,19,34.5
4076,2026-03-11,mobile,email,Cologne,4,9,177.7
4077,2026-06-02,mobile,direct,Amsterdam,1,11,82.8
4078,2026-06-24,mobile,organic_search,Hamburg,7,6,65.6
4079,2026-01-02,desktop,paid_search,Vienna,3,5,266.1
4080,2026-03-30,tablet,affiliate,Munich,2,9,274.4
4081,2026-02-07,mobile,direct,Hamburg,4,22,15.8
4082,2026-08-28,mobile,email,Paris,4,15,92.4
4083,2026-01-13,desktop,paid_search,Hamburg,1,12,35.9
4084,2026-02-01,mobile,paid_search,Vienna,3,19,244.3
4085,2026-07-06,mobile,paid_search,Vienna,4,10,266.6
4086,2026-02-08,mobile,email,Amsterdam,3,7,417.2
4087,2026-03-03,mobile,affiliate,Amsterdam,7,20,170.6
4088,2026-05-15,mobile,paid_search,Salzburg,5,10,137.5
4089,2026-05-18,mobile,affiliate,Salzburg,1,3,120.8
4090,2026-08-30,desktop,direct,Barcelona,4,4,39.7
4091,2026-07-25,desktop,direct,Munich,4,15,78.9
4092,2026-07-22,mobile,affiliate,Hamburg,7,3,88.7
4093,2026-08-07,mobile,organic_search,Berlin,6,4,94.6
4094,2026-05-16,mobile,organic_search,Cologne,3,8,65.3
4095,2026-07-23,tablet,organic_search,Frankfurt,1,23,298.2
4096,2026-06-21,desktop,paid_search,Munich,5,9,15.6
4097,2026-05-02,tablet,email,Munich,1,22,86.0
4098,2026-08-15,mobile,organic_search,Vienna,2,13,100.7
4099,2026-02-04,desktop,paid_search,Munich,4,17,140.9
4100,2026-04-03,desktop,direct,Amsterdam,7,9,8.9
4101,2026-03-26,mobile,direct,Amsterdam,7,14,185.5
4102,2026-05-12,tablet,organic_search,Salzburg,1,9,167.6
4103,2026-03-23,mobile,organic_search,Vienna,5,20,222.0
4104,2026-04-13,tablet,organic_search,Rome,3,22,43.7
4105,2026-08-28,mobile,organic_search,Zurich,7,18,124.9
4106,2026-07-01,mobile,organic_search,Rome,7,5,15.4
4107,2026-07-15,mobile,paid_search,Frankfurt,7,12,40.0
4108,2026-03-27,mobile,direct,Salzburg,6,6,25.4
4109,2026-03-20,mobile,direct,Munich,4,6,83.9
4110,2026-05-05,mobile,direct,Vienna,1,3,80.5
4111,2026-04-10,mobile,organic_search,Berlin,1,21,81.6
4112,2026-06-07,mobile,paid_search,Frankfurt,4,16,116.9
4113,2026-03-07,mobile,organic_search,Berlin,1,18,35.0
4114,2026-02-04,desktop,direct,Hamburg,4,9,15.2
4115,2026-04-08,mobile,email,Rome,6,9,5.3
4116,2026-07-18,mobile,direct,Amsterdam,4,16,49.4
4117,2026-01-20,mobile,paid_search,Paris,5,12,86.8
4118,2026-01-21,mobile,paid_search,Paris,6,7,62.1
4119,2026-07-22,mobile,paid_search,Munich,2,19,99.9
4120,2026-04-03,desktop,email,Hamburg,4,18,297.6
4121,2026-05-09,desktop,direct,Paris,6,16,85.7
4122,2026-07-05,mobile,organic_search,Barcelona,4,7,123.2
4123,2026-05-27,mobile,direct,Cologne,2,23,105.5
4124,2026-08-24,mobile,organic_search,Cologne,3,22,200.2
4125,2026-02-17,desktop,paid_search,Zurich,4,3,87.5
4126,2026-07-20,desktop,paid_search,Salzburg,1,16,28.1
4127,2026-04-20,mobile,direct,Frankfurt,3,16,40.1
4128,2026-01-31,mobile,email,Frankfurt,4,18,202.4
4129,2026-04-22,tablet,organic_search,Zurich,5,11,64.6
4130,2026-05-02,mobile,direct,Paris,4,10,43.4
4131,2026-01-24,mobile,paid_search,Rome,5,9,96.8
4132,2026-04-27,mobile,direct,Amsterdam,6,22,192.1
4133,2026-01-08,mobile,organic_search,Rome,6,22,78.7
4134,2026-06-11,desktop,paid_search,Berlin,2,10,116.7
4135,2026-05-30,mobile,affiliate,Rome,2,12,380.8
4136,2026-01-30,mobile,organic_search,Frankfurt,7,18,207.4
4137,2026-05-19,tablet,direct,Cologne,3,12,117.8
4138,2026-03-06,mobile,direct,Rome,1,16,89.8
4139,2026-06-06,mobile,affiliate,Barcelona,2,9,242.3
4140,2026-02-27,desktop,paid_search,Berlin,2,16,470.3
4141,2026-08-05,tablet,email,Frankfurt,4,19,265.1
4142,2026-05-04,desktop,organic_search,Amsterdam,5,11,116.2
4143,2026-08-30,mobile,paid_search,Hamburg,1,12,50.8
4144,2026-01-20,desktop,paid_search,Hamburg,5,22,42.5
4145,2026-07-23,mobile,direct,Cologne,7,11,189.1
4146,2026-01-14,mobile,organic_search,Cologne,3,7,50.7
4147,2026-01-06,mobile,paid_search,Frankfurt,3,18,69.6
4148,2026-02-10,mobile,affiliate,Barcelona,7,14,100.4
4149,2026-03-16,mobile,direct,Salzburg,3,16,43.3
4150,2026-08-06,mobile,paid_search,Vienna,6,20,46.7
4151,2026-07-08,mobile,organic_search,Zurich,3,24,32.2
4152,2026-01-19,mobile,affiliate,Paris,1,11,145.2
4153,2026-08-07,desktop,direct,Frankfurt,3,9,133.2
4154,2026-02-27,desktop,affiliate,Vienna,7,6,163.8
4155,2026-08-09,mobile,paid_search,Barcelona,5,23,252.8
4156,2026-02-18,tablet,organic_search,Hamburg,6,17,47.6
4157,2026-06-12,mobile,direct,Berlin,7,14,26.0
4158,2026-06-01,mobile,direct,Zurich,4,21,80.8
4159,2026-07-24,desktop,email,Rome,4,3,117.1
4160,2026-05-31,mobile,organic_search,Zurich,6,24,5.6
4161,2026-02-08,desktop,direct,Amsterdam,6,18,220.6
4162,2026-08-30,desktop,organic_search,Hamburg,3,9,90.7
4163,2026-04-05,desktop,paid_search,Frankfurt,3,11,230.5
4164,2026-08-17,desktop,affiliate,Cologne,3,20,97.2
4165,2026-01-21,desktop,direct,Zurich,3,22,7.4
4166,2026-08-08,mobile,organic_search,Cologne,1,5,107.8
4167,2026-03-12,mobile,direct,Vienna,7,12,97.6
4168,2026-08-22,mobile,paid_search,Munich,4,14,17.3
4169,2026-07-07,mobile,paid_search,Munich,1,5,405.4
4170,2026-08-24,mobile,organic_search,Cologne,7,10,245.9
4171,2026-02-15,mobile,direct,Paris,4,17,203.0
4172,2026-06-28,mobile,direct,Munich,7,9,377.3
4173,2026-06-29,mobile,organic_search,Frankfurt,6,10,38.9
4174,2026-08-06,desktop,organic_search,Salzburg,6,6,125.5
4175,2026-07-05,mobile,paid_search,Rome,5,16,135.5
4176,2026-01-23,mobile,paid_search,Berlin,5,3,264.2
4177,2026-08-01,tablet,organic_search,Barcelona,1,9,36.3
4178,2026-03-07,mobile,email,Amsterdam,1,24,96.7
4179,2026-08-23,mobile,direct,Barcelona,1,10,196.1
4180,2026-07-06,desktop,organic_search,Zurich,5,19,272.3
4181,2026-06-30,mobile,email,Berlin,7,14,56.4
4182,2026-06-05,desktop,direct,Berlin,3,7,151.0
4183,2026-06-13,mobile,paid_search,Rome,3,14,119.2
4184,2026-05-17,tablet,email,Rome,5,13,68.3
4185,2026-07-09,desktop,paid_search,Vienna,4,24,38.1
4186,2026-08-12,desktop,paid_search,Frankfurt,6,24,234.8
4187,2026-02-15,mobile,organic_search,Rome,2,14,247.8
4188,2026-07-21,mobile,email,Barcelona,6,23,193.3
4189,2026-06-28,mobile,organic_search,Frankfurt,4,16,63.2
4190,2026-05-22,mobile,organic_search,Hamburg,2,5,102.1
4191,2026-08-09,desktop,email,Zurich,3,21,184.5
4192,2026-08-15,desktop,organic_search,Rome,6,19,62.9
4193,2026-04-20,mobile,affiliate,Cologne,6,3,23.9
4194,2026-01-17,desktop,paid_search,Munich,6,3,183.6
4195,2026-01-06,mobile,paid_search,Amsterdam,1,23,40.1
4196,2026-05-29,mobile,direct,Berlin,2,9,166.6
4197,2026-03-23,desktop,paid_search,Paris,5,10,19.2
4198,2026-02-24,desktop,organic_search,Frankfurt,7,15,126.8
4199,2026-01-24,mobile,organic_search,Cologne,7,21,414.3
4200,2026-03-06,desktop,paid_search,Paris,2,15,251.6
4201,2026-06-01,mobile,affiliate,Cologne,3,16,131.5
4202,2026-07-12,mobile,organic_search,Hamburg,6,4,220.2
4203,2026-07-22,desktop,affiliate,Amsterdam,6,21,62.6
4204,2026-06-09,mobile,paid_search,Salzburg,3,6,127.0
4205,2026-01-23,mobile,direct,Vienna,1,11,9.7
4206,2026-06-19,mobile,direct,Berlin,1,15,191.6
4207,2026-04-14,mobile,organic_search,Cologne,4,21,181.9
4208,2026-02-01,mobile,affiliate,Amsterdam,1,14,208.5
4209,2026-06-12,tablet,direct,Paris,3,23,148.6
4210,2026-08-20,desktop,email,Berlin,2,7,308.5
4211,2026-08-08,mobile,paid_search,Berlin,6,9,174.6
4212,2026-07-09,tablet,direct,Berlin,5,19,75.1
4213,2026-02-23,tablet,paid_search,Rome,7,16,174.3
4214,2026-05-01,mobile,organic_search,Salzburg,3,8,163.2
4215,2026-05-08,mobile,organic_search,Berlin,6,7,68.0
4216,2026-04-10,mobile,direct,Zurich,1,10,152.7
4217,2026-01-05,mobile,paid_search,Zurich,2,17,47.0
4218,2026-05-19,mobile,organic_search,Munich,6,19,57.2
4219,2026-04-05,desktop,email,Frankfurt,6,23,69.0
4220,2026-03-25,mobile,organic_search,Cologne,5,18,167.0
4221,2026-03-25,mobile,affiliate,Amsterdam,1,17,21.8
4222,2026-06-29,mobile,direct,Vienna,1,10,475.2
4223,2026-02-12,mobile,email,Zurich,5,19,388.2
4224,2026-05-13,desktop,paid_search,Zurich,1,16,76.3
4225,2026-02-04,tablet,paid_search,Cologne,1,22,105.1
4226,2026-08-15,mobile,organic_search,Berlin,6,5,149.3
4227,2026-03-31,desktop,affiliate,Frankfurt,6,17,59.3
4228,2026-08-09,mobile,paid_search,Vienna,3,8,90.9
4229,2026-01-15,desktop,paid_search,Amsterdam,7,8,173.8
4230,2026-06-26,mobile,organic_search,Barcelona,2,3,134.2
4231,2026-08-08,mobile,organic_search,Berlin,5,17,26.5
4232,2026-02-07,mobile,email,Paris,5,8,221.3
4233,2026-08-19,desktop,paid_search,Frankfurt,2,23,376.5
4234,2026-08-17,desktop,paid_search,Barcelona,6,13,195.4
4235,2026-07-28,desktop,organic_search,Hamburg,2,18,70.2
4236,2026-06-24,mobile,affiliate,Rome,5,13,70.1
4237,2026-01-01,mobile,direct,Vienna,2,8,73.8
4238,2026-01-28,desktop,paid_search,Zurich,2,17,170.1
4239,2026-03-25,desktop,affiliate,Hamburg,3,22,153.6
4240,2026-07-08,mobile,paid_search,Rome,3,16,171.0
4241,2026-04-16,mobile,affiliate,Amsterdam,4,23,160.2
4242,2026-01-12,mobile,organic_search,Cologne,2,9,511.5
4243,2026-03-21,desktop,paid_search,Barcelona,1,8,196.2
4244,2026-07-22,mobile,paid_search,Hamburg,2,6,20.3
4245,2026-07-13,mobile,organic_search,Cologne,6,11,14.9
4246,2026-07-19,mobile,direct,Hamburg,2,23,21.6
4247,2026-06-13,mobile,direct,Salzburg,4,5,117.5
4248,2026-02-13,mobile,organic_search,Barcelona,4,16,85.6
4249,2026-02-17,mobile,paid_search,Vienna,4,23,48.9
4250,2026-08-28,mobile,affiliate,Zurich,2,15,8.3
4251,2026-01-21,desktop,direct,Hamburg,5,15,247.4
4252,2026-07-09,tablet,direct,Barcelona,3,19,86.0
4253,2026-05-26,desktop,direct,Amsterdam,2,10,304.5
4254,2026-01-11,mobile,organic_search,Rome,1,16,110.1
4255,2026-07-24,mobile,direct,Cologne,5,8,65.9
4256,2026-08-07,mobile,email,Cologne,1,22,56.2
4257,2026-06-03,mobile,affiliate,Zurich,3,15,45.6
4258,2026-08-28,mobile,organic_search,Berlin,2,11,139.7
4259,2026-03-01,desktop,organic_search,Rome,4,24,51.9
4260,2026-08-20,desktop,organic_search,Frankfurt,6,13,116.4
4261,2026-05-15,mobile,paid_search,Zurich,5,13,347.2
4262,2026-06-10,mobile,paid_search,Hamburg,5,8,22.7
4263,2026-05-09,desktop,direct,Frankfurt,2,24,57.9
4264,2026-08-04,desktop,organic_search,Salzburg,2,17,65.4
4265,2026-07-10,mobile,direct,Salzburg,1,19,129.1
4266,2026-07-16,tablet,affiliate,Amsterdam,6,22,101.6
4267,2026-04-14,mobile,organic_search,Rome,3,18,104.1
4268,2026-08-15,mobile,organic_search,Barcelona,7,24,261.3
4269,2026-06-24,mobile,organic_search,Zurich,2,6,68.5
4270,2026-03-26,mobile,affiliate,Berlin,7,13,37.2
4271,2026-03-04,mobile,direct,Salzburg,1,7,87.8
4272,2026-07-13,desktop,paid_search,Munich,4,9,168.4
4273,2026-01-06,mobile,paid_search,Frankfurt,6,19,47.6
4274,2026-08-04,mobile,email,Paris,5,15,9.7
4275,2026-07-06,mobile,direct,Barcelona,5,6,522.4
4276,2026-05-19,desktop,paid_search,Hamburg,6,18,73.5
4277,2026-08-27,desktop,organic_search,Hamburg,2,15,119.6
4278,2026-03-06,mobile,affiliate,Cologne,3,10,123.2
4279,2026-08-27,mobile,email,Amsterdam,4,14,95.8
4280,2026-02-02,desktop,organic_search,Cologne,4,20,33.1
4281,2026-07-01,desktop,paid_search,Salzburg,7,18,62.8
4282,2026-02-18,mobile,organic_search,Salzburg,6,7,156.3
4283,2026-06-11,mobile,paid_search,Munich,7,15,46.9
4284,2026-03-26,mobile,affiliate,Zurich,2,11,277.8
4285,2026-04-01,mobile,organic_search,Rome,4,7,69.3
4286,2026-03-04,mobile,paid_search,Vienna,6,23,123.5
4287,2026-08-12,mobile,paid_search,Salzburg,7,20,314.1
4288,2026-05-17,mobile,organic_search,Amsterdam,3,22,25.9
4289,2026-04-27,desktop,organic_search,Zurich,6,20,61.4
4290,2026-03-07,mobile,organic_search,Cologne,2,20,78.9
4291,2026-06-25,desktop,paid_search,Salzburg,1,3,84.0
4292,2026-03-01,desktop,paid_search,Salzburg,5,24,22.0
4293,2026-05-18,desktop,affiliate,Rome,2,14,133.5
4294,2026-03-30,tablet,affiliate,Paris,4,10,139.4
4295,2026-08-06,desktop,direct,Salzburg,2,4,133.4
4296,2026-03-16,desktop,organic_search,Rome,3,3,196.2
4297,2026-06-16,mobile,organic_search,Barcelona,1,5,19.1
4298,2026-02-13,tablet,direct,Vienna,5,10,107.9
4299,2026-03-16,desktop,direct,Salzburg,4,4,89.8
4300,2026-05-06,mobile,organic_search,Zurich,3,8,32.0
4301,2026-08-10,mobile,email,Barcelona,5,19,55.1
4302,2026-04-09,desktop,direct,Hamburg,3,10,53.8
4303,2026-02-12,mobile,organic_search,Barcelona,1,15,36.1
4304,2026-08-04,desktop,affiliate,Paris,4,19,130.3
4305,2026-02-21,desktop,direct,Paris,5,14,63.8
4306,2026-02-23,mobile,affiliate,Berlin,5,13,170.3
4307,2026-03-28,mobile,email,Zurich,2,7,199.6
4308,2026-07-17,desktop,organic_search,Vienna,3,7,236.9
4309,2026-03-30,mobile,paid_search,Frankfurt,2,3,19.2
4310,2026-08-20,mobile,organic_search,Salzburg,4,3,6.2
4311,2026-07-19,desktop,paid_search,Rome,1,7,41.4
4312,2026-07-21,mobile,organic_search,Berlin,1,4,98.3
4313,2026-04-16,mobile,paid_search,Zurich,1,10,65.8
4314,2026-07-21,tablet,email,Hamburg,6,3,160.9
4315,2026-07-31,desktop,organic_search,Zurich,5,22,83.9
4316,2026-04-07,mobile,paid_search,Barcelona,3,17,162.9
4317,2026-03-22,mobile,email,Amsterdam,2,6,37.6
4318,2026-01-27,mobile,paid_search,Munich,6,6,118.7
4319,2026-04-04,mobile,organic_search,Salzburg,7,7,36.3
4320,2026-04-26,desktop,paid_search,Amsterdam,6,7,66.4
4321,2026-07-04,desktop,organic_search,Amsterdam,7,6,68.7
4322,2026-05-15,desktop,paid_search,Frankfurt,2,8,43.3
4323,2026-03-01,mobile,paid_search,Paris,1,20,193.0
4324,2026-03-14,mobile,organic_search,Hamburg,3,15,35.5
4325,2026-01-30,mobile,organic_search,Amsterdam,6,6,17.3
4326,2026-02-22,tablet,organic_search,Hamburg,7,6,30.9
4327,2026-02-03,desktop,email,Barcelona,5,5,116.0
4328,2026-07-06,desktop,organic_search,Frankfurt,4,21,91.4
4329,2026-02-26,desktop,email,Amsterdam,3,14,44.6
4330,2026-01-13,desktop,affiliate,Munich,5,13,47.8
4331,2026-05-26,desktop,paid_search,Zurich,2,14,117.2
4332,2026-05-15,desktop,email,Salzburg,2,13,263.0
4333,2026-01-10,mobile,paid_search,Zurich,4,12,6.6
4334,2026-06-16,tablet,organic_search,Paris,4,12,133.1
4335,2026-06-10,mobile,organic_search,Paris,7,21,147.9
4336,2026-08-21,mobile,affiliate,Salzburg,1,21,63.1
4337,2026-07-05,mobile,email,Zurich,1,15,126.2
4338,2026-07-13,desktop,affiliate,Munich,5,20,232.6
4339,2026-06-30,desktop,paid_search,Berlin,7,3,136.4
4340,2026-06-07,mobile,organic_search,Frankfurt,4,18,363.8
4341,2026-06-03,mobile,organic_search,Hamburg,5,9,58.0
4342,2026-05-31,desktop,email,Salzburg,1,5,35.2
4343,2026-04-17,desktop,organic_search,Cologne,1,20,288.2
4344,2026-01-23,mobile,direct,Frankfurt,1,21,190.5
4345,2026-08-26,mobile,email,Amsterdam,4,6,164.5
4346,2026-08-25,mobile,email,Vienna,4,15,54.7
4347,2026-01-22,mobile,paid_search,Munich,1,21,26.4
4348,2026-07-09,mobile,paid_search,Vienna,7,17,150.2
4349,2026-07-03,tablet,direct,Rome,5,14,69.5
4350,2026-03-02,mobile,paid_search,Barcelona,4,8,129.8
4351,2026-04-03,mobile,organic_search,Hamburg,1,10,219.7
4352,2026-07-06,mobile,organic_search,Barcelona,1,21,87.5
4353,2026-07-19,mobile,paid_search,Rome,3,7,147.3
4354,2026-04-07,mobile,organic_search,Zurich,3,5,135.2
4355,2026-06-02,mobile,organic_search,Rome,1,10,189.4
4356,2026-04-21,mobile,email,Salzburg,3,10,64.0
4357,2026-02-03,mobile,direct,Paris,7,4,46.7
4358,2026-02-09,mobile,affiliate,Munich,6,14,102.6
4359,2026-07-23,mobile,direct,Berlin,2,15,31.6
4360,2026-01-05,mobile,direct,Vienna,6,22,160.7
4361,2026-01-19,desktop,paid_search,Vienna,4,8,467.9
4362,2026-03-13,mobile,direct,Salzburg,5,9,61.5
4363,2026-07-16,mobile,organic_search,Barcelona,2,22,127.8
4364,2026-06-20,desktop,direct,Barcelona,1,12,257.0
4365,2026-05-18,desktop,direct,Paris,4,6,61.1
4366,2026-05-31,mobile,paid_search,Cologne,7,15,49.6
4367,2026-02-06,mobile,direct,Salzburg,1,13,264.0
4368,2026-02-08,mobile,email,Zurich,4,15,57.9
4369,2026-05-24,tablet,paid_search,Hamburg,5,18,128.4
4370,2026-03-28,tablet,paid_search,Salzburg,7,23,141.5
4371,2026-05-15,tablet,organic_search,Frankfurt,2,19,99.1
4372,2026-06-05,mobile,email,Frankfurt,6,20,39.2
4373,2026-03-18,desktop,affiliate,Frankfurt,7,7,274.6
4374,2026-07-26,mobile,email,Vienna,2,22,28.6
4375,2026-07-16,desktop,direct,Barcelona,5,23,202.1
4376,2026-01-27,mobile,email,Berlin,3,5,41.9
4377,2026-01-31,mobile,direct,Paris,7,23,113.6
4378,2026-02-20,mobile,paid_search,Hamburg,6,11,225.4
4379,2026-02-03,mobile,organic_search,Vienna,1,12,39.4
4380,2026-05-14,tablet,email,Amsterdam,7,16,115.8
4381,2026-02-28,mobile,email,Paris,3,13,345.7
4382,2026-06-07,mobile,organic_search,Berlin,5,13,76.4
4383,2026-07-29,mobile,organic_search,Amsterdam,4,10,107.1
4384,2026-02-03,mobile,affiliate,Salzburg,3,10,12.0
4385,2026-02-10,desktop,paid_search,Vienna,5,11,37.3
4386,2026-02-13,mobile,direct,Vienna,7,16,26.4
4387,2026-07-15,desktop,organic_search,Munich,6,20,69.1
4388,2026-08-25,mobile,paid_search,Munich,7,6,160.1
4389,2026-07-07,mobile,paid_search,Salzburg,1,14,159.7
4390,2026-06-15,desktop,organic_search,Barcelona,4,13,67.2
4391,2026-05-28,desktop,paid_search,Frankfurt,5,22,120.3
4392,2026-02-18,desktop,email,Amsterdam,3,5,232.3
4393,2026-04-24,desktop,organic_search,Munich,4,12,104.9
4394,2026-08-09,mobile,direct,Zurich,6,9,31.9
4395,2026-03-28,desktop,paid_search,Rome,7,18,52.4
4396,2026-01-07,mobile,paid_search,Berlin,2,5,539.8
4397,2026-02-22,mobile,email,Munich,6,19,87.5
4398,2026-05-03,desktop,direct,Amsterdam,4,24,116.1
4399,2026-06-18,desktop,direct,Paris,3,10,18.9
4400,2026-04-15,tablet,paid_search,Zurich,3,9,33.3
4401,2026-04-22,mobile,affiliate,Berlin,1,23,137.1
4402,2026-06-18,desktop,affiliate,Munich,2,8,19.1
4403,2026-03-08,desktop,direct,Hamburg,4,14,117.9
4404,2026-07-12,mobile,paid_search,Munich,6,5,162.5
4405,2026-03-20,mobile,affiliate,Amsterdam,4,14,78.7
4406,2026-01-27,mobile,organic_search,Cologne,6,21,174.3
4407,2026-02-03,mobile,email,Paris,7,4,165.2
4408,2026-03-29,mobile,organic_search,Hamburg,4,19,96.5
4409,2026-01-11,desktop,paid_search,Berlin,1,21,54.9
4410,2026-02-15,mobile,organic_search,Barcelona,6,5,29.6
4411,2026-04-17,desktop,paid_search,Cologne,5,16,61.6
4412,2026-08-16,mobile,organic_search,Barcelona,3,16,78.6
4413,2026-08-25,mobile,paid_search,Zurich,7,8,85.4
4414,2026-07-04,desktop,paid_search,Amsterdam,5,3,188.7
4415,2026-08-17,desktop,affiliate,Paris,1,9,72.3
4416,2026-05-29,mobile,organic_search,Munich,7,15,77.0
4417,2026-02-02,desktop,paid_search,Vienna,1,11,217.8
4418,2026-06-09,desktop,organic_search,Munich,7,4,161.3
4419,2026-05-14,mobile,paid_search,Salzburg,1,21,118.6
4420,2026-07-26,mobile,organic_search,Rome,5,19,129.0
4421,2026-03-26,mobile,organic_search,Frankfurt,1,20,115.8
4422,2026-07-18,mobile,direct,Salzburg,1,22,212.8
4423,2026-06-07,mobile,organic_search,Munich,2,14,12.5
4424,2026-06-28,mobile,paid_search,Munich,2,13,106.3
4425,2026-01-07,mobile,organic_search,Berlin,5,20,129.3
4426,2026-08-22,desktop,direct,Frankfurt,1,22,171.8
4427,2026-05-12,mobile,organic_search,Amsterdam,4,15,72.1
4428,2026-06-07,mobile,direct,Berlin,7,6,15.8
4429,2026-04-22,desktop,organic_search,Rome,1,6,48.5
4430,2026-02-02,mobile,direct,Zurich,7,20,96.8
4431,2026-05-16,mobile,organic_search,Munich,3,7,114.5
4432,2026-06-17,mobile,paid_search,Vienna,2,13,101.7
4433,2026-02-06,mobile,direct,Salzburg,3,10,15.7
4434,2026-03-31,desktop,direct,Rome,2,20,252.1
4435,2026-05-30,desktop,organic_search,Amsterdam,5,8,53.6
4436,2026-03-11,desktop,paid_search,Rome,2,13,34.6
4437,2026-03-13,desktop,paid_search,Cologne,2,22,42.1
4438,2026-01-28,mobile,organic_search,Berlin,4,13,38.4
4439,2026-05-04,mobile,paid_search,Frankfurt,1,7,220.6
4440,2026-01-30,desktop,affiliate,Rome,1,10,110.6
4441,2026-07-30,mobile,paid_search,Paris,1,5,87.6
4442,2026-02-11,mobile,paid_search,Vienna,1,21,20.2
4443,2026-01-23,desktop,paid_search,Frankfurt,1,21,177.8
4444,2026-08-13,mobile,direct,Zurich,2,24,266.4
4445,2026-04-07,mobile,organic_search,Cologne,6,6,273.6
4446,2026-02-17,mobile,paid_search,Munich,5,8,111.9
4447,2026-05-13,mobile,organic_search,Munich,1,3,260.8
4448,2026-01-25,mobile,direct,Paris,1,13,315.8
4449,2026-04-10,mobile,affiliate,Zurich,2,17,26.7
4450,2026-06-09,mobile,organic_search,Barcelona,1,9,87.6
4451,2026-04-27,desktop,paid_search,Vienna,3,6,175.0
4452,2026-08-13,mobile,organic_search,Cologne,5,5,97.5
4453,2026-06-24,mobile,paid_search,Paris,6,11,102.1
4454,2026-06-06,desktop,paid_search,Paris,4,20,155.3
4455,2026-06-12,mobile,direct,Zurich,6,10,12.4
4456,2026-06-16,mobile,paid_search,Paris,5,17,58.5
4457,2026-04-26,desktop,paid_search,Hamburg,6,24,229.9
4458,2026-01-26,mobile,organic_search,Munich,2,4,172.7
4459,2026-03-04,mobile,organic_search,Berlin,5,5,268.1
4460,2026-03-17,mobile,email,Frankfurt,7,19,151.2
4461,2026-03-04,mobile,email,Rome,5,4,36.2
4462,2026-03-09,desktop,organic_search,Munich,7,13,83.7
4463,2026-07-04,mobile,email,Amsterdam,7,20,61.1
4464,2026-08-17,mobile,affiliate,Hamburg,5,19,55.1
4465,2026-04-19,mobile,direct,Zurich,1,10,66.8
4466,2026-04-28,mobile,paid_search,Rome,4,5,121.6
4467,2026-03-21,desktop,organic_search,Vienna,4,15,73.3
4468,2026-06-02,mobile,email,Salzburg,2,11,60.0
4469,2026-06-15,mobile,paid_search,Berlin,5,3,229.8
4470,2026-01-14,desktop,organic_search,Paris,2,22,78.2
4471,2026-05-02,mobile,paid_search,Salzburg,5,24,238.4
4472,2026-04-14,tablet,affiliate,Salzburg,3,3,58.2
4473,2026-04-17,desktop,email,Munich,7,17,170.8
4474,2026-05-03,mobile,email,Munich,7,8,202.4
4475,2026-02-03,mobile,paid_search,Barcelona,6,17,83.3
4476,2026-07-13,mobile,direct,Paris,3,5,106.3
4477,2026-08-06,mobile,email,Rome,5,19,184.1
4478,2026-01-27,mobile,email,Vienna,6,5,127.0
4479,2026-07-21,mobile,direct,Paris,2,10,263.1
4480,2026-05-16,desktop,paid_search,Amsterdam,2,10,101.1
4481,2026-07-22,desktop,email,Berlin,7,11,20.1
4482,2026-02-14,mobile,paid_search,Salzburg,4,13,89.8
4483,2026-02-15,mobile,organic_search,Vienna,3,12,119.8
4484,2026-01-02,mobile,paid_search,Amsterdam,4,7,21.3
4485,2026-05-03,tablet,email,Zurich,5,20,16.9
4486,2026-04-11,mobile,organic_search,Frankfurt,1,24,101.3
4487,2026-08-18,desktop,paid_search,Vienna,3,4,59.4
4488,2026-05-15,mobile,email,Munich,6,15,125.0
4489,2026-08-13,desktop,paid_search,Zurich,5,9,41.7
4490,2026-03-05,mobile,paid_search,Salzburg,5,23,63.6
4491,2026-01-10,mobile,direct,Salzburg,4,20,29.7
4492,2026-07-21,mobile,direct,Rome,1,17,21.7
4493,2026-01-02,tablet,paid_search,Munich,4,4,54.4
4494,2026-07-25,mobile,organic_search,Cologne,1,20,56.4
4495,2026-05-04,mobile,affiliate,Munich,3,23,44.5
4496,2026-05-21,mobile,organic_search,Vienna,1,23,47.0
4497,2026-02-21,desktop,direct,Zurich,6,15,101.2
4498,2026-03-07,mobile,direct,Frankfurt,6,16,45.4
4499,2026-02-20,mobile,organic_search,Barcelona,5,5,33.8
4500,2026-06-29,mobile,organic_search,Berlin,6,4,51.7
4501,2026-04-23,mobile,paid_search,Berlin,4,7,45.7
4502,2026-01-25,desktop,organic_search,Paris,7,10,106.3
4503,2026-01-12,mobile,affiliate,Frankfurt,4,7,49.2
4504,2026-06-23,mobile,email,Paris,1,13,132.9
4505,2026-06-12,tablet,affiliate,Hamburg,4,7,114.2
4506,2026-03-18,desktop,affiliate,Salzburg,1,20,180.5
4507,2026-03-26,desktop,organic_search,Paris,6,14,14.7
4508,2026-07-13,mobile,direct,Berlin,4,5,328.2
4509,2026-01-18,desktop,paid_search,Cologne,4,20,59.6
4510,2026-08-22,desktop,organic_search,Zurich,3,3,243.6
4511,2026-07-25,mobile,paid_search,Vienna,4,6,68.5
4512,2026-02-02,mobile,organic_search,Frankfurt,7,17,81.7
4513,2026-05-07,mobile,affiliate,Amsterdam,1,4,138.2
4514,2026-05-17,desktop,email,Cologne,2,8,94.4
4515,2026-08-10,desktop,email,Munich,2,3,249.1
4516,2026-05-25,desktop,organic_search,Salzburg,1,4,305.0
4517,2026-01-02,desktop,organic_search,Cologne,6,5,58.9
4518,2026-03-10,mobile,organic_search,Berlin,6,6,261.1
4519,2026-05-22,mobile,email,Rome,6,7,18.3
4520,2026-04-01,mobile,paid_search,Munich,4,22,99.9
4521,2026-04-24,tablet,direct,Zurich,3,12,128.1
4522,2026-08-16,desktop,organic_search,Vienna,2,3,58.2
4523,2026-08-15,mobile,paid_search,Vienna,2,19,33.6
4524,2026-03-07,tablet,paid_search,Amsterdam,3,4,39.1
4525,2026-02-12,mobile,affiliate,Zurich,6,3,122.3
4526,2026-08-20,mobile,direct,Hamburg,1,17,94.3
4527,2026-05-13,mobile,organic_search,Zurich,7,9,51.3
4528,2026-05-24,mobile,paid_search,Hamburg,3,23,28.9
4529,2026-02-11,tablet,direct,Hamburg,5,3,132.3
4530,2026-06-05,mobile,direct,Paris,4,8,194.4
4531,2026-07-27,desktop,paid_search,Paris,3,24,112.4
4532,2026-02-02,mobile,email,Cologne,5,19,177.9
4533,2026-03-23,mobile,paid_search,Frankfurt,4,18,97.7
4534,2026-04-10,tablet,organic_search,Vienna,2,4,37.9
4535,2026-04-19,desktop,email,Frankfurt,7,7,65.6
4536,2026-02-24,tablet,affiliate,Cologne,4,16,88.4
4537,2026-06-16,mobile,organic_search,Munich,2,5,172.5
4538,2026-02-23,mobile,direct,Rome,5,19,38.2
4539,2026-03-07,mobile,paid_search,Salzburg,1,9,9.4
4540,2026-05-14,mobile,paid_search,Cologne,4,13,78.3
4541,2026-01-30,mobile,affiliate,Zurich,7,19,78.8
4542,2026-07-24,mobile,affiliate,Munich,3,4,185.5
4543,2026-04-19,mobile,organic_search,Salzburg,5,24,24.6
4544,2026-08-22,mobile,direct,Amsterdam,1,22,87.2
4545,2026-03-31,mobile,organic_search,Barcelona,5,8,7.2
4546,2026-01-04,mobile,paid_search,Zurich,4,8,40.4
4547,2026-03-27,mobile,email,Frankfurt,1,20,31.9
4548,2026-06-01,tablet,organic_search,Paris,6,18,169.9
4549,2026-01-02,mobile,paid_search,Zurich,6,21,39.4
4550,2026-04-27,mobile,affiliate,Amsterdam,3,14,152.0
4551,2026-07-08,mobile,paid_search,Hamburg,4,17,493.0
4552,2026-08-04,mobile,organic_search,Munich,3,24,206.8
4553,2026-06-29,desktop,paid_search,Paris,3,14,163.5
4554,2026-03-01,desktop,paid_search,Rome,1,12,296.3
4555,2026-06-20,mobile,direct,Amsterdam,5,23,214.4
4556,2026-07-09,mobile,paid_search,Hamburg,2,21,198.8
4557,2026-04-10,desktop,organic_search,Hamburg,7,17,66.4
4558,2026-06-08,mobile,direct,Vienna,7,11,106.2
4559,2026-04-30,mobile,paid_search,Munich,7,14,68.9
4560,2026-04-10,mobile,organic_search,Vienna,5,18,157.8
4561,2026-06-10,mobile,email,Hamburg,1,16,9.4
4562,2026-08-24,desktop,affiliate,Amsterdam,6,13,121.3
4563,2026-08-20,mobile,affiliate,Munich,1,19,210.3
4564,2026-01-05,mobile,direct,Berlin,6,16,56.8
4565,2026-03-10,mobile,organic_search,Amsterdam,4,5,46.1
4566,2026-07-21,mobile,email,Zurich,5,6,113.6
4567,2026-06-30,tablet,organic_search,Berlin,5,21,146.2
4568,2026-06-27,mobile,direct,Zurich,6,14,39.7
4569,2026-05-29,mobile,email,Cologne,7,21,104.3
4570,2026-04-14,desktop,affiliate,Paris,4,12,160.7
4571,2026-06-03,mobile,paid_search,Frankfurt,5,10,156.6
4572,2026-07-20,mobile,affiliate,Hamburg,6,8,28.8
4573,2026-01-23,mobile,organic_search,Berlin,6,4,19.0
4574,2026-01-03,mobile,organic_search,Munich,4,17,66.2
4575,2026-07-04,mobile,direct,Cologne,5,20,217.1
4576,2026-01-16,mobile,affiliate,Frankfurt,1,19,79.5
4577,2026-04-10,mobile,organic_search,Barcelona,4,22,95.7
4578,2026-01-30,mobile,paid_search,Vienna,1,21,97.8
4579,2026-03-21,desktop,affiliate,Rome,3,15,17.7
4580,2026-02-14,mobile,email,Frankfurt,4,5,127.8
4581,2026-04-15,mobile,paid_search,Vienna,5,19,273.2
4582,2026-01-04,mobile,email,Rome,3,16,23.6
4583,2026-07-31,desktop,paid_search,Amsterdam,5,19,154.7
4584,2026-06-20,mobile,paid_search,Paris,1,15,392.6
4585,2026-06-08,mobile,direct,Rome,3,9,333.1
4586,2026-07-08,mobile,organic_search,Berlin,1,8,55.4
4587,2026-01-03,desktop,direct,Berlin,3,5,122.6
4588,2026-05-12,mobile,organic_search,Berlin,3,11,91.5
4589,2026-02-26,mobile,paid_search,Barcelona,1,22,164.0
4590,2026-07-28,mobile,direct,Amsterdam,3,7,165.9
4591,2026-06-18,mobile,email,Rome,1,8,97.8
4592,2026-01-19,mobile,organic_search,Barcelona,5,6,41.4
4593,2026-07-31,desktop,direct,Amsterdam,1,12,173.9
4594,2026-05-26,mobile,email,Munich,7,6,39.5
4595,2026-05-11,mobile,direct,Frankfurt,5,22,71.2
4596,2026-02-01,desktop,organic_search,Paris,3,22,73.4
4597,2026-05-24,desktop,direct,Salzburg,4,10,283.2
4598,2026-04-02,mobile,email,Berlin,4,5,28.0
4599,2026-03-10,mobile,organic_search,Munich,7,12,93.8
4600,2026-02-21,mobile,affiliate,Frankfurt,2,3,36.1
4601,2026-02-03,desktop,organic_search,Barcelona,1,3,54.4
4602,2026-07-21,mobile,affiliate,Barcelona,4,13,12.8
4603,2026-04-16,mobile,paid_search,Amsterdam,7,4,53.3
4604,2026-03-06,mobile,organic_search,Zurich,3,13,20.2
4605,2026-05-11,desktop,direct,Zurich,4,17,70.7
4606,2026-03-22,mobile,paid_search,Salzburg,6,10,78.5
4607,2026-05-17,desktop,direct,Barcelona,6,23,71.9
4608,2026-01-09,desktop,organic_search,Amsterdam,2,17,221.1
4609,2026-02-16,mobile,organic_search,Berlin,2,5,86.6
4610,2026-06-08,tablet,organic_search,Paris,2,24,102.1
4611,2026-01-19,desktop,paid_search,Salzburg,3,23,122.1
4612,2026-08-25,mobile,organic_search,Hamburg,2,8,146.4
4613,2026-03-23,mobile,direct,Cologne,1,5,103.3
4614,2026-05-19,mobile,paid_search,Barcelona,1,12,281.7
4615,2026-07-14,mobile,organic_search,Zurich,3,22,50.6
4616,2026-04-28,desktop,direct,Rome,2,17,131.7
4617,2026-03-08,mobile,direct,Berlin,3,22,36.4
4618,2026-07-28,mobile,paid_search,Salzburg,3,21,30.7
4619,2026-06-15,mobile,direct,Cologne,3,3,121.8
4620,2026-06-23,desktop,direct,Amsterdam,1,18,127.8
4621,2026-03-04,tablet,organic_search,Munich,7,10,96.6
4622,2026-01-21,mobile,paid_search,Munich,2,24,105.8
4623,2026-02-26,mobile,organic_search,Vienna,6,7,22.6
4624,2026-06-27,desktop,direct,Rome,6,17,61.5
4625,2026-02-21,mobile,direct,Paris,1,24,301.5
4626,2026-07-09,mobile,direct,Frankfurt,4,19,147.3
4627,2026-04-14,mobile,paid_search,Berlin,3,9,193.6
4628,2026-03-15,tablet,organic_search,Hamburg,4,24,160.3
4629,2026-03-07,desktop,direct,Paris,3,15,213.6
4630,2026-01-17,mobile,direct,Zurich,5,21,67.7
4631,2026-03-29,mobile,paid_search,Amsterdam,7,12,132.1
4632,2026-08-15,desktop,paid_search,Hamburg,3,17,146.8
4633,2026-05-20,desktop,affiliate,Rome,5,14,260.8
4634,2026-07-08,mobile,email,Zurich,3,16,121.9
4635,2026-07-21,tablet,organic_search,Barcelona,7,17,27.5
4636,2026-06-19,desktop,organic_search,Frankfurt,3,21,77.6
4637,2026-07-05,mobile,email,Vienna,3,10,202.5
4638,2026-04-15,mobile,direct,Berlin,3,16,100.8
4639,2026-04-16,tablet,organic_search,Vienna,5,22,258.9
4640,2026-04-12,mobile,paid_search,Barcelona,7,20,159.1
4641,2026-03-15,mobile,organic_search,Berlin,1,8,273.7
4642,2026-01-11,mobile,direct,Rome,3,9,39.0
4643,2026-06-08,mobile,organic_search,Salzburg,1,22,113.2
4644,2026-06-06,mobile,organic_search,Barcelona,4,23,84.0
4645,2026-04-15,mobile,organic_search,Salzburg,5,15,269.9
4646,2026-06-10,desktop,affiliate,Amsterdam,5,11,83.3
4647,2026-07-03,mobile,organic_search,Barcelona,4,23,104.6
4648,2026-08-08,desktop,paid_search,Zurich,6,5,70.2
4649,2026-07-27,tablet,organic_search,Salzburg,7,21,121.0
4650,2026-03-24,mobile,organic_search,Cologne,1,24,80.1
4651,2026-03-11,desktop,organic_search,Cologne,5,19,91.1
4652,2026-04-26,desktop,organic_search,Barcelona,6,11,51.3
4653,2026-04-04,mobile,paid_search,Hamburg,2,10,156.5
4654,2026-06-13,mobile,paid_search,Zurich,1,10,96.1
4655,2026-01-07,desktop,organic_search,Barcelona,4,7,155.7
4656,2026-03-06,mobile,affiliate,Zurich,4,8,29.1
4657,2026-04-14,mobile,paid_search,Salzburg,1,22,58.0
4658,2026-01-24,mobile,email,Cologne,3,15,30.0
4659,2026-04-17,mobile,paid_search,Munich,5,6,91.3
4660,2026-02-07,mobile,organic_search,Munich,1,7,293.1
4661,2026-08-10,desktop,organic_search,Barcelona,1,3,153.9
4662,2026-01-25,mobile,organic_search,Munich,2,20,144.3
4663,2026-04-09,desktop,direct,Frankfurt,3,21,211.6
4664,2026-03-04,mobile,direct,Rome,4,17,175.9
4665,2026-04-13,desktop,organic_search,Cologne,1,21,37.8
4666,2026-06-26,desktop,affiliate,Frankfurt,3,10,100.6
4667,2026-03-21,mobile,affiliate,Munich,5,23,60.3
4668,2026-06-25,mobile,organic_search,Vienna,4,23,250.2
4669,2026-01-26,desktop,paid_search,Hamburg,5,19,77.8
4670,2026-08-26,tablet,affiliate,Zurich,4,6,77.1
4671,2026-05-27,mobile,affiliate,Berlin,2,21,96.0
4672,2026-08-10,desktop,paid_search,Frankfurt,2,11,165.3
4673,2026-02-21,mobile,email,Amsterdam,2,5,72.6
4674,2026-06-17,tablet,affiliate,Vienna,5,23,161.8
4675,2026-05-07,desktop,email,Zurich,3,16,111.7
4676,2026-03-10,tablet,direct,Cologne,4,14,13.9
4677,2026-07-06,mobile,paid_search,Paris,7,23,105.6
4678,2026-05-01,mobile,paid_search,Barcelona,1,6,183.3
4679,2026-06-27,mobile,direct,Munich,7,22,124.4
4680,2026-01-05,mobile,organic_search,Rome,5,10,80.9
4681,2026-01-27,mobile,direct,Cologne,4,22,343.5
4682,2026-07-12,mobile,paid_search,Frankfurt,5,3,110.3
4683,2026-04-12,mobile,direct,Zurich,6,18,46.1
4684,2026-02-17,mobile,email,Vienna,5,10,222.3
4685,2026-07-13,mobile,affiliate,Salzburg,1,11,40.8
4686,2026-02-07,mobile,paid_search,Amsterdam,7,24,147.6
4687,2026-01-02,mobile,direct,Salzburg,1,7,60.2
4688,2026-05-14,desktop,direct,Munich,4,6,35.1
4689,2026-02-05,mobile,organic_search,Munich,6,4,117.4
4690,2026-06-21,mobile,direct,Salzburg,6,18,72.2
4691,2026-04-12,mobile,direct,Berlin,7,5,153.6
4692,2026-08-09,tablet,email,Barcelona,5,24,208.6
4693,2026-05-03,mobile,paid_search,Amsterdam,1,6,201.1
4694,2026-02-18,desktop,email,Zurich,3,16,120.1
4695,2026-05-07,mobile,organic_search,Amsterdam,6,15,114.1
4696,2026-06-06,mobile,paid_search,Frankfurt,6,11,120.2
4697,2026-08-04,desktop,direct,Berlin,1,3,287.7
4698,2026-01-31,mobile,direct,Barcelona,3,18,60.5
4699,2026-07-01,desktop,organic_search,Barcelona,3,6,296.1
4700,2026-05-26,mobile,paid_search,Zurich,7,8,263.0
4701,2026-08-19,tablet,paid_search,Barcelona,6,10,124.7
4702,2026-05-22,mobile,affiliate,Berlin,5,15,283.7
4703,2026-08-22,mobile,affiliate,Hamburg,4,17,62.6
4704,2026-05-17,mobile,paid_search,Hamburg,1,23,160.9
4705,2026-01-13,desktop,direct,Salzburg,6,21,185.4
4706,2026-01-29,mobile,paid_search,Amsterdam,5,15,314.8
4707,2026-01-25,desktop,paid_search,Cologne,2,11,312.9
4708,2026-05-09,mobile,direct,Vienna,3,23,103.0
4709,2026-07-15,mobile,affiliate,Rome,5,10,77.5
4710,2026-05-18,mobile,paid_search,Frankfurt,1,14,97.8
4711,2026-08-15,tablet,organic_search,Hamburg,6,14,226.1
4712,2026-05-02,desktop,affiliate,Paris,5,9,138.6
4713,2026-06-15,mobile,direct,Barcelona,2,16,351.1
4714,2026-02-18,desktop,organic_search,Paris,4,18,306.2
4715,2026-01-03,mobile,organic_search,Zurich,2,10,153.8
4716,2026-06-23,desktop,direct,Amsterdam,3,3,230.0
4717,2026-01-24,mobile,direct,Hamburg,1,17,86.4
4718,2026-08-20,mobile,organic_search,Amsterdam,6,6,197.4
4719,2026-08-22,mobile,direct,Rome,3,11,160.6
4720,2026-02-22,tablet,organic_search,Amsterdam,5,23,187.7
4721,2026-01-22,tablet,paid_search,Barcelona,1,7,40.1
4722,2026-08-04,mobile,paid_search,Berlin,7,4,244.9
4723,2026-08-06,mobile,email,Zurich,4,21,182.5
4724,2026-05-11,desktop,organic_search,Munich,2,22,88.4
4725,2026-04-01,mobile,organic_search,Vienna,2,7,54.0
4726,2026-04-20,mobile,direct,Munich,3,7,100.0
4727,2026-08-14,mobile,organic_search,Zurich,7,20,257.4
4728,2026-05-14,desktop,direct,Salzburg,7,15,100.6
4729,2026-02-17,tablet,organic_search,Amsterdam,7,15,92.2
4730,2026-06-15,mobile,organic_search,Zurich,2,21,45.3
4731,2026-08-24,mobile,paid_search,Munich,4,19,166.1
4732,2026-01-14,mobile,affiliate,Paris,1,10,45.9
4733,2026-05-07,mobile,organic_search,Frankfurt,7,3,107.8
4734,2026-05-10,mobile,paid_search,Berlin,1,9,12.2
4735,2026-07-05,mobile,direct,Paris,7,7,127.7
4736,2026-05-15,mobile,email,Rome,2,17,137.8
4737,2026-02-20,mobile,paid_search,Barcelona,5,12,40.3
4738,2026-05-28,desktop,paid_search,Amsterdam,6,4,31.2
4739,2026-02-02,mobile,paid_search,Berlin,3,22,183.1
4740,2026-05-09,desktop,paid_search,Cologne,3,5,69.6
4741,2026-02-26,desktop,organic_search,Rome,7,5,133.6
4742,2026-08-30,mobile,organic_search,Munich,5,23,300.0
4743,2026-06-30,desktop,direct,Berlin,2,15,26.9
4744,2026-06-30,mobile,paid_search,Munich,1,21,71.1
4745,2026-01-01,desktop,direct,Amsterdam,3,21,42.4
4746,2026-04-14,tablet,direct,Barcelona,2,6,116.5
4747,2026-06-16,mobile,organic_search,Frankfurt,5,3,303.4
4748,2026-04-29,mobile,paid_search,Rome,3,11,89.2
4749,2026-01-25,desktop,paid_search,Cologne,1,3,62.1
4750,2026-05-08,mobile,organic_search,Cologne,5,9,268.6
4751,2026-06-10,mobile,affiliate,Vienna,1,11,73.4
4752,2026-06-24,mobile,direct,Frankfurt,1,12,42.2
4753,2026-03-15,mobile,email,Berlin,4,5,222.2
4754,2026-05-21,desktop,direct,Zurich,3,7,65.6
4755,2026-08-07,desktop,email,Paris,1,4,79.4
4756,2026-08-20,desktop,organic_search,Frankfurt,5,17,119.2
4757,2026-03-18,desktop,email,Paris,6,7,405.3
4758,2026-06-14,desktop,affiliate,Rome,2,15,164.1
4759,2026-08-09,mobile,organic_search,Hamburg,7,13,108.5
4760,2026-01-19,mobile,direct,Paris,1,19,161.0
4761,2026-05-18,mobile,organic_search,Paris,4,10,163.4
4762,2026-07-02,mobile,direct,Amsterdam,6,3,75.7
4763,2026-02-22,desktop,email,Paris,1,24,117.0
4764,2026-03-13,mobile,organic_search,Cologne,7,23,247.8
4765,2026-07-25,tablet,paid_search,Munich,2,12,63.8
4766,2026-02-10,mobile,organic_search,Munich,6,4,26.9
4767,2026-03-14,tablet,direct,Berlin,5,15,59.1
4768,2026-07-21,desktop,organic_search,Rome,3,15,110.6
4769,2026-05-28,desktop,affiliate,Vienna,1,11,151.5
4770,2026-06-05,mobile,paid_search,Vienna,7,8,60.3
4771,2026-05-12,mobile,organic_search,Frankfurt,3,5,144.8
4772,2026-04-03,desktop,affiliate,Salzburg,4,13,153.3
4773,2026-07-10,tablet,direct,Vienna,2,12,69.5
4774,2026-03-12,mobile,paid_search,Vienna,3,15,288.6
4775,2026-03-03,mobile,direct,Salzburg,5,12,31.7
4776,2026-04-21,mobile,email,Cologne,7,24,22.2
4777,2026-01-31,mobile,email,Barcelona,7,23,62.6
4778,2026-06-02,mobile,paid_search,Berlin,7,24,44.3
4779,2026-08-09,mobile,paid_search,Zurich,7,22,119.6
4780,2026-06-23,mobile,paid_search,Munich,2,22,52.4
4781,2026-03-17,mobile,direct,Salzburg,1,3,78.1
4782,2026-01-24,mobile,paid_search,Zurich,4,22,55.9
4783,2026-05-31,mobile,organic_search,Salzburg,1,9,90.5
4784,2026-05-09,mobile,paid_search,Paris,5,8,94.6
4785,2026-07-30,mobile,email,Paris,6,15,25.1
4786,2026-04-28,mobile,organic_search,Paris,6,14,63.9
4787,2026-01-20,mobile,paid_search,Cologne,1,18,103.6
4788,2026-08-07,mobile,organic_search,Paris,1,21,59.0
4789,2026-03-12,mobile,direct,Hamburg,4,12,176.1
4790,2026-07-06,mobile,affiliate,Frankfurt,3,21,156.9
4791,2026-01-21,mobile,organic_search,Cologne,5,18,452.0
4792,2026-08-22,mobile,direct,Hamburg,5,18,142.5
4793,2026-08-12,mobile,direct,Barcelona,3,18,19.1
4794,2026-01-17,desktop,affiliate,Amsterdam,6,13,229.4
4795,2026-08-16,mobile,organic_search,Cologne,3,18,34.8
4796,2026-07-12,mobile,affiliate,Amsterdam,5,16,86.8
4797,2026-08-08,desktop,email,Zurich,4,8,297.4
4798,2026-02-26,mobile,affiliate,Paris,1,17,12.5
4799,2026-03-30,mobile,direct,Frankfurt,3,3,11.2
4800,2026-05-02,desktop,organic_search,Hamburg,7,22,249.6
4801,2026-04-27,mobile,paid_search,Frankfurt,3,7,36.2
4802,2026-06-25,mobile,organic_search,Berlin,5,21,85.3
4803,2026-08-10,desktop,organic_search,Amsterdam,6,10,36.8
4804,2026-07-31,tablet,affiliate,Paris,4,19,102.4
4805,2026-08-03,tablet,email,Hamburg,6,12,24.2
4806,2026-03-21,mobile,organic_search,Rome,1,18,126.2
4807,2026-01-03,desktop,paid_search,Zurich,5,4,70.0
4808,2026-02-12,mobile,organic_search,Zurich,3,19,120.2
4809,2026-02-13,mobile,organic_search,Salzburg,3,18,279.3
4810,2026-07-08,mobile,email,Munich,3,22,153.5
4811,2026-04-09,mobile,affiliate,Barcelona,3,6,447.9
4812,2026-04-01,mobile,paid_search,Hamburg,3,13,96.0
4813,2026-07-01,desktop,email,Rome,5,9,104.7
4814,2026-01-18,mobile,organic_search,Rome,7,24,52.7
4815,2026-04-03,desktop,direct,Munich,4,10,2.9
4816,2026-04-07,tablet,organic_search,Vienna,4,17,298.0
4817,2026-02-19,mobile,paid_search,Cologne,1,15,257.2
4818,2026-03-20,mobile,paid_search,Rome,3,14,61.9
4819,2026-07-20,mobile,organic_search,Munich,5,19,145.2
4820,2026-06-16,mobile,organic_search,Hamburg,6,4,127.6
4821,2026-03-24,mobile,paid_search,Paris,1,9,83.0
4822,2026-07-31,mobile,paid_search,Amsterdam,4,17,59.4
4823,2026-01-28,desktop,organic_search,Zurich,7,21,20.1
4824,2026-08-02,desktop,paid_search,Munich,3,15,89.9
4825,2026-06-03,mobile,organic_search,Paris,3,10,58.4
4826,2026-02-20,mobile,organic_search,Hamburg,5,16,77.8
4827,2026-07-29,desktop,paid_search,Paris,2,20,148.5
4828,2026-02-04,mobile,organic_search,Salzburg,5,8,86.2
4829,2026-05-20,mobile,direct,Rome,5,6,180.9
4830,2026-05-23,mobile,organic_search,Vienna,3,21,67.7
4831,2026-08-30,desktop,organic_search,Cologne,6,10,128.5
4832,2026-02-23,mobile,paid_search,Munich,2,24,16.2
4833,2026-07-31,mobile,organic_search,Salzburg,6,15,79.7
4834,2026-02-04,mobile,organic_search,Zurich,4,19,128.9
4835,2026-03-01,mobile,direct,Hamburg,2,14,96.9
4836,2026-01-09,desktop,organic_search,Cologne,7,6,124.1
4837,2026-03-21,mobile,direct,Vienna,4,10,22.5
4838,2026-06-25,mobile,paid_search,Munich,5,3,47.2
4839,2026-02-17,tablet,paid_search,Vienna,5,7,82.6
4840,2026-01-18,mobile,organic_search,Frankfurt,7,18,73.5
4841,2026-05-15,mobile,organic_search,Rome,6,14,154.8
4842,2026-01-02,mobile,paid_search,Cologne,2,24,19.3
4843,2026-06-07,mobile,direct,Amsterdam,4,5,356.3
4844,2026-07-01,desktop,organic_search,Barcelona,5,5,69.1
4845,2026-07-01,mobile,organic_search,Amsterdam,1,11,252.8
4846,2026-01-23,mobile,paid_search,Vienna,2,21,30.6
4847,2026-05-09,mobile,organic_search,Amsterdam,3,4,123.5
4848,2026-03-19,mobile,paid_search,Vienna,2,14,264.0
4849,2026-01-30,mobile,email,Salzburg,5,12,136.7
4850,2026-02-09,mobile,direct,Salzburg,3,20,93.3
4851,2026-03-02,mobile,organic_search,Frankfurt,1,24,65.0
4852,2026-07-02,desktop,organic_search,Frankfurt,4,14,7.5
4853,2026-04-24,mobile,paid_search,Rome,7,13,180.1
4854,2026-01-22,mobile,affiliate,Munich,2,9,56.1
4855,2026-03-07,mobile,organic_search,Frankfurt,2,15,145.8
4856,2026-02-12,mobile,organic_search,Vienna,1,6,214.8
4857,2026-01-13,desktop,paid_search,Salzburg,2,14,116.1
4858,2026-07-31,mobile,paid_search,Hamburg,4,4,101.3
4859,2026-08-04,tablet,affiliate,Munich,1,7,164.9
4860,2026-01-14,mobile,paid_search,Zurich,1,6,217.9
4861,2026-05-07,mobile,organic_search,Zurich,2,5,44.6
4862,2026-07-28,mobile,direct,Hamburg,1,4,94.4
4863,2026-05-25,mobile,organic_search,Vienna,6,10,128.7
4864,2026-03-24,mobile,email,Amsterdam,3,9,131.1
4865,2026-01-25,mobile,paid_search,Rome,6,14,103.3
4866,2026-01-23,desktop,email,Berlin,5,12,144.5
4867,2026-08-09,mobile,organic_search,Cologne,2,18,288.7
4868,2026-06-05,desktop,direct,Barcelona,2,17,118.1
4869,2026-07-28,tablet,direct,Cologne,7,17,22.9
4870,2026-08-25,mobile,organic_search,Munich,4,23,16.4
4871,2026-04-05,mobile,paid_search,Munich,5,14,49.7
4872,2026-06-20,mobile,direct,Zurich,5,14,106.4
4873,2026-02-17,mobile,direct,Vienna,4,10,201.2
4874,2026-06-13,mobile,organic_search,Cologne,5,14,74.8
4875,2026-07-12,mobile,organic_search,Barcelona,1,8,185.3
4876,2026-05-10,desktop,organic_search,Hamburg,7,24,173.4
4877,2026-05-19,desktop,organic_search,Zurich,7,19,46.7
4878,2026-04-20,mobile,direct,Rome,6,12,46.6
4879,2026-07-21,mobile,organic_search,Munich,5,22,6.6
4880,2026-05-03,desktop,organic_search,Vienna,4,21,195.2
4881,2026-04-27,desktop,organic_search,Cologne,1,16,59.1
4882,2026-04-02,mobile,email,Barcelona,3,9,66.4
4883,2026-08-04,desktop,paid_search,Cologne,4,5,118.7
4884,2026-01-22,desktop,direct,Barcelona,6,5,15.0
4885,2026-06-23,mobile,email,Zurich,1,20,64.5
4886,2026-04-13,mobile,direct,Barcelona,4,5,63.4
4887,2026-03-27,mobile,organic_search,Barcelona,1,15,14.1
4888,2026-04-16,mobile,direct,Amsterdam,5,13,108.2
4889,2026-07-02,mobile,email,Paris,2,17,234.7
4890,2026-03-27,mobile,paid_search,Barcelona,4,4,58.8
4891,2026-03-19,desktop,email,Cologne,3,18,170.0
4892,2026-08-29,mobile,direct,Munich,4,5,56.9
4893,2026-04-14,desktop,direct,Hamburg,6,13,71.5
4894,2026-07-14,mobile,paid_search,Vienna,2,12,215.7
4895,2026-04-07,mobile,paid_search,Vienna,5,14,41.0
4896,2026-08-25,mobile,paid_search,Amsterdam,3,4,80.0
4897,2026-04-12,mobile,direct,Amsterdam,5,9,263.7
4898,2026-03-30,mobile,email,Munich,3,11,53.4
4899,2026-06-25,mobile,paid_search,Amsterdam,1,16,168.5
4900,2026-07-17,desktop,direct,Zurich,3,8,178.9
4901,2026-03-01,desktop,direct,Barcelona,2,13,147.4
4902,2026-08-16,mobile,organic_search,Vienna,4,14,126.4
4903,2026-03-20,mobile,direct,Cologne,4,10,177.7
4904,2026-08-05,desktop,paid_search,Cologne,7,3,13.4
4905,2026-05-04,mobile,organic_search,Rome,7,8,238.0
4906,2026-05-19,mobile,paid_search,Cologne,2,12,108.7
4907,2026-03-08,mobile,paid_search,Amsterdam,5,16,114.7
4908,2026-02-09,mobile,paid_search,Vienna,1,5,92.9
4909,2026-02-02,mobile,paid_search,Berlin,2,12,24.8
4910,2026-01-28,desktop,direct,Salzburg,2,10,274.1
4911,2026-06-20,mobile,email,Paris,1,7,20.0
4912,2026-05-29,desktop,direct,Cologne,4,17,61.3
4913,2026-05-25,desktop,paid_search,Cologne,1,20,237.8
4914,2026-08-13,mobile,direct,Salzburg,3,15,184.2
4915,2026-08-18,tablet,email,Berlin,2,14,50.4
4916,2026-04-28,tablet,direct,Frankfurt,7,15,26.4
4917,2026-06-29,tablet,organic_search,Vienna,5,16,85.0
4918,2026-01-20,mobile,organic_search,Frankfurt,1,19,28.3
4919,2026-05-19,desktop,paid_search,Salzburg,2,15,14.8
4920,2026-04-15,mobile,affiliate,Vienna,7,21,143.5
4921,2026-03-06,mobile,direct,Vienna,1,16,458.3
4922,2026-04-02,mobile,paid_search,Cologne,4,13,42.4
4923,2026-02-18,desktop,paid_search,Barcelona,5,4,220.2
4924,2026-05-04,mobile,affiliate,Frankfurt,5,7,139.9
4925,2026-05-07,mobile,direct,Munich,2,9,119.3
4926,2026-01-29,tablet,organic_search,Amsterdam,7,14,107.2
4927,2026-04-22,mobile,paid_search,Barcelona,2,20,8.9
4928,2026-03-18,desktop,organic_search,Berlin,1,14,116.7
4929,2026-04-09,mobile,affiliate,Vienna,7,20,64.7
4930,2026-08-05,mobile,paid_search,Munich,6,21,48.4
4931,2026-04-17,desktop,organic_search,Berlin,6,4,284.5
4932,2026-06-08,mobile,paid_search,Barcelona,7,16,143.6
4933,2026-02-21,mobile,paid_search,Paris,6,19,38.9
4934,2026-08-21,mobile,paid_search,Berlin,7,24,128.2
4935,2026-04-12,mobile,organic_search,Rome,1,7,76.3
4936,2026-03-17,mobile,direct,Cologne,2,18,50.3
4937,2026-01-10,mobile,organic_search,Cologne,7,21,56.3
4938,2026-07-25,desktop,affiliate,Vienna,4,13,139.5
4939,2026-05-16,desktop,email,Salzburg,4,11,227.7
4940,2026-02-04,desktop,paid_search,Munich,4,10,83.5
4941,2026-05-15,mobile,paid_search,Hamburg,1,9,155.0
4942,2026-03-06,mobile,organic_search,Vienna,4,15,99.1
4943,2026-06-11,mobile,organic_search,Salzburg,3,9,59.2
4944,2026-02-13,desktop,direct,Vienna,3,24,33.3
4945,2026-06-22,desktop,email,Hamburg,1,18,65.7
4946,2026-02-13,mobile,paid_search,Hamburg,6,13,71.7
4947,2026-06-13,mobile,email,Frankfurt,3,17,17.0
4948,2026-03-12,desktop,affiliate,Frankfurt,4,12,219.2
4949,2026-07-14,mobile,direct,Cologne,1,16,223.9
4950,2026-05-09,tablet,organic_search,Hamburg,1,13,112.5
4951,2026-02-02,mobile,email,Vienna,2,23,260.1
4952,2026-07-30,desktop,organic_search,Rome,2,7,40.7
4953,2026-08-03,desktop,affiliate,Berlin,1,9,29.9
4954,2026-03-20,desktop,organic_search,Munich,5,18,146.4
4955,2026-04-04,desktop,paid_search,Salzburg,2,16,53.4
4956,2026-01-03,desktop,organic_search,Barcelona,5,8,308.1
4957,2026-06-11,desktop,organic_search,Hamburg,3,12,98.0
4958,2026-04-20,desktop,paid_search,Cologne,6,17,196.1
4959,2026-01-30,mobile,paid_search,Hamburg,7,15,54.7
4960,2026-06-07,mobile,direct,Rome,7,23,54.2
4961,2026-02-24,mobile,paid_search,Frankfurt,2,6,161.3
4962,2026-02-26,mobile,paid_search,Cologne,5,9,72.5
4963,2026-08-14,tablet,direct,Amsterdam,6,23,79.9
4964,2026-06-30,desktop,affiliate,Munich,5,18,44.5
4965,2026-02-03,desktop,email,Frankfurt,6,22,172.7
4966,2026-05-19,desktop,organic_search,Frankfurt,2,9,156.0
4967,2026-04-23,desktop,paid_search,Barcelona,4,24,49.2
4968,2026-02-04,desktop,organic_search,Hamburg,1,12,66.2
4969,2026-01-23,mobile,organic_search,Paris,4,19,67.3
4970,2026-07-30,desktop,organic_search,Frankfurt,1,11,58.1
4971,2026-01-23,desktop,affiliate,Paris,3,18,142.6
4972,2026-05-26,tablet,direct,Munich,5,22,124.0
4973,2026-08-29,mobile,email,Hamburg,7,4,49.6
4974,2026-04-04,desktop,organic_search,Berlin,2,23,309.7
4975,2026-06-04,mobile,email,Paris,7,12,124.5
4976,2026-04-18,mobile,direct,Zurich,1,14,70.2
4977,2026-06-03,mobile,organic_search,Rome,5,3,56.8
4978,2026-03-09,mobile,paid_search,Berlin,7,4,60.5
4979,2026-03-07,mobile,direct,Berlin,7,23,20.7
4980,2026-05-17,desktop,paid_search,Salzburg,3,23,29.4
4981,2026-02-06,desktop,organic_search,Paris,6,15,85.3
4982,2026-05-17,mobile,affiliate,Frankfurt,5,16,102.0
4983,2026-05-29,desktop,paid_search,Paris,6,4,105.2
4984,2026-08-26,desktop,paid_search,Rome,6,17,48.8
4985,2026-03-02,tablet,paid_search,Amsterdam,2,16,52.3
4986,2026-01-26,desktop,direct,Paris,3,23,194.3
4987,2026-03-07,desktop,direct,Zurich,3,17,68.2
4988,2026-07-13,mobile,email,Zurich,5,22,123.6
4989,2026-04-12,mobile,direct,Paris,2,24,123.0
4990,2026-02-10,mobile,affiliate,Frankfurt,1,23,46.6
4991,2026-02-24,mobile,paid_search,Hamburg,6,17,256.9
4992,2026-07-13,mobile,paid_search,Salzburg,3,22,618.8
4993,2026-08-16,mobile,direct,Barcelona,3,20,184.0
4994,2026-02-06,tablet,organic_search,Hamburg,7,6,135.9
4995,2026-05-20,mobile,direct,Rome,5,20,185.9
4996,2026-08-26,desktop,paid_search,Rome,5,14,198.6
4997,2026-01-17,mobile,organic_search,Vienna,3,18,116.3
4998,2026-02-08,mobile,paid_search,Rome,1,16,154.7
4999,2026-04-27,desktop,direct,Cologne,1,5,111.9
5000,2026-01-17,mobile,affiliate,Barcelona,6,16,116.3
5001,2026-05-16,desktop,paid_search,Vienna,7,10,264.3
5002,2026-06-16,mobile,paid_search,Rome,6,20,142.6
5003,2026-03-28,mobile,email,Paris,3,19,159.1
5004,2026-08-10,mobile,organic_search,Munich,3,22,130.4
5005,2026-07-31,mobile,organic_search,Amsterdam,2,22,129.1
5006,2026-06-24,mobile,paid_search,Frankfurt,7,21,425.8
5007,2026-05-07,desktop,organic_search,Salzburg,4,6,180.5
5008,2026-01-26,mobile,paid_search,Amsterdam,1,15,206.8
5009,2026-02-27,desktop,organic_search,Munich,1,3,128.4
5010,2026-08-23,desktop,organic_search,Amsterdam,1,9,152.0
5011,2026-05-11,mobile,organic_search,Amsterdam,1,21,234.2
5012,2026-04-15,mobile,organic_search,Salzburg,5,17,211.9
5013,2026-06-24,mobile,paid_search,Cologne,1,8,64.2
5014,2026-02-28,mobile,organic_search,Cologne,6,21,78.3
5015,2026-03-16,mobile,direct,Paris,7,14,27.8
5016,2026-04-04,mobile,direct,Rome,6,20,67.4
5017,2026-07-31,mobile,direct,Salzburg,6,24,26.2
5018,2026-04-24,mobile,paid_search,Barcelona,6,13,41.8
5019,2026-01-14,desktop,paid_search,Zurich,6,19,136.1
5020,2026-04-24,mobile,direct,Salzburg,1,14,67.3
5021,2026-03-14,desktop,organic_search,Paris,4,6,131.2
5022,2026-04-25,mobile,organic_search,Berlin,3,17,70.7
5023,2026-08-13,mobile,paid_search,Barcelona,4,23,217.4
5024,2026-03-19,mobile,email,Hamburg,3,21,27.1
5025,2026-03-06,desktop,paid_search,Vienna,2,7,94.4
5026,2026-04-25,tablet,organic_search,Salzburg,5,22,69.0
5027,2026-01-19,mobile,organic_search,Salzburg,4,21,29.5
5028,2026-02-20,mobile,organic_search,Barcelona,2,7,29.2
5029,2026-01-11,mobile,affiliate,Rome,5,3,112.0
5030,2026-08-07,mobile,paid_search,Hamburg,2,22,104.6
5031,2026-07-02,mobile,email,Paris,6,8,30.4
5032,2026-02-08,mobile,affiliate,Frankfurt,5,3,4.5
5033,2026-03-23,desktop,paid_search,Vienna,6,5,156.4
5034,2026-01-27,mobile,paid_search,Vienna,4,24,92.2
5035,2026-07-05,desktop,paid_search,Frankfurt,6,15,202.7
5036,2026-02-01,desktop,direct,Frankfurt,2,11,68.8
5037,2026-06-07,desktop,organic_search,Barcelona,7,16,239.1
5038,2026-05-19,mobile,paid_search,Berlin,7,8,55.5
5039,2026-07-01,tablet,organic_search,Munich,7,18,31.7
5040,2026-07-26,desktop,paid_search,Salzburg,6,3,156.4
5041,2026-08-11,desktop,organic_search,Frankfurt,2,9,22.4
5042,2026-03-22,mobile,paid_search,Amsterdam,5,9,212.0
5043,2026-07-17,mobile,organic_search,Berlin,2,23,93.7
5044,2026-02-12,mobile,direct,Cologne,3,17,221.4
5045,2026-02-06,mobile,paid_search,Rome,3,3,255.9
5046,2026-08-02,desktop,direct,Cologne,2,8,91.2
5047,2026-08-08,desktop,organic_search,Berlin,1,10,109.7
5048,2026-06-13,mobile,paid_search,Hamburg,2,20,137.3
5049,2026-03-23,mobile,organic_search,Salzburg,6,4,326.4
5050,2026-04-11,mobile,paid_search,Salzburg,4,22,76.3
5051,2026-07-14,mobile,paid_search,Paris,4,11,70.3
5052,2026-02-25,mobile,direct,Paris,7,10,197.2
5053,2026-05-07,desktop,organic_search,Cologne,1,23,47.0
5054,2026-04-06,mobile,affiliate,Munich,1,6,16.1
5055,2026-02-12,desktop,paid_search,Barcelona,4,9,257.2
5056,2026-05-20,mobile,direct,Rome,5,15,47.8
5057,2026-06-16,desktop,organic_search,Munich,4,9,308.0
5058,2026-02-26,desktop,direct,Rome,7,16,133.4
5059,2026-06-11,mobile,affiliate,Munich,3,9,21.5
5060,2026-08-10,desktop,affiliate,Zurich,5,7,52.0
5061,2026-08-08,desktop,direct,Hamburg,3,21,55.9
5062,2026-08-09,mobile,paid_search,Amsterdam,2,22,96.0
5063,2026-04-10,mobile,organic_search,Barcelona,4,15,207.6
5064,2026-06-15,mobile,organic_search,Barcelona,5,19,82.3
5065,2026-06-27,mobile,direct,Zurich,2,12,63.7
5066,2026-08-24,mobile,organic_search,Salzburg,7,18,208.4
5067,2026-05-06,desktop,organic_search,Barcelona,3,11,40.3
5068,2026-07-24,mobile,organic_search,Paris,4,10,184.7
5069,2026-05-14,desktop,paid_search,Cologne,5,18,186.3
5070,2026-07-18,desktop,paid_search,Hamburg,3,18,142.2
5071,2026-03-25,mobile,direct,Hamburg,7,24,10.6
5072,2026-01-18,desktop,paid_search,Zurich,6,4,121.5
5073,2026-03-29,desktop,paid_search,Salzburg,1,12,62.0
5074,2026-03-23,mobile,email,Vienna,3,10,76.8
5075,2026-07-14,mobile,organic_search,Berlin,7,7,24.7
5076,2026-06-17,mobile,direct,Hamburg,6,10,8.1
5077,2026-06-03,desktop,paid_search,Vienna,3,11,92.5
5078,2026-02-15,desktop,paid_search,Cologne,7,20,119.1
5079,2026-06-16,mobile,affiliate,Paris,6,6,113.4
5080,2026-06-15,mobile,organic_search,Vienna,4,21,69.2
5081,2026-08-14,mobile,email,Zurich,5,17,24.8
5082,2026-03-06,mobile,paid_search,Rome,5,24,30.4
5083,2026-06-16,mobile,email,Salzburg,6,3,384.5
5084,2026-01-19,desktop,paid_search,Berlin,2,22,51.3
5085,2026-06-27,desktop,organic_search,Hamburg,2,12,198.5
5086,2026-07-16,desktop,paid_search,Cologne,3,5,8.8
5087,2026-07-07,mobile,affiliate,Vienna,1,3,101.5
5088,2026-04-20,mobile,organic_search,Berlin,2,4,104.0
5089,2026-04-14,mobile,email,Salzburg,1,3,85.4
5090,2026-01-09,desktop,direct,Barcelona,7,15,142.0
5091,2026-04-22,desktop,email,Salzburg,2,11,5.3
5092,2026-06-24,desktop,email,Barcelona,2,13,103.1
5093,2026-08-25,mobile,organic_search,Salzburg,5,19,69.6
5094,2026-01-26,mobile,paid_search,Rome,3,18,68.5
5095,2026-05-16,mobile,paid_search,Paris,4,17,67.4
5096,2026-03-01,mobile,email,Amsterdam,1,13,127.0
5097,2026-04-01,desktop,paid_search,Hamburg,5,22,71.1
5098,2026-07-09,mobile,affiliate,Barcelona,7,16,74.0
5099,2026-01-15,desktop,organic_search,Frankfurt,7,12,61.7
5100,2026-01-14,mobile,paid_search,Rome,7,20,387.0
5101,2026-02-22,mobile,direct,Munich,2,6,7.4
5102,2026-03-03,desktop,paid_search,Salzburg,2,23,91.0
5103,2026-07-08,desktop,organic_search,Frankfurt,2,4,53.8
5104,2026-03-07,desktop,paid_search,Zurich,6,14,53.4
5105,2026-08-13,mobile,organic_search,Munich,2,8,15.4
5106,2026-08-25,mobile,paid_search,Paris,5,19,24.1
5107,2026-07-09,mobile,paid_search,Frankfurt,6,14,158.0
5108,2026-04-26,tablet,email,Cologne,7,19,215.5
5109,2026-07-12,mobile,organic_search,Frankfurt,1,9,22.0
5110,2026-02-09,desktop,paid_search,Cologne,1,20,127.6
5111,2026-08-01,mobile,email,Amsterdam,3,19,131.1
5112,2026-03-22,mobile,direct,Frankfurt,6,21,114.9
5113,2026-04-18,mobile,organic_search,Rome,4,17,95.1
5114,2026-08-06,mobile,email,Cologne,3,20,178.8
5115,2026-02-03,mobile,paid_search,Salzburg,1,12,39.0
5116,2026-01-25,mobile,paid_search,Barcelona,1,16,42.6
5117,2026-05-30,mobile,direct,Barcelona,7,18,123.5
5118,2026-08-26,mobile,organic_search,Barcelona,7,19,151.1
5119,2026-08-09,mobile,direct,Frankfurt,7,13,93.4
5120,2026-08-28,desktop,direct,Paris,6,18,99.7
5121,2026-04-18,desktop,direct,Cologne,6,3,186.1
5122,2026-05-29,desktop,direct,Rome,4,5,222.7
5123,2026-07-17,mobile,organic_search,Munich,4,19,370.0
5124,2026-02-14,mobile,organic_search,Salzburg,7,3,37.9
5125,2026-07-31,mobile,organic_search,Frankfurt,5,17,38.7
5126,2026-07-23,mobile,organic_search,Amsterdam,6,18,454.0
5127,2026-01-20,mobile,paid_search,Barcelona,1,14,103.3
5128,2026-04-27,mobile,organic_search,Berlin,2,15,150.9
5129,2026-04-14,mobile,affiliate,Zurich,6,6,61.1
5130,2026-07-13,mobile,organic_search,Paris,4,10,177.7
5131,2026-04-20,mobile,email,Hamburg,1,14,21.2
5132,2026-08-14,mobile,paid_search,Barcelona,5,21,26.7
5133,2026-04-15,mobile,direct,Amsterdam,5,8,278.2
5134,2026-04-27,mobile,paid_search,Berlin,2,22,177.2
5135,2026-03-05,tablet,affiliate,Munich,1,24,59.3
5136,2026-07-24,tablet,organic_search,Frankfurt,3,15,180.1
5137,2026-04-29,mobile,organic_search,Munich,6,13,92.0
5138,2026-04-30,mobile,affiliate,Cologne,1,20,28.1
5139,2026-06-25,mobile,paid_search,Hamburg,4,20,115.7
5140,2026-07-05,desktop,organic_search,Barcelona,4,16,95.1
5141,2026-06-14,mobile,organic_search,Amsterdam,2,15,49.7
5142,2026-02-09,tablet,organic_search,Hamburg,4,17,36.4
5143,2026-08-14,mobile,paid_search,Cologne,1,21,185.9
5144,2026-07-19,mobile,paid_search,Amsterdam,3,11,109.0
5145,2026-06-27,desktop,organic_search,Rome,2,13,104.5
5146,2026-05-14,desktop,organic_search,Paris,4,15,26.2
5147,2026-07-02,mobile,direct,Munich,7,15,65.3
5148,2026-06-21,mobile,direct,Zurich,2,7,113.8
5149,2026-03-12,tablet,direct,Paris,1,13,35.7
5150,2026-04-24,tablet,organic_search,Rome,4,18,205.8
5151,2026-01-08,desktop,direct,Berlin,4,23,296.4
5152,2026-01-01,mobile,email,Berlin,1,3,159.0
5153,2026-05-05,mobile,affiliate,Paris,2,5,167.0
5154,2026-07-02,desktop,email,Hamburg,5,12,105.9
5155,2026-07-08,mobile,organic_search,Munich,5,10,199.8
5156,2026-07-19,mobile,affiliate,Munich,6,21,141.3
5157,2026-04-07,mobile,paid_search,Berlin,6,15,122.6
5158,2026-05-12,mobile,organic_search,Vienna,3,12,149.1
5159,2026-07-17,mobile,paid_search,Cologne,7,4,80.9
5160,2026-01-09,tablet,paid_search,Berlin,3,3,358.1
5161,2026-05-31,mobile,direct,Frankfurt,4,21,28.3
5162,2026-04-05,desktop,affiliate,Cologne,1,15,158.1
5163,2026-03-22,mobile,direct,Amsterdam,4,22,24.9
5164,2026-05-19,desktop,direct,Hamburg,7,13,85.3
5165,2026-03-24,desktop,organic_search,Rome,2,7,123.0
5166,2026-05-24,mobile,direct,Munich,7,16,71.2
5167,2026-06-15,desktop,organic_search,Frankfurt,6,23,108.6
5168,2026-05-04,mobile,organic_search,Paris,2,5,12.5
5169,2026-05-20,desktop,paid_search,Cologne,7,16,95.7
5170,2026-04-06,desktop,email,Barcelona,6,9,60.8
5171,2026-01-17,mobile,organic_search,Cologne,3,16,122.1
5172,2026-03-23,mobile,email,Berlin,7,14,80.2
5173,2026-05-14,mobile,paid_search,Rome,5,10,23.0
5174,2026-03-29,mobile,organic_search,Barcelona,1,9,87.3
5175,2026-01-11,desktop,direct,Berlin,6,15,47.0
5176,2026-05-04,tablet,direct,Salzburg,7,15,104.3
5177,2026-05-13,mobile,affiliate,Vienna,6,8,41.4
5178,2026-08-01,mobile,paid_search,Amsterdam,4,9,58.0
5179,2026-08-13,mobile,organic_search,Hamburg,5,3,70.8
5180,2026-05-21,desktop,paid_search,Cologne,6,10,186.4
5181,2026-01-23,mobile,organic_search,Frankfurt,3,19,52.6
5182,2026-07-11,mobile,paid_search,Barcelona,3,20,48.6
5183,2026-04-28,tablet,paid_search,Cologne,5,24,43.9
5184,2026-05-25,desktop,paid_search,Cologne,1,16,71.8
5185,2026-07-07,desktop,affiliate,Barcelona,1,4,370.9
5186,2026-06-03,mobile,organic_search,Hamburg,7,5,141.8
5187,2026-04-14,mobile,organic_search,Cologne,7,16,316.7
5188,2026-07-24,mobile,paid_search,Frankfurt,4,7,76.5
5189,2026-03-29,mobile,paid_search,Rome,2,8,87.7
5190,2026-06-06,desktop,paid_search,Frankfurt,1,11,102.2
5191,2026-05-20,desktop,direct,Amsterdam,2,11,118.0
5192,2026-07-18,tablet,organic_search,Cologne,3,16,136.3
5193,2026-07-26,mobile,affiliate,Cologne,5,9,25.1
5194,2026-02-26,mobile,organic_search,Paris,2,16,73.6
5195,2026-07-29,desktop,direct,Berlin,4,4,58.8
5196,2026-05-23,mobile,paid_search,Munich,5,20,185.4
5197,2026-03-07,mobile,organic_search,Hamburg,1,24,128.9
5198,2026-05-29,desktop,paid_search,Munich,4,5,68.0
5199,2026-08-23,mobile,paid_search,Salzburg,4,15,131.1
5200,2026-05-30,mobile,organic_search,Munich,6,21,147.4
5201,2026-02-09,desktop,paid_search,Barcelona,5,15,158.7
5202,2026-04-30,mobile,paid_search,Zurich,7,22,46.4
5203,2026-02-21,desktop,paid_search,Frankfurt,4,15,111.9
5204,2026-03-05,mobile,paid_search,Vienna,2,3,66.8
5205,2026-06-19,mobile,affiliate,Frankfurt,5,4,79.7
5206,2026-01-28,tablet,email,Vienna,2,19,47.0
5207,2026-07-29,mobile,direct,Rome,1,11,145.0
5208,2026-08-07,mobile,affiliate,Cologne,5,22,165.6
5209,2026-02-14,mobile,paid_search,Vienna,7,23,112.3
5210,2026-03-17,mobile,paid_search,Frankfurt,4,7,159.1
5211,2026-03-20,mobile,paid_search,Hamburg,7,15,37.4
5212,2026-01-13,mobile,direct,Zurich,4,18,227.1
5213,2026-01-19,tablet,direct,Hamburg,5,11,54.5
5214,2026-06-29,mobile,direct,Amsterdam,5,22,150.3
5215,2026-04-22,mobile,organic_search,Rome,4,7,59.4
5216,2026-02-25,desktop,organic_search,Zurich,2,9,246.9
5217,2026-05-06,mobile,paid_search,Vienna,5,8,109.1
5218,2026-03-01,mobile,paid_search,Amsterdam,4,7,132.4
5219,2026-05-23,mobile,paid_search,Barcelona,7,20,86.9
5220,2026-02-12,desktop,direct,Vienna,1,21,151.1
5221,2026-02-15,mobile,direct,Salzburg,2,17,183.9
5222,2026-07-22,mobile,paid_search,Cologne,5,7,228.7
5223,2026-03-08,desktop,direct,Hamburg,4,10,26.6
5224,2026-03-11,desktop,paid_search,Berlin,3,5,10.8
5225,2026-07-02,desktop,organic_search,Hamburg,3,22,22.3
5226,2026-04-09,desktop,direct,Frankfurt,5,14,132.3
5227,2026-01-27,desktop,direct,Munich,2,3,74.9
5228,2026-07-06,mobile,direct,Rome,4,23,106.9
5229,2026-01-01,tablet,organic_search,Munich,3,19,44.6
5230,2026-04-18,desktop,paid_search,Cologne,4,17,74.6
5231,2026-04-05,mobile,direct,Zurich,7,14,192.4
5232,2026-06-10,desktop,organic_search,Munich,1,4,67.0
5233,2026-05-21,mobile,affiliate,Barcelona,1,22,44.9
5234,2026-05-21,desktop,organic_search,Amsterdam,4,4,246.5
5235,2026-08-04,tablet,organic_search,Amsterdam,2,22,290.8
5236,2026-05-25,mobile,direct,Barcelona,4,4,13.4
5237,2026-01-10,mobile,paid_search,Rome,5,10,130.9
5238,2026-01-15,desktop,direct,Salzburg,7,24,185.8
5239,2026-03-22,desktop,paid_search,Rome,2,3,30.4
5240,2026-01-04,desktop,email,Paris,2,12,82.4
5241,2026-07-27,mobile,affiliate,Paris,2,22,139.3
5242,2026-07-05,desktop,direct,Rome,6,3,26.3
5243,2026-06-22,desktop,direct,Barcelona,7,21,59.4
5244,2026-06-15,desktop,paid_search,Paris,3,9,85.8
5245,2026-06-03,mobile,direct,Vienna,4,6,144.7
5246,2026-03-25,mobile,direct,Hamburg,7,24,30.9
5247,2026-01-03,mobile,direct,Frankfurt,2,14,84.7
5248,2026-01-30,desktop,organic_search,Cologne,1,14,91.1
5249,2026-04-23,mobile,direct,Berlin,4,11,85.4
5250,2026-03-02,mobile,organic_search,Salzburg,4,22,427.5
5251,2026-08-25,desktop,paid_search,Paris,1,18,63.5
5252,2026-07-18,mobile,direct,Rome,5,18,102.2
5253,2026-06-12,mobile,affiliate,Cologne,2,22,197.7
5254,2026-04-09,mobile,organic_search,Frankfurt,1,10,157.0
5255,2026-07-17,desktop,paid_search,Munich,4,16,85.3
5256,2026-04-09,mobile,organic_search,Vienna,7,5,126.6
5257,2026-05-05,mobile,direct,Munich,2,23,118.7
5258,2026-06-22,mobile,organic_search,Munich,2,11,172.1
5259,2026-03-29,tablet,organic_search,Hamburg,7,4,36.0
5260,2026-05-04,desktop,organic_search,Amsterdam,6,8,137.6
5261,2026-03-19,desktop,direct,Rome,2,11,46.3
5262,2026-02-10,desktop,organic_search,Rome,3,4,222.9
5263,2026-07-12,tablet,paid_search,Paris,3,10,47.6
5264,2026-08-25,mobile,organic_search,Munich,4,13,66.1
5265,2026-04-22,mobile,direct,Cologne,5,8,41.2
5266,2026-01-11,mobile,organic_search,Salzburg,6,20,34.8
5267,2026-03-20,desktop,organic_search,Rome,7,10,99.8
5268,2026-08-03,desktop,email,Munich,7,22,39.5
5269,2026-06-08,mobile,organic_search,Zurich,1,5,75.5
5270,2026-03-05,mobile,organic_search,Munich,5,20,153.6
5271,2026-08-30,mobile,direct,Cologne,4,14,112.3
5272,2026-01-31,mobile,organic_search,Amsterdam,7,20,45.3
5273,2026-04-15,mobile,organic_search,Cologne,6,10,112.5
5274,2026-05-01,mobile,organic_search,Amsterdam,6,21,47.8
5275,2026-02-09,desktop,paid_search,Frankfurt,7,15,19.0
5276,2026-02-15,mobile,paid_search,Paris,6,8,47.3
5277,2026-06-05,mobile,email,Munich,1,12,25.4
5278,2026-01-12,mobile,organic_search,Hamburg,5,6,35.9
5279,2026-04-07,desktop,affiliate,Zurich,7,3,145.4
5280,2026-06-20,desktop,organic_search,Paris,4,11,83.7
5281,2026-05-23,desktop,organic_search,Berlin,1,14,122.0
5282,2026-04-04,desktop,organic_search,Zurich,1,18,54.7
5283,2026-08-30,desktop,direct,Rome,6,15,113.9
5284,2026-04-29,mobile,organic_search,Rome,6,9,32.7
5285,2026-04-21,mobile,organic_search,Barcelona,2,21,83.0
5286,2026-06-05,desktop,paid_search,Salzburg,7,24,57.7
5287,2026-03-15,mobile,organic_search,Frankfurt,5,9,148.8
5288,2026-04-04,desktop,direct,Zurich,3,17,275.9
5289,2026-08-26,mobile,paid_search,Vienna,3,19,50.1
5290,2026-02-23,mobile,organic_search,Cologne,2,3,60.2
5291,2026-06-11,mobile,affiliate,Frankfurt,3,22,77.1
5292,2026-07-09,tablet,organic_search,Munich,1,20,44.3
5293,2026-03-15,desktop,organic_search,Paris,3,18,64.7
5294,2026-03-18,desktop,direct,Munich,2,6,109.7
5295,2026-03-18,desktop,email,Vienna,6,5,309.6
5296,2026-04-16,mobile,paid_search,Vienna,6,15,81.0
5297,2026-05-27,desktop,email,Paris,3,12,27.5
5298,2026-07-02,mobile,organic_search,Vienna,7,4,34.7
5299,2026-03-29,tablet,organic_search,Barcelona,7,11,67.2
5300,2026-04-30,desktop,direct,Salzburg,6,5,112.5
5301,2026-07-07,mobile,direct,Barcelona,2,8,75.6
5302,2026-01-03,mobile,organic_search,Frankfurt,4,15,201.9
5303,2026-02-16,desktop,direct,Amsterdam,1,10,107.0
5304,2026-01-28,mobile,direct,Rome,1,4,148.4
5305,2026-02-16,mobile,organic_search,Amsterdam,2,18,126.3
5306,2026-07-27,desktop,organic_search,Frankfurt,5,3,226.6
5307,2026-02-26,mobile,paid_search,Frankfurt,7,11,106.8
5308,2026-08-21,mobile,paid_search,Salzburg,1,4,58.9
5309,2026-07-31,mobile,paid_search,Munich,5,7,282.1
5310,2026-04-01,desktop,email,Hamburg,4,21,50.3
5311,2026-01-23,mobile,organic_search,Salzburg,5,20,88.5
5312,2026-02-26,desktop,direct,Cologne,3,16,227.3
5313,2026-05-26,mobile,email,Barcelona,7,11,181.8
5314,2026-04-22,mobile,paid_search,Frankfurt,2,10,66.2
5315,2026-07-29,tablet,direct,Munich,4,12,226.8
5316,2026-03-27,desktop,direct,Vienna,5,15,114.9
5317,2026-02-12,tablet,organic_search,Vienna,3,4,164.8
5318,2026-06-12,tablet,paid_search,Cologne,7,11,68.8
5319,2026-08-11,mobile,organic_search,Cologne,1,20,60.3
5320,2026-05-15,mobile,email,Salzburg,5,13,47.4
5321,2026-06-22,desktop,organic_search,Vienna,2,4,14.0
5322,2026-05-22,mobile,organic_search,Amsterdam,1,12,141.0
5323,2026-02-25,mobile,paid_search,Hamburg,4,15,176.1
5324,2026-05-14,desktop,paid_search,Barcelona,5,17,98.2
5325,2026-08-26,desktop,paid_search,Amsterdam,1,19,88.3
5326,2026-08-30,desktop,direct,Munich,5,6,13.5
5327,2026-07-21,mobile,affiliate,Zurich,7,5,100.7
5328,2026-05-04,desktop,paid_search,Vienna,1,15,261.0
5329,2026-01-14,desktop,direct,Vienna,4,9,88.3
5330,2026-04-16,mobile,organic_search,Salzburg,7,24,69.8
5331,2026-07-19,mobile,email,Cologne,7,24,79.2
5332,2026-08-16,mobile,paid_search,Paris,4,15,149.0
5333,2026-05-20,desktop,direct,Cologne,5,12,69.3
5334,2026-01-07,desktop,affiliate,Rome,3,14,112.9
5335,2026-08-04,mobile,direct,Hamburg,5,15,191.8
5336,2026-07-22,tablet,paid_search,Hamburg,1,23,94.2
5337,2026-05-23,desktop,paid_search,Paris,5,22,185.6
5338,2026-04-10,mobile,organic_search,Zurich,4,3,74.9
5339,2026-07-12,desktop,direct,Hamburg,6,22,120.5
5340,2026-03-14,mobile,paid_search,Vienna,6,8,57.0
5341,2026-07-21,mobile,direct,Vienna,3,10,109.2
5342,2026-03-22,desktop,organic_search,Barcelona,3,13,203.1
5343,2026-07-12,mobile,direct,Salzburg,6,21,165.3
5344,2026-06-14,tablet,organic_search,Berlin,3,23,114.4
5345,2026-01-15,mobile,paid_search,Amsterdam,7,10,107.3
5346,2026-01-09,mobile,organic_search,Barcelona,4,16,180.7
5347,2026-06-11,mobile,direct,Barcelona,6,20,104.2
5348,2026-04-20,desktop,organic_search,Hamburg,7,24,148.2
5349,2026-08-06,mobile,direct,Frankfurt,5,20,104.7
5350,2026-07-08,mobile,email,Berlin,5,24,173.4
5351,2026-08-15,mobile,direct,Salzburg,6,15,84.5
5352,2026-02-17,tablet,direct,Cologne,6,4,78.1
5353,2026-07-05,mobile,email,Rome,2,17,78.2
5354,2026-04-17,desktop,affiliate,Hamburg,3,18,78.1
5355,2026-03-17,desktop,organic_search,Munich,3,15,91.7
5356,2026-04-01,mobile,paid_search,Amsterdam,6,8,27.3
5357,2026-07-27,mobile,paid_search,Vienna,5,5,35.7
5358,2026-05-10,mobile,organic_search,Zurich,1,4,18.6
5359,2026-01-07,mobile,paid_search,Hamburg,2,12,16.3
5360,2026-04-26,mobile,direct,Rome,3,12,89.2
5361,2026-07-06,mobile,email,Berlin,5,5,9.0
5362,2026-07-01,desktop,email,Frankfurt,5,11,71.4
5363,2026-04-28,mobile,organic_search,Munich,6,4,196.5
5364,2026-07-12,mobile,paid_search,Amsterdam,4,8,48.6
5365,2026-08-01,mobile,affiliate,Hamburg,1,13,58.3
5366,2026-01-14,mobile,paid_search,Vienna,3,7,127.6
5367,2026-05-02,mobile,affiliate,Salzburg,5,8,181.1
5368,2026-08-01,mobile,paid_search,Cologne,3,4,103.5
5369,2026-04-13,desktop,paid_search,Barcelona,1,10,120.4
5370,2026-08-30,mobile,paid_search,Cologne,6,23,101.0
5371,2026-07-24,mobile,email,Paris,1,16,104.9
5372,2026-02-16,desktop,organic_search,Zurich,6,6,254.1
5373,2026-03-21,desktop,paid_search,Paris,2,13,119.2
5374,2026-04-05,mobile,direct,Berlin,6,23,86.6
5375,2026-04-29,desktop,paid_search,Rome,2,15,90.1
5376,2026-06-17,desktop,paid_search,Paris,4,14,428.0
5377,2026-07-24,mobile,email,Salzburg,7,17,201.1
5378,2026-05-16,mobile,paid_search,Rome,2,23,70.6
5379,2026-01-04,mobile,paid_search,Vienna,4,17,13.9
5380,2026-07-26,mobile,organic_search,Vienna,6,17,224.6
5381,2026-03-26,mobile,affiliate,Vienna,1,18,123.4
5382,2026-03-26,mobile,direct,Zurich,4,21,385.2
5383,2026-07-21,mobile,affiliate,Paris,7,13,375.7
5384,2026-07-17,desktop,email,Hamburg,6,5,86.0
5385,2026-08-01,mobile,direct,Zurich,4,18,51.3
5386,2026-08-10,mobile,organic_search,Vienna,1,13,84.1
5387,2026-02-08,mobile,paid_search,Amsterdam,4,8,73.5
5388,2026-02-13,desktop,organic_search,Vienna,1,17,95.2
5389,2026-04-18,mobile,paid_search,Berlin,5,19,231.8
5390,2026-08-26,mobile,affiliate,Barcelona,3,6,71.3
5391,2026-03-25,tablet,paid_search,Paris,6,20,83.5
5392,2026-03-24,mobile,paid_search,Paris,4,14,45.8
5393,2026-08-25,mobile,organic_search,Salzburg,5,22,122.3
5394,2026-08-23,mobile,paid_search,Frankfurt,2,20,20.4
5395,2026-05-17,tablet,affiliate,Zurich,5,23,25.4
5396,2026-05-26,mobile,direct,Rome,4,22,85.8
5397,2026-04-07,desktop,direct,Barcelona,1,14,103.9
5398,2026-07-18,desktop,paid_search,Salzburg,5,11,141.3
5399,2026-07-31,desktop,paid_search,Munich,1,14,118.4
5400,2026-03-05,desktop,organic_search,Hamburg,7,9,185.4
5401,2026-06-21,mobile,organic_search,Berlin,2,11,254.3
5402,2026-05-07,mobile,email,Salzburg,4,22,154.3
5403,2026-06-22,desktop,direct,Paris,4,20,212.1
5404,2026-04-13,mobile,organic_search,Zurich,5,3,349.2
5405,2026-05-29,desktop,paid_search,Hamburg,7,8,339.9
5406,2026-06-04,mobile,direct,Berlin,4,16,39.2
5407,2026-04-11,mobile,email,Munich,2,17,177.9
5408,2026-02-21,mobile,organic_search,Frankfurt,7,3,62.8
5409,2026-01-24,tablet,organic_search,Paris,7,15,133.0
5410,2026-08-24,mobile,organic_search,Berlin,3,16,36.7
5411,2026-06-03,mobile,organic_search,Frankfurt,2,9,29.8
5412,2026-04-19,desktop,organic_search,Frankfurt,6,13,199.2
5413,2026-04-11,mobile,email,Rome,6,8,57.0
5414,2026-04-10,mobile,affiliate,Zurich,1,10,137.8
5415,2026-04-20,mobile,direct,Paris,2,6,125.8
5416,2026-04-18,mobile,direct,Rome,2,22,92.3
5417,2026-08-12,tablet,paid_search,Hamburg,3,19,153.4
5418,2026-04-20,mobile,direct,Zurich,5,5,249.4
5419,2026-06-24,mobile,email,Berlin,5,21,127.8
5420,2026-04-29,mobile,email,Zurich,6,17,60.0
5421,2026-07-09,mobile,paid_search,Berlin,7,6,90.4
5422,2026-01-03,mobile,direct,Zurich,3,5,111.0
5423,2026-07-03,mobile,organic_search,Cologne,2,22,153.8
5424,2026-02-23,mobile,organic_search,Amsterdam,1,9,115.5
5425,2026-04-15,desktop,organic_search,Hamburg,6,7,114.0
5426,2026-06-02,tablet,paid_search,Cologne,2,8,61.1
5427,2026-05-16,mobile,organic_search,Rome,7,5,108.6
5428,2026-01-13,mobile,email,Zurich,3,14,40.1
5429,2026-05-12,desktop,paid_search,Paris,3,22,169.6
5430,2026-02-01,mobile,paid_search,Barcelona,6,15,114.4
5431,2026-02-28,desktop,direct,Vienna,1,23,216.9
5432,2026-04-23,mobile,direct,Frankfurt,2,23,113.4
5433,2026-06-03,desktop,direct,Frankfurt,4,6,85.3
5434,2026-05-07,mobile,paid_search,Vienna,4,13,217.7
5435,2026-04-01,desktop,paid_search,Frankfurt,2,6,157.8
5436,2026-01-22,mobile,paid_search,Munich,3,16,91.3
5437,2026-01-14,mobile,direct,Rome,1,9,44.1
5438,2026-04-19,mobile,paid_search,Hamburg,7,4,29.7
5439,2026-08-23,desktop,organic_search,Munich,5,4,56.8
5440,2026-07-17,mobile,paid_search,Hamburg,7,14,14.9
5441,2026-04-11,mobile,organic_search,Munich,3,12,44.2
5442,2026-02-20,mobile,paid_search,Zurich,6,20,243.6
5443,2026-03-26,mobile,paid_search,Cologne,3,18,126.5
5444,2026-04-29,mobile,organic_search,Berlin,3,24,139.7
5445,2026-06-01,mobile,affiliate,Salzburg,7,4,58.5
5446,2026-05-14,mobile,paid_search,Vienna,3,19,74.9
5447,2026-04-20,mobile,paid_search,Amsterdam,1,9,129.7
5448,2026-06-03,desktop,direct,Hamburg,5,18,62.9
5449,2026-08-25,desktop,direct,Paris,4,10,57.8
5450,2026-04-11,mobile,organic_search,Munich,7,20,49.0
5451,2026-01-13,mobile,paid_search,Berlin,5,23,185.3
5452,2026-07-25,desktop,affiliate,Frankfurt,6,6,163.6
5453,2026-07-17,tablet,email,Frankfurt,5,19,303.5
5454,2026-05-23,desktop,organic_search,Rome,1,5,29.6
5455,2026-01-06,desktop,organic_search,Cologne,5,11,58.8
5456,2026-08-04,mobile,organic_search,Zurich,5,16,156.3
5457,2026-02-14,mobile,affiliate,Berlin,6,7,373.8
5458,2026-08-22,mobile,affiliate,Zurich,1,21,195.3
5459,2026-02-12,mobile,paid_search,Barcelona,3,22,22.8
5460,2026-01-01,mobile,direct,Amsterdam,2,19,304.9
5461,2026-03-24,mobile,organic_search,Vienna,4,9,207.9
5462,2026-04-30,desktop,direct,Salzburg,7,22,100.1
5463,2026-07-31,tablet,organic_search,Zurich,3,16,163.7
5464,2026-01-11,mobile,organic_search,Vienna,1,18,262.9
5465,2026-03-01,mobile,paid_search,Vienna,2,18,80.5
5466,2026-06-09,mobile,email,Paris,6,5,171.3
5467,2026-05-05,mobile,organic_search,Frankfurt,3,20,348.8
5468,2026-07-26,mobile,paid_search,Paris,2,23,23.6
5469,2026-04-26,mobile,direct,Munich,3,16,170.7
5470,2026-05-31,desktop,paid_search,Vienna,5,11,233.8
5471,2026-02-27,desktop,organic_search,Rome,3,11,75.2
5472,2026-04-06,desktop,paid_search,Hamburg,2,20,61.8
5473,2026-04-23,mobile,organic_search,Munich,6,6,29.1
5474,2026-05-26,mobile,paid_search,Zurich,4,20,53.4
5475,2026-07-24,mobile,email,Salzburg,3,7,20.3
5476,2026-03-22,desktop,direct,Vienna,6,14,33.6
5477,2026-06-19,desktop,direct,Paris,4,15,66.2
5478,2026-02-19,desktop,organic_search,Frankfurt,2,23,30.5
5479,2026-04-05,desktop,direct,Cologne,4,13,95.0
5480,2026-01-20,mobile,organic_search,Frankfurt,6,15,92.1
5481,2026-03-07,desktop,email,Vienna,2,11,22.3
5482,2026-07-11,mobile,direct,Amsterdam,2,21,101.5
5483,2026-05-05,desktop,direct,Amsterdam,4,14,137.2
5484,2026-08-08,mobile,organic_search,Frankfurt,7,6,212.8
5485,2026-02-24,mobile,paid_search,Cologne,7,21,252.5
5486,2026-04-15,desktop,organic_search,Zurich,7,24,207.6
5487,2026-02-07,mobile,paid_search,Hamburg,2,3,132.7
5488,2026-03-11,desktop,organic_search,Munich,6,11,117.0
5489,2026-01-11,mobile,organic_search,Munich,4,6,154.5
5490,2026-02-21,desktop,organic_search,Cologne,3,14,73.7
5491,2026-01-03,mobile,direct,Berlin,4,3,96.5
5492,2026-06-12,mobile,organic_search,Zurich,6,7,53.3
5493,2026-08-24,desktop,affiliate,Cologne,5,10,68.0
5494,2026-01-12,mobile,paid_search,Berlin,6,4,73.9
5495,2026-03-29,mobile,paid_search,Amsterdam,4,6,17.4
5496,2026-08-04,mobile,paid_search,Rome,2,15,179.9
5497,2026-01-10,mobile,paid_search,Berlin,2,9,91.0
5498,2026-06-22,mobile,organic_search,Hamburg,2,14,162.6
5499,2026-05-21,desktop,paid_search,Barcelona,3,4,60.6
5500,2026-07-20,mobile,organic_search,Barcelona,1,22,76.3
5501,2026-04-24,mobile,paid_search,Vienna,2,10,93.1
5502,2026-01-20,mobile,paid_search,Vienna,5,5,94.5
5503,2026-05-20,mobile,organic_search,Salzburg,1,11,59.4
5504,2026-08-23,mobile,direct,Salzburg,5,10,159.1
5505,2026-05-12,mobile,direct,Cologne,2,23,17.5
5506,2026-01-13,desktop,organic_search,Barcelona,2,7,155.0
5507,2026-01-25,mobile,paid_search,Zurich,1,15,15.0
5508,2026-04-29,mobile,affiliate,Vienna,5,6,184.2
5509,2026-07-01,desktop,email,Barcelona,1,21,12.5
5510,2026-02-21,desktop,organic_search,Hamburg,7,21,67.3
5511,2026-04-02,tablet,organic_search,Munich,1,16,109.8
5512,2026-08-22,desktop,organic_search,Cologne,3,14,76.8
5513,2026-08-30,mobile,direct,Rome,3,12,10.6
5514,2026-08-04,mobile,email,Amsterdam,1,24,27.6
5515,2026-05-24,mobile,organic_search,Zurich,2,22,134.4
5516,2026-08-05,mobile,direct,Salzburg,4,16,76.8
5517,2026-04-29,mobile,direct,Zurich,4,20,150.0
5518,2026-08-29,mobile,organic_search,Paris,3,17,110.7
5519,2026-03-29,mobile,organic_search,Salzburg,2,3,66.9
5520,2026-08-10,tablet,organic_search,Cologne,7,15,44.7
5521,2026-05-11,mobile,paid_search,Munich,6,7,252.0
5522,2026-08-14,mobile,organic_search,Munich,3,15,109.3
5523,2026-04-25,mobile,paid_search,Vienna,1,24,84.8
5524,2026-08-03,mobile,affiliate,Zurich,3,11,276.6
5525,2026-05-08,mobile,paid_search,Hamburg,6,19,186.5
5526,2026-07-17,mobile,paid_search,Munich,6,24,300.8
5527,2026-08-23,mobile,direct,Salzburg,1,12,175.5
5528,2026-01-20,desktop,affiliate,Munich,2,18,157.1
5529,2026-04-09,mobile,direct,Rome,7,16,120.3
5530,2026-01-02,mobile,direct,Rome,3,8,137.5
5531,2026-03-09,desktop,organic_search,Vienna,5,19,24.1
5532,2026-01-13,mobile,organic_search,Barcelona,6,11,34.5
5533,2026-04-13,mobile,affiliate,Hamburg,7,11,27.1
5534,2026-03-25,mobile,affiliate,Munich,7,5,115.7
5535,2026-01-13,desktop,paid_search,Salzburg,1,3,116.1
5536,2026-04-03,mobile,email,Barcelona,3,9,134.2
5537,2026-04-21,tablet,organic_search,Frankfurt,5,16,153.5
5538,2026-01-06,mobile,organic_search,Hamburg,1,23,162.2
5539,2026-08-11,mobile,direct,Paris,1,5,124.7
5540,2026-03-17,mobile,paid_search,Vienna,4,10,133.6
5541,2026-02-18,desktop,organic_search,Vienna,3,8,66.8
5542,2026-01-14,mobile,paid_search,Cologne,2,14,27.1
5543,2026-01-22,mobile,direct,Barcelona,7,14,70.0
5544,2026-06-17,desktop,paid_search,Hamburg,4,22,251.9
5545,2026-01-04,tablet,organic_search,Vienna,3,20,32.4
5546,2026-01-23,mobile,affiliate,Munich,7,13,63.6
5547,2026-06-05,mobile,affiliate,Hamburg,5,7,166.7
5548,2026-03-25,mobile,email,Paris,2,15,26.1
5549,2026-07-05,mobile,direct,Zurich,4,7,200.1
5550,2026-06-19,mobile,affiliate,Hamburg,6,24,7.7
5551,2026-06-12,mobile,email,Berlin,3,12,77.5
5552,2026-01-17,mobile,paid_search,Cologne,2,12,135.5
5553,2026-06-05,desktop,paid_search,Barcelona,1,6,222.6
5554,2026-08-06,mobile,direct,Zurich,4,17,76.9
5555,2026-07-17,mobile,organic_search,Rome,7,8,172.0
5556,2026-08-15,desktop,organic_search,Amsterdam,1,9,112.9
5557,2026-07-26,mobile,affiliate,Salzburg,5,9,155.1
5558,2026-08-11,mobile,paid_search,Paris,1,8,111.1
5559,2026-03-23,mobile,organic_search,Hamburg,7,20,120.3
5560,2026-03-03,tablet,affiliate,Munich,2,22,221.3
5561,2026-05-21,desktop,email,Hamburg,5,17,84.9
5562,2026-02-15,mobile,direct,Zurich,7,23,134.8
5563,2026-06-09,mobile,affiliate,Amsterdam,1,10,20.5
5564,2026-08-28,mobile,email,Amsterdam,4,22,141.1
5565,2026-03-24,mobile,organic_search,Hamburg,4,23,26.4
5566,2026-03-25,mobile,direct,Amsterdam,1,4,32.5
5567,2026-06-03,desktop,organic_search,Salzburg,2,9,169.0
5568,2026-05-28,desktop,direct,Paris,5,14,145.9
5569,2026-06-09,mobile,organic_search,Rome,7,14,39.6
5570,2026-04-08,mobile,paid_search,Munich,6,16,50.5
5571,2026-01-01,mobile,email,Barcelona,2,16,38.1
5572,2026-02-27,desktop,organic_search,Munich,5,5,257.4
5573,2026-01-21,mobile,affiliate,Berlin,4,24,190.5
5574,2026-02-09,desktop,organic_search,Hamburg,3,3,38.7
5575,2026-06-27,tablet,organic_search,Amsterdam,7,21,114.6
5576,2026-01-26,mobile,organic_search,Rome,2,14,73.4
5577,2026-01-19,desktop,email,Berlin,1,11,42.3
5578,2026-02-18,mobile,paid_search,Paris,2,12,66.3
5579,2026-05-03,mobile,paid_search,Cologne,6,14,97.4
5580,2026-01-09,mobile,email,Cologne,3,3,26.1
5581,2026-01-11,desktop,paid_search,Frankfurt,5,13,56.4
5582,2026-08-06,mobile,affiliate,Berlin,3,24,219.9
5583,2026-07-20,desktop,organic_search,Vienna,4,9,190.7
5584,2026-02-22,desktop,organic_search,Amsterdam,2,10,118.9
5585,2026-05-15,mobile,direct,Zurich,1,13,95.3
5586,2026-07-04,desktop,affiliate,Amsterdam,2,23,67.9
5587,2026-02-19,desktop,direct,Paris,6,4,159.1
5588,2026-05-12,tablet,organic_search,Salzburg,7,9,30.9
5589,2026-07-28,desktop,email,Hamburg,1,4,97.5
5590,2026-01-14,desktop,organic_search,Cologne,4,5,9.0
5591,2026-01-30,mobile,paid_search,Amsterdam,6,4,60.0
5592,2026-07-23,mobile,direct,Zurich,5,10,114.2
5593,2026-08-08,mobile,paid_search,Hamburg,5,5,297.2
5594,2026-06-11,desktop,email,Amsterdam,3,20,123.3
5595,2026-08-24,desktop,direct,Cologne,2,9,151.9
5596,2026-06-29,mobile,email,Munich,2,12,238.6
5597,2026-06-09,mobile,organic_search,Barcelona,4,17,79.4
5598,2026-01-06,mobile,direct,Cologne,5,10,35.5
5599,2026-07-22,mobile,direct,Berlin,5,21,57.0
5600,2026-03-19,mobile,paid_search,Paris,4,17,134.6
5601,2026-07-19,mobile,paid_search,Berlin,3,20,67.1
5602,2026-01-01,mobile,affiliate,Hamburg,6,17,168.1
5603,2026-04-20,mobile,organic_search,Frankfurt,6,10,117.7
5604,2026-05-31,desktop,organic_search,Salzburg,1,15,40.9
5605,2026-01-30,mobile,paid_search,Vienna,7,3,74.9
5606,2026-03-31,tablet,email,Cologne,1,7,213.5
5607,2026-01-21,mobile,affiliate,Frankfurt,6,4,100.5
5608,2026-04-24,mobile,email,Barcelona,6,4,224.3
5609,2026-01-26,mobile,direct,Zurich,1,20,34.8
5610,2026-03-01,mobile,organic_search,Vienna,4,7,644.9
5611,2026-05-05,mobile,direct,Amsterdam,3,22,97.9
5612,2026-04-20,desktop,direct,Vienna,1,23,189.6
5613,2026-01-09,desktop,paid_search,Zurich,7,23,277.9
5614,2026-07-16,desktop,email,Zurich,4,16,222.5
5615,2026-04-27,mobile,affiliate,Amsterdam,3,24,87.2
5616,2026-03-13,mobile,affiliate,Cologne,1,5,169.8
5617,2026-03-11,mobile,organic_search,Salzburg,2,21,247.1
5618,2026-01-25,tablet,organic_search,Hamburg,4,5,177.4
5619,2026-07-30,desktop,organic_search,Vienna,2,10,40.7
5620,2026-07-03,mobile,paid_search,Berlin,1,10,161.2
5621,2026-01-22,mobile,direct,Munich,6,13,111.6
5622,2026-08-01,desktop,paid_search,Cologne,1,17,71.4
5623,2026-06-14,mobile,paid_search,Paris,2,21,241.2
5624,2026-06-16,mobile,direct,Amsterdam,2,16,27.2
5625,2026-01-20,mobile,organic_search,Zurich,4,22,180.8
5626,2026-03-10,desktop,affiliate,Barcelona,6,16,92.3
5627,2026-05-08,mobile,organic_search,Hamburg,4,10,213.3
5628,2026-06-12,mobile,paid_search,Paris,1,15,71.2
5629,2026-03-22,tablet,email,Amsterdam,7,16,174.5
5630,2026-07-13,desktop,direct,Vienna,6,13,52.7
5631,2026-05-13,mobile,organic_search,Salzburg,5,6,109.7
5632,2026-07-23,tablet,organic_search,Frankfurt,6,9,100.3
5633,2026-01-18,mobile,direct,Frankfurt,7,3,162.3
5634,2026-03-11,desktop,direct,Paris,6,16,105.3
5635,2026-05-02,desktop,email,Zurich,2,10,102.4
5636,2026-07-10,mobile,organic_search,Salzburg,4,20,57.9
5637,2026-05-04,mobile,email,Hamburg,7,23,224.3
5638,2026-03-12,mobile,paid_search,Barcelona,5,24,225.1
5639,2026-07-24,desktop,paid_search,Paris,2,17,285.2
5640,2026-01-09,mobile,direct,Barcelona,3,23,105.8
5641,2026-01-14,mobile,email,Vienna,2,22,47.5
5642,2026-03-28,desktop,paid_search,Rome,4,23,67.9
5643,2026-01-30,desktop,organic_search,Salzburg,7,10,201.8
5644,2026-03-16,mobile,direct,Frankfurt,3,9,186.2
5645,2026-08-26,mobile,paid_search,Munich,4,4,14.6
5646,2026-04-13,mobile,affiliate,Zurich,7,15,15.7
5647,2026-04-28,mobile,paid_search,Rome,3,10,30.0
5648,2026-04-07,desktop,direct,Paris,7,21,69.1
5649,2026-06-21,mobile,email,Amsterdam,5,12,71.1
5650,2026-04-04,desktop,organic_search,Cologne,1,7,106.0
5651,2026-03-12,mobile,organic_search,Munich,6,17,59.9
5652,2026-01-04,tablet,direct,Amsterdam,3,8,71.4
5653,2026-06-02,desktop,direct,Vienna,4,24,111.4
5654,2026-07-12,desktop,email,Vienna,1,15,121.8
5655,2026-04-13,mobile,organic_search,Cologne,6,9,77.5
5656,2026-03-18,tablet,paid_search,Berlin,2,16,32.5
5657,2026-07-21,mobile,organic_search,Vienna,5,19,211.4
5658,2026-08-18,mobile,direct,Frankfurt,1,10,63.1
5659,2026-04-16,mobile,organic_search,Frankfurt,7,22,225.6
5660,2026-02-19,mobile,paid_search,Munich,6,5,245.2
5661,2026-06-13,desktop,paid_search,Barcelona,7,8,162.4
5662,2026-05-31,mobile,paid_search,Zurich,5,6,224.4
5663,2026-03-22,mobile,organic_search,Salzburg,5,20,115.3
5664,2026-07-15,tablet,direct,Berlin,6,12,109.9
5665,2026-02-19,mobile,paid_search,Vienna,5,23,161.8
5666,2026-01-12,desktop,organic_search,Frankfurt,7,8,108.2
5667,2026-02-22,desktop,direct,Hamburg,1,20,57.4
5668,2026-06-29,desktop,affiliate,Paris,4,18,119.3
5669,2026-05-17,desktop,affiliate,Paris,6,11,89.5
5670,2026-06-16,mobile,email,Paris,2,23,250.1
5671,2026-04-29,mobile,direct,Cologne,7,15,68.5
5672,2026-01-29,mobile,email,Hamburg,5,13,5.5
5673,2026-06-19,mobile,direct,Berlin,4,19,234.9
5674,2026-06-11,mobile,paid_search,Salzburg,1,22,23.6
5675,2026-07-25,mobile,organic_search,Cologne,3,20,27.6
5676,2026-01-31,desktop,direct,Rome,7,6,72.6
5677,2026-01-09,mobile,direct,Hamburg,5,18,36.8
5678,2026-03-15,desktop,email,Paris,6,14,78.5
5679,2026-07-13,mobile,affiliate,Frankfurt,2,24,75.4
5680,2026-01-25,mobile,paid_search,Rome,3,22,283.6
5681,2026-07-28,desktop,affiliate,Barcelona,1,21,84.7
5682,2026-08-18,mobile,organic_search,Amsterdam,6,5,301.4
5683,2026-06-22,tablet,organic_search,Frankfurt,7,7,15.1
5684,2026-08-21,mobile,paid_search,Amsterdam,3,22,180.9
5685,2026-06-14,mobile,affiliate,Vienna,1,24,70.8
5686,2026-01-22,mobile,affiliate,Paris,7,19,191.0
5687,2026-08-16,mobile,paid_search,Barcelona,5,18,213.1
5688,2026-07-12,mobile,direct,Salzburg,4,14,142.1
5689,2026-08-04,mobile,paid_search,Salzburg,3,23,276.1
5690,2026-01-30,desktop,email,Berlin,3,4,98.8
5691,2026-03-30,tablet,email,Amsterdam,1,13,228.4
5692,2026-02-18,mobile,organic_search,Barcelona,5,5,76.5
5693,2026-06-05,mobile,organic_search,Vienna,2,22,75.9
5694,2026-05-29,mobile,organic_search,Vienna,2,11,213.2
5695,2026-05-10,desktop,affiliate,Frankfurt,6,24,37.9
5696,2026-02-10,mobile,direct,Salzburg,2,4,125.2
5697,2026-01-26,desktop,organic_search,Salzburg,1,21,138.0
5698,2026-08-26,mobile,direct,Rome,4,7,213.9
5699,2026-02-25,mobile,paid_search,Paris,2,20,69.0
5700,2026-08-20,mobile,direct,Cologne,6,20,190.0
5701,2026-05-03,mobile,direct,Munich,6,7,51.6
5702,2026-01-05,desktop,direct,Salzburg,3,11,162.4
5703,2026-04-20,desktop,organic_search,Rome,7,5,82.8
5704,2026-08-01,desktop,affiliate,Hamburg,6,16,70.5
5705,2026-05-19,mobile,email,Zurich,5,19,182.7
5706,2026-08-17,mobile,organic_search,Berlin,3,3,27.0
5707,2026-07-12,desktop,direct,Paris,4,18,126.9
5708,2026-08-03,desktop,paid_search,Munich,3,9,22.9
5709,2026-07-14,mobile,paid_search,Hamburg,3,16,86.3
5710,2026-06-17,mobile,organic_search,Cologne,5,23,43.9
5711,2026-03-07,mobile,paid_search,Frankfurt,6,12,80.9
5712,2026-05-31,mobile,direct,Barcelona,5,18,60.0
5713,2026-03-06,mobile,organic_search,Munich,2,4,72.4
5714,2026-06-04,mobile,paid_search,Munich,4,4,41.8
5715,2026-05-29,mobile,direct,Berlin,1,15,60.8
5716,2026-07-12,mobile,organic_search,Munich,3,16,18.5
5717,2026-04-02,mobile,affiliate,Vienna,5,14,204.5
5718,2026-03-13,mobile,direct,Hamburg,1,18,42.1
5719,2026-08-21,desktop,direct,Munich,7,18,156.5
5720,2026-03-22,mobile,paid_search,Amsterdam,6,24,118.0
5721,2026-06-03,mobile,organic_search,Zurich,7,4,1.9
5722,2026-08-03,mobile,affiliate,Berlin,3,12,199.8
5723,2026-03-04,mobile,organic_search,Salzburg,3,11,136.6
5724,2026-04-03,mobile,direct,Frankfurt,1,14,130.8
5725,2026-01-26,desktop,organic_search,Paris,7,12,87.9
5726,2026-02-12,mobile,direct,Amsterdam,2,19,201.1
5727,2026-06-25,desktop,paid_search,Rome,1,13,79.8
5728,2026-01-29,mobile,paid_search,Zurich,1,11,140.2
5729,2026-03-19,desktop,affiliate,Cologne,1,3,136.0
5730,2026-02-03,mobile,affiliate,Vienna,1,10,112.6
5731,2026-02-16,mobile,organic_search,Paris,4,15,31.5
5732,2026-07-13,desktop,email,Amsterdam,3,24,127.7
5733,2026-03-03,mobile,organic_search,Berlin,5,7,69.2
5734,2026-05-01,mobile,direct,Hamburg,1,19,251.0
5735,2026-06-18,desktop,email,Amsterdam,2,23,195.6
5736,2026-08-13,desktop,paid_search,Vienna,4,14,191.0
5737,2026-06-09,mobile,direct,Salzburg,5,16,80.0
5738,2026-04-07,mobile,direct,Vienna,7,7,344.2
5739,2026-01-25,mobile,paid_search,Frankfurt,1,21,94.6
5740,2026-04-17,mobile,email,Frankfurt,4,17,60.2
5741,2026-06-10,mobile,direct,Barcelona,7,13,98.3
5742,2026-01-04,mobile,direct,Vienna,5,17,62.5
5743,2026-05-30,tablet,organic_search,Frankfurt,4,11,131.1
5744,2026-01-03,tablet,organic_search,Paris,7,7,91.8
5745,2026-07-13,mobile,direct,Salzburg,7,8,355.5
5746,2026-08-21,mobile,email,Amsterdam,4,3,23.0
5747,2026-01-22,tablet,direct,Amsterdam,5,11,197.2
5748,2026-08-15,desktop,paid_search,Cologne,7,12,321.6
5749,2026-03-07,mobile,email,Cologne,6,23,54.5
5750,2026-01-19,mobile,email,Salzburg,4,12,161.2
5751,2026-07-14,desktop,direct,Munich,7,23,73.0
5752,2026-03-18,tablet,organic_search,Cologne,1,5,78.5
5753,2026-04-17,mobile,direct,Amsterdam,4,23,295.1
5754,2026-08-27,mobile,paid_search,Hamburg,6,12,68.2
5755,2026-08-08,desktop,paid_search,Hamburg,3,19,141.8
5756,2026-05-10,mobile,email,Paris,7,8,273.6
5757,2026-06-17,mobile,affiliate,Hamburg,3,6,242.2
5758,2026-03-09,desktop,direct,Zurich,6,15,143.7
5759,2026-01-14,mobile,paid_search,Hamburg,3,18,145.9
5760,2026-06-20,mobile,organic_search,Rome,6,8,25.2
5761,2026-04-20,mobile,organic_search,Amsterdam,2,10,170.5
5762,2026-08-13,mobile,organic_search,Amsterdam,3,12,63.5
5763,2026-03-13,mobile,organic_search,Cologne,7,12,93.1
5764,2026-02-23,mobile,direct,Zurich,6,24,217.6
5765,2026-07-04,desktop,organic_search,Amsterdam,4,13,93.9
5766,2026-05-09,mobile,organic_search,Zurich,1,19,234.5
5767,2026-02-06,mobile,affiliate,Salzburg,5,8,43.9
5768,2026-06-05,mobile,direct,Salzburg,3,17,28.7
5769,2026-08-02,mobile,direct,Salzburg,1,7,37.5
5770,2026-06-01,mobile,paid_search,Salzburg,2,18,7.6
5771,2026-06-26,mobile,affiliate,Rome,7,5,17.3
5772,2026-02-10,mobile,direct,Hamburg,6,9,219.0
5773,2026-05-22,mobile,organic_search,Salzburg,1,12,391.9
5774,2026-06-17,desktop,direct,Barcelona,6,23,205.9
5775,2026-05-16,mobile,paid_search,Hamburg,4,16,80.2
5776,2026-08-16,mobile,affiliate,Munich,6,7,66.1
5777,2026-08-19,mobile,paid_search,Paris,7,22,215.8
5778,2026-05-11,mobile,direct,Barcelona,5,20,24.5
5779,2026-07-29,mobile,email,Cologne,1,3,70.8
5780,2026-01-19,mobile,organic_search,Berlin,2,5,366.7
5781,2026-08-12,desktop,affiliate,Vienna,6,3,56.7
5782,2026-02-06,mobile,paid_search,Amsterdam,2,8,92.6
5783,2026-07-18,desktop,email,Frankfurt,6,19,41.3
5784,2026-04-18,mobile,direct,Amsterdam,4,6,108.1
5785,2026-03-26,desktop,paid_search,Amsterdam,4,20,127.4
5786,2026-07-23,mobile,organic_search,Cologne,5,11,112.3
5787,2026-02-11,mobile,organic_search,Vienna,3,3,238.5
5788,2026-05-20,desktop,direct,Barcelona,4,15,38.9
5789,2026-03-14,desktop,organic_search,Frankfurt,6,19,122.1
5790,2026-03-06,mobile,organic_search,Frankfurt,6,10,74.6
5791,2026-08-21,tablet,paid_search,Zurich,7,15,120.2
5792,2026-02-09,mobile,organic_search,Frankfurt,2,20,20.5
5793,2026-08-22,mobile,paid_search,Vienna,2,10,62.0
5794,2026-01-07,mobile,paid_search,Zurich,7,11,23.0
5795,2026-02-19,mobile,organic_search,Berlin,1,17,119.6
5796,2026-04-01,desktop,direct,Amsterdam,6,23,63.0
5797,2026-02-24,mobile,organic_search,Zurich,1,9,17.1
5798,2026-03-04,mobile,organic_search,Barcelona,4,7,100.5
5799,2026-06-09,desktop,organic_search,Munich,7,12,106.1
5800,2026-01-15,mobile,organic_search,Berlin,5,4,70.0
5801,2026-05-14,mobile,organic_search,Paris,4,13,155.0
5802,2026-04-09,mobile,direct,Berlin,5,10,178.9
5803,2026-05-17,desktop,paid_search,Amsterdam,4,9,252.7
5804,2026-03-25,mobile,organic_search,Amsterdam,1,9,265.8
5805,2026-08-08,tablet,paid_search,Frankfurt,2,10,192.8
5806,2026-03-21,mobile,email,Frankfurt,5,9,176.1
5807,2026-05-15,mobile,paid_search,Berlin,3,22,156.3
5808,2026-04-16,mobile,affiliate,Barcelona,3,6,45.5
5809,2026-05-21,mobile,organic_search,Cologne,5,11,163.6
5810,2026-04-06,mobile,direct,Paris,1,10,33.3
5811,2026-06-10,mobile,paid_search,Zurich,2,9,193.4
5812,2026-02-19,mobile,direct,Berlin,5,6,223.1
5813,2026-05-04,mobile,paid_search,Rome,4,14,53.3
5814,2026-07-26,desktop,paid_search,Rome,5,14,93.4
5815,2026-05-21,desktop,affiliate,Amsterdam,1,5,107.6
5816,2026-02-18,mobile,paid_search,Paris,5,24,140.8
5817,2026-06-30,mobile,direct,Barcelona,6,15,179.7
5818,2026-03-19,desktop,organic_search,Zurich,7,19,233.8
5819,2026-08-10,mobile,paid_search,Munich,2,21,118.7
5820,2026-07-19,mobile,paid_search,Vienna,6,8,63.3
5821,2026-08-14,mobile,direct,Hamburg,7,13,113.1
5822,2026-07-22,mobile,affiliate,Frankfurt,3,20,65.0
5823,2026-06-11,mobile,direct,Barcelona,7,3,63.2
5824,2026-06-09,mobile,direct,Rome,4,9,91.0
5825,2026-03-07,mobile,paid_search,Frankfurt,1,22,40.8
5826,2026-03-31,mobile,organic_search,Hamburg,6,17,150.4
5827,2026-07-29,tablet,direct,Rome,4,19,173.8
5828,2026-05-30,mobile,paid_search,Zurich,1,13,399.5
5829,2026-06-17,tablet,email,Berlin,2,24,87.3
5830,2026-02-21,mobile,email,Vienna,4,17,41.6
5831,2026-03-30,desktop,organic_search,Zurich,4,20,234.4
5832,2026-03-02,mobile,organic_search,Munich,4,15,119.7
5833,2026-06-01,tablet,paid_search,Salzburg,5,21,3.8
5834,2026-05-06,mobile,organic_search,Salzburg,6,18,77.2
5835,2026-04-13,mobile,organic_search,Barcelona,6,23,86.0
5836,2026-07-05,desktop,paid_search,Frankfurt,4,4,66.0
5837,2026-07-21,mobile,direct,Hamburg,5,8,210.5
5838,2026-08-14,desktop,organic_search,Frankfurt,6,11,56.9
5839,2026-03-23,mobile,affiliate,Hamburg,2,24,341.7
5840,2026-04-27,mobile,direct,Barcelona,3,9,159.5
5841,2026-04-17,mobile,direct,Vienna,4,8,101.9
5842,2026-08-14,mobile,organic_search,Salzburg,2,16,13.7
5843,2026-07-11,desktop,organic_search,Zurich,7,24,118.8
5844,2026-08-12,tablet,paid_search,Rome,4,24,148.3
5845,2026-02-18,desktop,email,Munich,1,20,51.3
5846,2026-05-12,tablet,email,Berlin,1,20,70.3
5847,2026-05-17,mobile,organic_search,Rome,1,19,162.2
5848,2026-04-14,mobile,paid_search,Paris,2,11,137.1
5849,2026-04-19,mobile,paid_search,Rome,2,8,67.2
5850,2026-07-24,desktop,paid_search,Hamburg,1,17,95.4
5851,2026-03-30,desktop,affiliate,Munich,6,9,36.1
5852,2026-04-18,mobile,direct,Frankfurt,3,23,66.5
5853,2026-01-27,mobile,paid_search,Rome,7,6,85.6
5854,2026-06-03,mobile,organic_search,Rome,1,21,68.8
5855,2026-01-03,desktop,organic_search,Rome,2,9,38.4
5856,2026-06-30,desktop,paid_search,Cologne,5,16,307.3
5857,2026-05-29,desktop,direct,Hamburg,3,23,31.0
5858,2026-08-21,desktop,direct,Cologne,6,7,114.9
5859,2026-05-16,desktop,email,Rome,7,13,252.8
5860,2026-06-24,tablet,direct,Berlin,3,15,56.0
5861,2026-08-15,mobile,email,Salzburg,5,24,9.8
5862,2026-02-25,desktop,direct,Munich,4,3,106.5
5863,2026-03-14,mobile,email,Barcelona,3,16,63.8
5864,2026-05-07,mobile,paid_search,Cologne,1,24,65.0
5865,2026-01-10,mobile,organic_search,Zurich,5,3,169.5
5866,2026-02-28,mobile,email,Vienna,3,11,167.3
5867,2026-04-23,mobile,organic_search,Cologne,2,10,81.8
5868,2026-03-01,mobile,organic_search,Barcelona,1,4,68.0
5869,2026-01-11,desktop,paid_search,Amsterdam,5,10,115.7
5870,2026-06-30,desktop,paid_search,Barcelona,3,13,54.7
5871,2026-03-04,mobile,organic_search,Amsterdam,1,12,83.6
5872,2026-01-05,desktop,direct,Barcelona,4,15,96.8
5873,2026-06-11,mobile,organic_search,Amsterdam,5,17,305.8
5874,2026-02-24,desktop,organic_search,Munich,6,12,57.1
5875,2026-04-21,desktop,affiliate,Barcelona,4,8,81.2
5876,2026-07-04,tablet,organic_search,Frankfurt,2,23,176.6
5877,2026-03-21,desktop,paid_search,Zurich,4,11,181.3
5878,2026-05-22,mobile,organic_search,Berlin,6,23,79.7
5879,2026-07-13,mobile,affiliate,Vienna,4,24,7.9
5880,2026-06-28,desktop,organic_search,Frankfurt,2,16,200.6
5881,2026-03-23,mobile,organic_search,Cologne,7,10,208.1
5882,2026-04-07,mobile,paid_search,Vienna,7,24,120.2
5883,2026-02-08,desktop,organic_search,Rome,4,14,19.3
5884,2026-02-07,desktop,organic_search,Amsterdam,6,10,68.3
5885,2026-03-09,mobile,organic_search,Barcelona,2,14,46.2
5886,2026-08-17,mobile,paid_search,Salzburg,6,18,56.0
5887,2026-08-19,desktop,email,Rome,2,7,90.6
5888,2026-07-26,mobile,paid_search,Amsterdam,6,7,303.4
5889,2026-03-02,mobile,direct,Munich,2,13,64.3
5890,2026-05-24,mobile,affiliate,Zurich,4,16,222.3
5891,2026-03-29,mobile,email,Frankfurt,6,7,200.6
5892,2026-03-08,desktop,email,Vienna,1,4,30.0
5893,2026-02-12,desktop,direct,Frankfurt,2,5,17.0
5894,2026-08-20,desktop,organic_search,Berlin,2,4,67.8
5895,2026-06-06,mobile,organic_search,Rome,2,20,152.7
5896,2026-06-19,desktop,organic_search,Hamburg,6,16,200.3
5897,2026-03-09,desktop,direct,Cologne,7,18,226.5
5898,2026-08-25,mobile,paid_search,Zurich,3,14,109.6
5899,2026-02-20,mobile,paid_search,Paris,6,8,208.3
5900,2026-02-14,mobile,email,Cologne,2,12,28.5
5901,2026-05-23,desktop,organic_search,Barcelona,3,5,36.0
5902,2026-08-14,desktop,email,Munich,2,11,87.5
5903,2026-07-05,desktop,paid_search,Rome,5,24,133.0
5904,2026-08-19,tablet,direct,Hamburg,3,23,76.5
5905,2026-05-24,tablet,organic_search,Munich,4,23,68.1
5906,2026-03-02,desktop,organic_search,Zurich,5,19,91.6
5907,2026-05-01,desktop,paid_search,Paris,5,10,106.6
5908,2026-05-01,tablet,email,Paris,4,19,307.0
5909,2026-08-24,mobile,direct,Frankfurt,7,17,29.5
5910,2026-03-13,mobile,direct,Munich,7,19,58.1
5911,2026-03-10,desktop,paid_search,Berlin,6,9,68.5
5912,2026-04-10,mobile,direct,Hamburg,1,20,256.5
5913,2026-04-25,mobile,paid_search,Zurich,4,11,309.0
5914,2026-05-23,desktop,organic_search,Vienna,7,16,256.1
5915,2026-02-16,desktop,paid_search,Rome,2,14,74.6
5916,2026-07-15,mobile,organic_search,Munich,4,9,68.9
5917,2026-05-02,mobile,direct,Amsterdam,1,8,120.9
5918,2026-04-24,mobile,email,Paris,6,13,330.1
5919,2026-04-28,desktop,email,Amsterdam,4,4,143.1
5920,2026-08-11,desktop,paid_search,Paris,2,3,123.0
5921,2026-07-06,desktop,direct,Paris,1,18,86.2
5922,2026-05-17,mobile,direct,Frankfurt,1,22,132.1
5923,2026-04-21,desktop,direct,Paris,7,7,15.9
5924,2026-02-25,desktop,organic_search,Hamburg,6,3,178.0
5925,2026-02-04,mobile,paid_search,Barcelona,4,9,103.3
5926,2026-08-17,tablet,paid_search,Paris,7,19,186.9
5927,2026-08-18,mobile,email,Barcelona,2,24,116.4
5928,2026-03-09,mobile,email,Barcelona,1,11,288.7
5929,2026-03-06,mobile,direct,Frankfurt,2,16,47.2
5930,2026-07-27,mobile,organic_search,Amsterdam,4,24,30.0
5931,2026-03-01,mobile,paid_search,Vienna,2,8,58.0
5932,2026-06-15,tablet,email,Hamburg,7,6,61.1
5933,2026-08-07,mobile,organic_search,Salzburg,4,9,195.6
5934,2026-08-13,mobile,email,Rome,2,19,182.1
5935,2026-06-10,desktop,organic_search,Vienna,4,7,305.4
5936,2026-01-28,desktop,affiliate,Vienna,7,3,36.8
5937,2026-08-03,desktop,affiliate,Barcelona,5,22,126.1
5938,2026-02-18,desktop,affiliate,Paris,1,20,166.8
5939,2026-03-11,tablet,paid_search,Paris,3,20,16.4
5940,2026-02-12,desktop,email,Rome,7,16,44.2
5941,2026-01-13,mobile,paid_search,Hamburg,5,15,101.7
5942,2026-02-16,mobile,organic_search,Hamburg,5,7,22.6
5943,2026-04-15,mobile,paid_search,Barcelona,3,5,218.2
5944,2026-01-04,desktop,email,Barcelona,7,16,276.1
5945,2026-03-01,mobile,organic_search,Zurich,3,19,273.1
5946,2026-02-06,mobile,paid_search,Amsterdam,2,21,85.5
5947,2026-06-26,mobile,direct,Amsterdam,1,21,8.8
5948,2026-06-15,mobile,email,Hamburg,6,18,38.3
5949,2026-02-22,mobile,organic_search,Salzburg,6,14,69.5
5950,2026-07-29,tablet,organic_search,Zurich,1,13,33.7
5951,2026-01-19,desktop,organic_search,Amsterdam,4,7,171.2
5952,2026-02-08,desktop,direct,Hamburg,2,9,12.6
5953,2026-04-25,mobile,direct,Zurich,2,18,58.9
5954,2026-08-08,tablet,paid_search,Vienna,7,16,54.5
5955,2026-03-10,mobile,paid_search,Zurich,4,10,277.0
5956,2026-08-22,mobile,paid_search,Hamburg,5,11,58.6
5957,2026-03-03,mobile,organic_search,Paris,3,23,103.5
5958,2026-06-03,mobile,organic_search,Frankfurt,5,11,102.1
5959,2026-03-18,mobile,paid_search,Berlin,2,21,105.2
5960,2026-05-25,mobile,affiliate,Cologne,3,12,187.2
5961,2026-03-16,mobile,paid_search,Cologne,5,11,88.3
5962,2026-03-01,desktop,paid_search,Frankfurt,2,16,172.4
5963,2026-04-17,desktop,email,Zurich,4,3,53.0
5964,2026-03-21,desktop,paid_search,Berlin,4,10,111.5
5965,2026-05-20,desktop,organic_search,Frankfurt,4,23,55.1
5966,2026-04-29,desktop,paid_search,Munich,2,20,60.4
5967,2026-05-11,mobile,organic_search,Vienna,4,24,70.8
5968,2026-02-05,tablet,affiliate,Frankfurt,2,21,191.0
5969,2026-05-25,mobile,affiliate,Vienna,5,13,16.9
5970,2026-06-26,desktop,organic_search,Frankfurt,3,22,20.6
5971,2026-02-01,mobile,paid_search,Barcelona,6,3,93.4
5972,2026-02-18,mobile,organic_search,Rome,3,8,202.4
5973,2026-01-15,mobile,organic_search,Berlin,4,18,132.0
5974,2026-02-24,desktop,organic_search,Frankfurt,4,7,296.5
5975,2026-08-14,desktop,organic_search,Vienna,4,9,95.7
5976,2026-01-24,mobile,direct,Frankfurt,2,7,9.6
5977,2026-02-23,mobile,paid_search,Amsterdam,5,19,157.4
5978,2026-02-03,desktop,direct,Amsterdam,4,20,376.2
5979,2026-07-20,mobile,affiliate,Frankfurt,2,3,74.3
5980,2026-05-21,mobile,email,Zurich,5,7,174.2
5981,2026-01-16,mobile,organic_search,Berlin,6,16,138.6
5982,2026-02-27,desktop,paid_search,Hamburg,4,22,113.5
5983,2026-06-13,desktop,affiliate,Paris,1,23,100.1
5984,2026-07-02,desktop,affiliate,Salzburg,5,20,117.7
5985,2026-05-26,mobile,direct,Frankfurt,2,14,415.3
5986,2026-05-17,mobile,organic_search,Paris,5,4,15.3
5987,2026-04-22,mobile,paid_search,Paris,7,23,98.6
5988,2026-07-22,mobile,organic_search,Berlin,3,19,25.6
5989,2026-04-01,mobile,organic_search,Paris,5,18,147.9
5990,2026-08-22,mobile,organic_search,Munich,6,21,44.2
5991,2026-07-29,mobile,direct,Munich,3,16,65.6
5992,2026-08-13,mobile,direct,Munich,3,19,29.3
5993,2026-06-20,mobile,paid_search,Zurich,6,21,181.6
5994,2026-03-25,tablet,affiliate,Salzburg,7,20,157.2
5995,2026-06-06,mobile,direct,Cologne,3,23,80.8
5996,2026-04-22,mobile,paid_search,Rome,4,7,105.4
5997,2026-08-13,mobile,email,Hamburg,3,21,5.4
5998,2026-08-08,mobile,organic_search,Frankfurt,2,13,127.4
5999,2026-01-17,desktop,paid_search,Salzburg,6,23,86.1
6000,2026-07-02,mobile,organic_search,Rome,1,24,42.7
6001,2026-07-01,mobile,affiliate,Salzburg,4,4,253.9
6002,2026-05-28,mobile,organic_search,Rome,5,22,70.7
6003,2026-08-23,tablet,organic_search,Rome,4,7,7.7
6004,2026-01-20,mobile,direct,Salzburg,1,22,331.2
6005,2026-08-24,mobile,affiliate,Amsterdam,1,8,86.6
6006,2026-01-02,desktop,email,Vienna,3,18,65.4
6007,2026-02-11,desktop,paid_search,Amsterdam,6,24,457.9
6008,2026-06-06,desktop,affiliate,Cologne,2,5,153.1
6009,2026-07-15,mobile,organic_search,Barcelona,3,23,116.4
6010,2026-08-08,desktop,organic_search,Munich,7,20,37.2
6011,2026-01-15,mobile,organic_search,Berlin,4,20,175.3
6012,2026-07-19,mobile,organic_search,Berlin,7,23,63.3
6013,2026-06-17,mobile,direct,Frankfurt,3,20,133.9
6014,2026-04-08,mobile,direct,Munich,4,9,94.9
6015,2026-06-05,mobile,direct,Zurich,5,12,29.9
6016,2026-04-06,mobile,paid_search,Salzburg,6,15,209.4
6017,2026-04-21,desktop,direct,Barcelona,4,5,486.7
6018,2026-02-20,mobile,email,Cologne,3,21,102.4
6019,2026-03-25,mobile,paid_search,Barcelona,7,17,86.0
6020,2026-06-10,mobile,paid_search,Barcelona,3,23,128.9
6021,2026-02-27,desktop,affiliate,Rome,7,14,142.6
6022,2026-07-12,desktop,organic_search,Barcelona,5,3,65.4
6023,2026-03-26,desktop,organic_search,Amsterdam,2,11,110.9
6024,2026-08-12,mobile,paid_search,Munich,5,7,126.4
6025,2026-01-25,desktop,direct,Munich,7,10,98.2
6026,2026-03-26,mobile,organic_search,Paris,1,15,180.5
6027,2026-03-15,mobile,organic_search,Cologne,4,6,206.1
6028,2026-05-19,mobile,paid_search,Paris,7,16,116.4
6029,2026-05-03,mobile,paid_search,Zurich,4,11,197.3
6030,2026-01-16,mobile,affiliate,Salzburg,4,20,193.8
6031,2026-05-05,desktop,paid_search,Zurich,6,23,63.5
6032,2026-05-09,desktop,email,Frankfurt,1,10,80.8
6033,2026-05-20,mobile,paid_search,Berlin,4,7,231.9
6034,2026-05-10,mobile,direct,Hamburg,1,3,196.6
6035,2026-06-25,mobile,paid_search,Vienna,6,16,65.8
6036,2026-06-24,tablet,organic_search,Hamburg,4,12,67.4
6037,2026-01-29,desktop,organic_search,Paris,3,16,25.8
6038,2026-06-04,mobile,organic_search,Vienna,3,8,138.2
6039,2026-07-25,desktop,organic_search,Berlin,6,11,43.9
6040,2026-04-23,mobile,direct,Frankfurt,6,23,57.3
6041,2026-03-30,mobile,email,Frankfurt,4,8,37.2
6042,2026-05-07,desktop,paid_search,Amsterdam,6,15,108.8
6043,2026-02-16,mobile,organic_search,Zurich,1,6,49.3
6044,2026-04-20,desktop,organic_search,Vienna,6,4,58.0
6045,2026-02-13,mobile,paid_search,Paris,5,12,106.6
6046,2026-03-28,desktop,paid_search,Zurich,2,5,117.3
6047,2026-07-15,mobile,affiliate,Berlin,5,14,76.7
6048,2026-08-11,mobile,affiliate,Cologne,5,6,121.1
6049,2026-04-26,mobile,affiliate,Rome,2,3,12.3
6050,2026-08-14,desktop,direct,Amsterdam,7,16,92.0
6051,2026-03-04,mobile,email,Cologne,5,23,100.0
6052,2026-03-03,desktop,email,Cologne,2,24,139.2
6053,2026-08-14,mobile,organic_search,Cologne,7,3,134.2
6054,2026-05-31,desktop,direct,Salzburg,6,16,47.5
6055,2026-05-22,mobile,paid_search,Cologne,4,4,193.3
6056,2026-03-29,mobile,paid_search,Vienna,7,16,507.6
6057,2026-06-03,mobile,paid_search,Rome,3,17,81.3
6058,2026-08-16,mobile,organic_search,Zurich,2,6,183.2
6059,2026-03-01,mobile,direct,Munich,2,20,83.3
6060,2026-07-04,mobile,organic_search,Salzburg,5,22,41.9
6061,2026-04-07,mobile,organic_search,Berlin,2,13,279.7
6062,2026-03-26,mobile,email,Salzburg,2,14,70.9
6063,2026-03-16,mobile,email,Barcelona,2,10,361.5
6064,2026-07-28,tablet,affiliate,Frankfurt,5,24,55.4
6065,2026-03-01,mobile,affiliate,Rome,3,18,187.0
6066,2026-04-14,desktop,organic_search,Rome,4,12,206.9
6067,2026-08-06,mobile,paid_search,Cologne,1,22,33.8
6068,2026-04-29,mobile,organic_search,Cologne,4,21,35.2
6069,2026-02-01,desktop,paid_search,Paris,4,9,53.5
6070,2026-08-25,desktop,direct,Hamburg,1,24,58.6
6071,2026-01-22,mobile,affiliate,Paris,7,16,252.7
6072,2026-08-05,mobile,affiliate,Vienna,7,3,499.1
6073,2026-04-03,desktop,paid_search,Munich,4,22,72.3
6074,2026-06-07,desktop,paid_search,Paris,1,9,42.1
6075,2026-06-09,mobile,paid_search,Munich,4,17,95.1
6076,2026-03-06,desktop,paid_search,Zurich,1,20,254.2
6077,2026-03-18,mobile,organic_search,Frankfurt,5,4,52.6
6078,2026-02-02,desktop,paid_search,Paris,2,21,24.8
6079,2026-02-18,tablet,organic_search,Amsterdam,7,6,102.5
6080,2026-01-14,mobile,organic_search,Barcelona,4,7,125.4
6081,2026-01-14,desktop,affiliate,Berlin,3,20,64.9
6082,2026-04-11,mobile,paid_search,Frankfurt,5,14,230.2
6083,2026-07-21,mobile,paid_search,Zurich,7,13,89.2
6084,2026-04-06,mobile,direct,Frankfurt,2,15,189.2
6085,2026-06-28,desktop,paid_search,Rome,6,8,13.3
6086,2026-03-21,mobile,email,Barcelona,7,24,51.3
6087,2026-06-06,mobile,affiliate,Vienna,4,4,105.7
6088,2026-05-07,tablet,organic_search,Frankfurt,7,7,105.1
6089,2026-06-27,mobile,paid_search,Berlin,6,4,205.1
6090,2026-06-14,mobile,organic_search,Rome,4,3,186.4
6091,2026-07-23,mobile,affiliate,Hamburg,7,14,67.1
6092,2026-05-15,tablet,organic_search,Barcelona,2,5,49.7
6093,2026-03-06,mobile,email,Zurich,7,19,92.5
6094,2026-01-21,desktop,email,Zurich,3,24,125.8
6095,2026-07-11,desktop,email,Zurich,4,12,54.2
6096,2026-02-18,mobile,direct,Vienna,3,6,193.6
6097,2026-01-25,desktop,paid_search,Munich,7,11,163.8
6098,2026-04-14,mobile,direct,Paris,3,11,58.9
6099,2026-08-14,desktop,organic_search,Zurich,5,3,37.7
6100,2026-03-19,mobile,organic_search,Paris,4,18,213.2
6101,2026-05-17,mobile,direct,Cologne,1,11,322.7
6102,2026-04-23,mobile,paid_search,Cologne,6,19,157.4
6103,2026-07-04,mobile,affiliate,Munich,1,7,115.3
6104,2026-07-17,mobile,organic_search,Vienna,2,3,178.5
6105,2026-04-28,desktop,organic_search,Salzburg,3,11,256.4
6106,2026-04-16,mobile,paid_search,Zurich,4,13,104.8
6107,2026-04-07,mobile,organic_search,Amsterdam,5,3,10.5
6108,2026-06-21,mobile,direct,Barcelona,1,15,132.0
6109,2026-06-20,desktop,organic_search,Cologne,7,15,135.3
6110,2026-03-04,desktop,paid_search,Berlin,1,24,62.9
6111,2026-03-21,mobile,organic_search,Barcelona,1,15,90.7
6112,2026-06-23,desktop,paid_search,Amsterdam,6,6,161.4
6113,2026-05-26,mobile,paid_search,Berlin,2,21,68.1
6114,2026-06-27,desktop,paid_search,Zurich,2,23,87.1
6115,2026-01-01,tablet,affiliate,Cologne,6,6,110.4
6116,2026-08-03,mobile,direct,Barcelona,5,10,162.4
6117,2026-07-22,mobile,paid_search,Vienna,3,16,236.6
6118,2026-08-04,mobile,direct,Cologne,3,4,143.5
6119,2026-02-10,mobile,direct,Vienna,5,21,329.9
6120,2026-05-17,mobile,affiliate,Vienna,7,19,72.9
6121,2026-05-29,desktop,organic_search,Zurich,3,23,105.2
6122,2026-03-11,desktop,direct,Amsterdam,4,19,101.5
6123,2026-07-26,mobile,organic_search,Cologne,2,6,18.2
6124,2026-01-15,mobile,organic_search,Vienna,4,18,22.5
6125,2026-06-14,mobile,direct,Munich,1,16,33.2
6126,2026-05-19,mobile,paid_search,Paris,6,8,39.4
6127,2026-04-25,tablet,direct,Paris,4,6,43.2
6128,2026-07-06,desktop,paid_search,Hamburg,3,22,12.1
6129,2026-05-03,mobile,organic_search,Munich,2,7,243.8
6130,2026-01-17,tablet,direct,Cologne,2,6,110.2
6131,2026-04-17,desktop,paid_search,Berlin,1,18,177.2
6132,2026-08-14,mobile,organic_search,Vienna,7,19,82.0
6133,2026-01-09,desktop,paid_search,Salzburg,3,21,63.5
6134,2026-01-15,mobile,paid_search,Salzburg,7,14,226.3
6135,2026-07-07,tablet,organic_search,Munich,7,10,197.4
6136,2026-01-27,mobile,direct,Paris,1,18,55.3
6137,2026-08-20,desktop,direct,Zurich,4,20,52.6
6138,2026-05-12,mobile,organic_search,Rome,6,6,313.1
6139,2026-06-24,desktop,paid_search,Zurich,2,18,12.4
6140,2026-06-19,mobile,organic_search,Cologne,7,7,100.4
6141,2026-08-06,mobile,email,Salzburg,5,10,51.0
6142,2026-08-30,mobile,paid_search,Berlin,6,23,68.2
6143,2026-07-30,mobile,organic_search,Frankfurt,6,9,101.1
6144,2026-06-13,mobile,direct,Rome,1,19,193.6
6145,2026-03-27,tablet,organic_search,Amsterdam,6,19,140.0
6146,2026-03-20,mobile,affiliate,Cologne,1,7,18.6
6147,2026-03-29,mobile,organic_search,Zurich,7,21,32.9
6148,2026-08-23,mobile,organic_search,Munich,5,18,293.6
6149,2026-04-22,desktop,affiliate,Cologne,5,4,61.0
6150,2026-01-11,mobile,affiliate,Frankfurt,7,21,53.2
6151,2026-01-23,mobile,organic_search,Munich,4,13,222.6
6152,2026-05-15,mobile,paid_search,Salzburg,4,14,92.3
6153,2026-01-11,mobile,affiliate,Munich,5,9,69.4
6154,2026-06-15,mobile,organic_search,Salzburg,2,7,21.7
6155,2026-01-01,mobile,email,Salzburg,1,5,46.4
6156,2026-06-11,mobile,paid_search,Frankfurt,7,3,47.6
6157,2026-05-08,mobile,email,Vienna,6,7,176.7
6158,2026-06-11,mobile,direct,Frankfurt,4,8,75.7
6159,2026-05-11,mobile,email,Amsterdam,2,20,106.1
6160,2026-04-07,desktop,paid_search,Salzburg,6,6,92.4
6161,2026-01-19,desktop,affiliate,Berlin,5,18,79.8
6162,2026-05-25,desktop,paid_search,Barcelona,4,17,47.8
6163,2026-02-12,mobile,organic_search,Paris,4,24,151.5
6164,2026-08-03,mobile,direct,Frankfurt,7,24,107.6
6165,2026-06-29,mobile,organic_search,Salzburg,2,10,49.1
6166,2026-08-18,desktop,organic_search,Zurich,1,8,162.3
6167,2026-05-09,desktop,direct,Hamburg,6,23,35.0
6168,2026-08-12,desktop,direct,Amsterdam,2,9,87.8
6169,2026-07-08,mobile,direct,Hamburg,7,4,81.5
6170,2026-07-21,mobile,organic_search,Munich,5,24,181.0
6171,2026-02-18,mobile,organic_search,Rome,4,22,36.8
6172,2026-07-08,mobile,paid_search,Barcelona,2,21,16.4
6173,2026-05-19,mobile,direct,Munich,6,4,142.2
6174,2026-07-10,desktop,organic_search,Berlin,6,8,159.7
6175,2026-02-27,mobile,email,Munich,6,6,398.4
6176,2026-03-03,mobile,affiliate,Rome,4,12,542.7
6177,2026-08-21,desktop,email,Barcelona,2,20,30.4
6178,2026-04-09,mobile,paid_search,Paris,4,19,235.3
6179,2026-08-12,mobile,paid_search,Paris,5,23,227.4
6180,2026-02-23,desktop,paid_search,Barcelona,2,14,164.4
6181,2026-03-20,mobile,direct,Vienna,7,16,191.6
6182,2026-04-11,desktop,email,Barcelona,3,21,48.8
6183,2026-02-07,desktop,email,Munich,1,21,178.0
6184,2026-04-12,desktop,paid_search,Munich,6,23,95.2
6185,2026-02-05,tablet,organic_search,Amsterdam,5,5,19.4
6186,2026-02-05,mobile,paid_search,Berlin,1,4,84.9
6187,2026-02-12,mobile,organic_search,Cologne,3,22,112.9
6188,2026-03-28,desktop,direct,Cologne,1,18,152.3
6189,2026-06-02,desktop,direct,Paris,3,9,52.4
6190,2026-04-02,mobile,direct,Munich,1,22,127.3
6191,2026-02-13,mobile,organic_search,Rome,1,23,189.8
6192,2026-08-19,mobile,direct,Barcelona,6,23,246.7
6193,2026-02-14,mobile,organic_search,Rome,2,12,147.4
6194,2026-06-04,mobile,paid_search,Barcelona,6,18,59.4
6195,2026-04-08,mobile,direct,Berlin,6,20,92.6
6196,2026-01-14,desktop,paid_search,Berlin,5,6,118.7
6197,2026-07-12,mobile,email,Paris,1,18,147.1
6198,2026-01-26,desktop,paid_search,Frankfurt,6,8,235.3
6199,2026-02-02,mobile,email,Amsterdam,3,3,186.8
6200,2026-01-12,desktop,affiliate,Paris,5,22,158.7
6201,2026-02-07,mobile,paid_search,Berlin,7,7,16.2
6202,2026-03-18,mobile,organic_search,Cologne,1,13,112.3
6203,2026-01-19,mobile,organic_search,Amsterdam,2,15,36.6
6204,2026-02-13,mobile,direct,Salzburg,6,18,187.2
6205,2026-01-16,desktop,organic_search,Paris,6,7,99.6
6206,2026-02-23,mobile,email,Vienna,7,11,223.4
6207,2026-02-09,tablet,direct,Frankfurt,7,20,57.6
6208,2026-03-10,mobile,direct,Cologne,1,20,35.3
6209,2026-07-12,mobile,direct,Amsterdam,7,21,99.5
6210,2026-01-29,mobile,direct,Hamburg,2,14,53.1
6211,2026-08-27,desktop,organic_search,Cologne,6,3,142.2
6212,2026-05-04,mobile,direct,Frankfurt,5,22,100.0
6213,2026-02-19,mobile,direct,Zurich,7,16,62.8
6214,2026-02-09,mobile,direct,Berlin,7,11,153.4
6215,2026-02-14,desktop,email,Salzburg,2,24,57.5
6216,2026-07-05,desktop,paid_search,Vienna,4,23,156.4
6217,2026-02-10,mobile,paid_search,Munich,7,14,49.0
6218,2026-05-14,mobile,paid_search,Frankfurt,6,17,45.4
6219,2026-01-11,desktop,direct,Berlin,4,21,7.4
6220,2026-04-18,mobile,affiliate,Paris,5,4,94.5
6221,2026-07-23,mobile,direct,Barcelona,1,5,61.3
6222,2026-07-14,desktop,paid_search,Barcelona,6,6,90.2
6223,2026-05-04,mobile,paid_search,Hamburg,7,19,228.3
6224,2026-03-04,mobile,affiliate,Vienna,4,17,28.6
6225,2026-03-21,mobile,organic_search,Frankfurt,1,7,43.6
6226,2026-03-21,mobile,affiliate,Munich,1,16,43.6
6227,2026-02-20,tablet,email,Rome,2,9,39.3
6228,2026-06-10,desktop,paid_search,Berlin,5,17,24.2
6229,2026-02-12,desktop,email,Rome,1,13,77.0
6230,2026-08-22,mobile,direct,Munich,7,13,30.4
6231,2026-01-27,desktop,affiliate,Zurich,3,23,231.0
6232,2026-06-01,desktop,paid_search,Paris,4,20,139.8
6233,2026-06-11,mobile,direct,Cologne,3,17,186.5
6234,2026-06-08,mobile,paid_search,Cologne,5,20,22.4
6235,2026-06-09,desktop,paid_search,Munich,2,23,49.6
6236,2026-04-19,desktop,organic_search,Paris,7,11,98.0
6237,2026-01-31,desktop,paid_search,Hamburg,6,19,54.8
6238,2026-05-30,tablet,organic_search,Barcelona,6,16,37.8
6239,2026-02-21,mobile,affiliate,Paris,7,19,95.6
6240,2026-02-19,mobile,paid_search,Amsterdam,6,21,40.5
6241,2026-07-18,mobile,direct,Zurich,3,21,16.6
6242,2026-02-03,mobile,affiliate,Munich,5,14,89.7
6243,2026-05-10,mobile,paid_search,Frankfurt,4,10,29.6
6244,2026-03-30,mobile,organic_search,Zurich,5,8,409.1
6245,2026-02-13,mobile,paid_search,Paris,7,20,199.8
6246,2026-08-19,desktop,affiliate,Cologne,1,15,121.8
6247,2026-06-07,mobile,affiliate,Salzburg,2,21,118.4
6248,2026-04-27,desktop,direct,Berlin,7,13,236.3
6249,2026-07-23,mobile,direct,Frankfurt,2,19,160.9
6250,2026-03-25,mobile,paid_search,Zurich,4,8,307.4
6251,2026-03-21,desktop,paid_search,Munich,3,18,162.2
6252,2026-01-09,desktop,paid_search,Rome,6,6,51.2
6253,2026-07-04,mobile,paid_search,Munich,2,7,2.6
6254,2026-08-22,mobile,email,Barcelona,2,21,277.7
6255,2026-07-23,mobile,affiliate,Amsterdam,1,24,75.8
6256,2026-01-05,desktop,email,Rome,3,12,204.5
6257,2026-03-26,mobile,organic_search,Berlin,7,9,242.2
6258,2026-08-21,mobile,organic_search,Paris,6,22,133.9
6259,2026-08-12,mobile,affiliate,Berlin,1,12,86.2
6260,2026-02-20,mobile,organic_search,Paris,7,17,190.2
6261,2026-04-08,desktop,paid_search,Paris,3,4,14.2
6262,2026-05-14,mobile,organic_search,Hamburg,1,20,46.9
6263,2026-01-26,desktop,organic_search,Zurich,1,3,204.6
6264,2026-04-05,mobile,paid_search,Amsterdam,3,19,189.0
6265,2026-07-03,tablet,organic_search,Rome,3,6,94.2
6266,2026-07-01,tablet,paid_search,Hamburg,5,23,203.5
6267,2026-02-12,mobile,paid_search,Hamburg,1,16,42.8
6268,2026-05-07,mobile,paid_search,Zurich,4,14,155.9
6269,2026-02-19,mobile,direct,Paris,1,9,17.2
6270,2026-06-30,desktop,paid_search,Salzburg,5,8,172.9
6271,2026-06-08,mobile,organic_search,Amsterdam,5,22,244.5
6272,2026-06-17,mobile,direct,Rome,5,11,238.0
6273,2026-05-03,mobile,direct,Cologne,4,3,40.6
6274,2026-03-31,tablet,paid_search,Frankfurt,3,4,261.6
6275,2026-01-20,tablet,organic_search,Rome,2,7,85.8
6276,2026-07-01,mobile,affiliate,Hamburg,7,23,32.2
6277,2026-07-13,mobile,paid_search,Munich,7,4,92.6
6278,2026-04-13,desktop,paid_search,Berlin,1,18,193.0
6279,2026-01-05,desktop,organic_search,Rome,7,5,299.4
6280,2026-05-15,desktop,direct,Amsterdam,4,3,152.3
6281,2026-02-16,desktop,direct,Zurich,5,8,299.4
6282,2026-08-13,desktop,email,Cologne,5,4,147.7
6283,2026-06-01,mobile,direct,Salzburg,2,22,30.6
6284,2026-08-27,mobile,organic_search,Vienna,7,23,119.5
6285,2026-07-06,desktop,direct,Rome,7,21,128.6
6286,2026-08-02,desktop,organic_search,Paris,3,15,99.3
6287,2026-04-21,mobile,email,Berlin,3,10,68.3
6288,2026-08-17,mobile,organic_search,Zurich,7,24,371.5
6289,2026-04-20,mobile,paid_search,Salzburg,4,4,40.3
6290,2026-04-06,tablet,affiliate,Zurich,2,10,6.3
6291,2026-08-16,mobile,direct,Salzburg,6,18,125.2
6292,2026-03-28,mobile,paid_search,Paris,1,9,150.7
6293,2026-03-15,mobile,direct,Munich,6,18,70.2
6294,2026-05-06,tablet,organic_search,Hamburg,5,22,49.0
6295,2026-05-13,mobile,organic_search,Cologne,4,23,276.0
6296,2026-05-12,mobile,paid_search,Amsterdam,4,5,81.2
6297,2026-06-06,mobile,affiliate,Hamburg,4,23,59.5
6298,2026-04-22,mobile,paid_search,Cologne,2,24,29.6
6299,2026-08-13,mobile,organic_search,Hamburg,7,8,76.2
6300,2026-08-05,mobile,paid_search,Cologne,4,3,365.9
6301,2026-07-05,desktop,affiliate,Amsterdam,4,22,65.4
6302,2026-03-28,desktop,paid_search,Hamburg,5,23,29.0
6303,2026-01-29,mobile,organic_search,Paris,5,14,166.5
6304,2026-01-01,desktop,affiliate,Munich,4,9,148.5
6305,2026-07-05,desktop,affiliate,Zurich,2,23,129.0
6306,2026-02-08,mobile,paid_search,Berlin,3,20,104.3
6307,2026-05-31,mobile,email,Salzburg,5,17,88.3
6308,2026-04-17,desktop,paid_search,Berlin,2,13,125.3
6309,2026-07-07,mobile,organic_search,Vienna,2,13,152.1
6310,2026-07-26,mobile,paid_search,Hamburg,2,23,196.3
6311,2026-01-24,mobile,email,Munich,3,15,275.4
6312,2026-04-27,desktop,direct,Cologne,6,11,102.0
6313,2026-08-11,mobile,affiliate,Barcelona,4,8,164.1
6314,2026-04-03,mobile,direct,Cologne,3,14,139.1
6315,2026-07-12,mobile,direct,Rome,5,15,82.1
6316,2026-06-29,mobile,email,Rome,6,19,63.9
6317,2026-07-25,desktop,organic_search,Frankfurt,1,8,65.6
6318,2026-01-18,desktop,direct,Vienna,7,21,31.6
6319,2026-08-02,desktop,organic_search,Munich,1,12,19.9
6320,2026-01-04,mobile,paid_search,Berlin,6,17,179.3
6321,2026-01-24,mobile,paid_search,Amsterdam,1,9,72.5
6322,2026-02-13,mobile,direct,Barcelona,3,13,164.1
6323,2026-07-13,desktop,affiliate,Amsterdam,3,12,66.4
6324,2026-02-05,mobile,organic_search,Zurich,2,18,119.7
6325,2026-06-19,desktop,affiliate,Munich,2,21,76.4
6326,2026-03-12,desktop,direct,Zurich,3,13,65.9
6327,2026-06-14,mobile,direct,Hamburg,6,15,101.5
6328,2026-06-18,mobile,direct,Rome,4,18,273.4
6329,2026-04-03,tablet,organic_search,Frankfurt,6,4,32.3
6330,2026-08-22,mobile,organic_search,Berlin,6,15,175.0
6331,2026-03-05,mobile,organic_search,Cologne,2,18,45.3
6332,2026-01-20,desktop,paid_search,Vienna,4,8,66.1
6333,2026-05-28,mobile,paid_search,Cologne,5,17,165.4
6334,2026-01-14,mobile,organic_search,Munich,2,4,163.7
6335,2026-03-11,mobile,direct,Zurich,4,4,69.5
6336,2026-05-05,mobile,paid_search,Cologne,3,7,181.5
6337,2026-08-10,mobile,direct,Rome,2,9,126.2
6338,2026-06-20,desktop,organic_search,Vienna,1,19,84.2
6339,2026-05-28,mobile,paid_search,Zurich,5,8,117.8
6340,2026-05-09,mobile,email,Munich,4,14,262.6
6341,2026-03-28,mobile,email,Munich,6,13,171.3
6342,2026-07-20,desktop,direct,Barcelona,1,5,82.4
6343,2026-01-06,tablet,direct,Munich,6,11,37.5
6344,2026-02-08,desktop,affiliate,Barcelona,7,18,89.8
6345,2026-02-08,mobile,organic_search,Paris,3,21,157.5
6346,2026-05-31,desktop,organic_search,Frankfurt,7,15,160.2
6347,2026-03-12,mobile,direct,Berlin,2,11,35.1
6348,2026-01-16,mobile,paid_search,Zurich,4,9,173.1
6349,2026-02-09,mobile,organic_search,Paris,7,5,216.7
6350,2026-06-09,mobile,affiliate,Salzburg,4,3,22.1
6351,2026-05-12,mobile,organic_search,Vienna,7,9,511.8
6352,2026-05-10,mobile,direct,Barcelona,2,17,224.8
6353,2026-06-24,mobile,paid_search,Berlin,3,6,59.4
6354,2026-05-06,mobile,paid_search,Frankfurt,5,13,466.4
6355,2026-08-02,desktop,paid_search,Hamburg,1,10,92.9
6356,2026-05-18,mobile,paid_search,Berlin,2,10,194.5
6357,2026-06-06,desktop,organic_search,Zurich,5,21,48.0
6358,2026-03-18,desktop,direct,Vienna,1,10,143.2
6359,2026-05-20,mobile,paid_search,Hamburg,3,14,322.1
6360,2026-02-14,tablet,paid_search,Cologne,4,14,81.9
6361,2026-02-28,mobile,paid_search,Paris,6,10,81.2
6362,2026-08-21,desktop,paid_search,Salzburg,4,17,103.6
6363,2026-07-31,mobile,organic_search,Berlin,1,22,259.3
6364,2026-04-09,mobile,organic_search,Cologne,5,12,220.4
6365,2026-03-18,desktop,direct,Frankfurt,4,13,43.6
6366,2026-05-30,desktop,direct,Barcelona,3,21,147.6
6367,2026-06-20,mobile,organic_search,Frankfurt,3,19,119.9
6368,2026-01-08,desktop,organic_search,Vienna,6,12,56.0
6369,2026-06-30,mobile,paid_search,Amsterdam,5,7,46.0
6370,2026-01-09,mobile,direct,Berlin,1,19,55.9
6371,2026-01-11,mobile,direct,Paris,5,11,109.6
6372,2026-04-25,desktop,organic_search,Munich,3,16,75.6
6373,2026-06-07,mobile,direct,Paris,7,14,20.4
6374,2026-03-25,tablet,organic_search,Zurich,4,15,365.0
6375,2026-08-14,desktop,paid_search,Vienna,3,14,95.4
6376,2026-04-10,desktop,organic_search,Paris,1,17,305.9
6377,2026-06-17,mobile,paid_search,Zurich,1,20,45.2
6378,2026-05-04,desktop,paid_search,Amsterdam,6,20,43.6
6379,2026-04-26,mobile,paid_search,Paris,7,15,33.6
6380,2026-03-12,mobile,organic_search,Cologne,3,6,75.7
6381,2026-04-08,mobile,paid_search,Barcelona,4,22,72.7
6382,2026-04-01,mobile,paid_search,Hamburg,7,15,41.9
6383,2026-02-06,mobile,direct,Munich,7,23,234.8
6384,2026-07-01,desktop,organic_search,Vienna,5,23,32.7
6385,2026-02-24,mobile,direct,Paris,6,12,86.8
6386,2026-01-01,tablet,affiliate,Zurich,4,11,103.1
6387,2026-08-04,mobile,direct,Vienna,4,18,286.9
6388,2026-06-19,desktop,direct,Hamburg,4,6,20.4
6389,2026-04-05,desktop,email,Vienna,1,20,192.2
6390,2026-06-29,tablet,email,Zurich,5,20,154.5
6391,2026-02-09,mobile,organic_search,Berlin,3,11,95.2
6392,2026-03-29,tablet,paid_search,Vienna,6,10,129.6
6393,2026-04-07,mobile,paid_search,Rome,5,9,309.6
6394,2026-04-24,mobile,paid_search,Berlin,3,8,85.6
6395,2026-04-17,mobile,organic_search,Rome,6,22,86.2
6396,2026-04-13,mobile,affiliate,Zurich,2,23,100.4
6397,2026-03-24,desktop,direct,Rome,2,16,277.8
6398,2026-04-07,mobile,organic_search,Zurich,5,11,198.6
6399,2026-01-05,mobile,organic_search,Hamburg,5,7,70.5
6400,2026-01-04,mobile,direct,Barcelona,7,4,134.1
6401,2026-03-30,mobile,paid_search,Munich,1,15,89.5
6402,2026-06-13,desktop,paid_search,Berlin,5,13,154.2
6403,2026-08-06,mobile,email,Hamburg,2,7,123.7
6404,2026-08-07,tablet,affiliate,Munich,3,4,54.8
6405,2026-03-08,mobile,paid_search,Cologne,1,13,35.4
6406,2026-05-13,mobile,direct,Berlin,3,8,78.4
6407,2026-03-29,mobile,paid_search,Frankfurt,2,17,109.4
6408,2026-01-16,mobile,affiliate,Rome,4,3,134.4
6409,2026-06-23,mobile,paid_search,Salzburg,2,21,143.8
6410,2026-01-11,desktop,organic_search,Amsterdam,5,14,48.6
6411,2026-02-07,mobile,paid_search,Paris,6,11,58.6
6412,2026-07-28,mobile,paid_search,Vienna,3,19,78.5
6413,2026-07-23,mobile,paid_search,Frankfurt,7,5,81.2
6414,2026-05-24,mobile,organic_search,Zurich,1,5,136.3
6415,2026-05-12,desktop,direct,Hamburg,7,20,88.7
6416,2026-06-28,mobile,direct,Paris,5,11,98.4
6417,2026-05-10,desktop,organic_search,Hamburg,3,17,70.8
6418,2026-06-29,mobile,organic_search,Paris,1,20,184.8
6419,2026-01-31,mobile,paid_search,Zurich,7,16,206.7
6420,2026-08-26,mobile,paid_search,Cologne,7,6,69.0
6421,2026-01-17,desktop,organic_search,Amsterdam,1,9,72.2
6422,2026-06-28,mobile,paid_search,Amsterdam,2,6,117.9
6423,2026-07-25,mobile,direct,Vienna,4,3,342.8
6424,2026-01-08,mobile,affiliate,Salzburg,3,23,236.0
6425,2026-02-23,mobile,affiliate,Barcelona,5,16,61.6
6426,2026-03-08,mobile,paid_search,Amsterdam,5,7,59.3
6427,2026-04-16,mobile,direct,Berlin,3,20,105.4
6428,2026-02-10,mobile,direct,Amsterdam,6,4,287.9
6429,2026-05-03,desktop,email,Zurich,1,9,100.9
6430,2026-08-20,mobile,organic_search,Vienna,5,10,227.2
6431,2026-01-06,mobile,organic_search,Zurich,3,18,242.3
6432,2026-08-03,desktop,organic_search,Cologne,2,18,102.9
6433,2026-06-20,mobile,organic_search,Rome,1,5,32.5
6434,2026-04-17,desktop,direct,Salzburg,1,6,25.0
6435,2026-05-12,mobile,email,Hamburg,6,19,56.1
6436,2026-02-07,mobile,paid_search,Vienna,6,22,195.8
6437,2026-08-08,desktop,paid_search,Frankfurt,7,21,147.0
6438,2026-01-12,mobile,paid_search,Hamburg,7,14,11.1
6439,2026-02-01,desktop,organic_search,Vienna,2,11,146.2
6440,2026-06-20,mobile,paid_search,Cologne,2,12,26.0
6441,2026-02-10,mobile,organic_search,Salzburg,6,5,8.8
6442,2026-01-20,mobile,organic_search,Munich,4,17,154.1
6443,2026-03-04,mobile,direct,Cologne,7,13,114.5
6444,2026-05-18,mobile,paid_search,Cologne,1,6,291.2
6445,2026-03-15,mobile,paid_search,Salzburg,3,15,96.9
6446,2026-07-23,mobile,direct,Berlin,2,20,124.5
6447,2026-08-17,mobile,direct,Munich,5,5,86.4
6448,2026-04-12,mobile,organic_search,Salzburg,6,11,101.4
6449,2026-05-18,mobile,direct,Frankfurt,2,7,192.3
6450,2026-05-26,mobile,organic_search,Berlin,6,21,48.8
6451,2026-03-07,mobile,organic_search,Paris,1,4,91.9
6452,2026-04-27,desktop,affiliate,Rome,1,4,186.4
6453,2026-02-22,mobile,email,Hamburg,5,21,264.1
6454,2026-08-22,mobile,paid_search,Hamburg,7,14,186.6
6455,2026-05-07,mobile,organic_search,Munich,3,11,86.6
6456,2026-04-13,desktop,paid_search,Barcelona,5,19,29.8
6457,2026-02-18,desktop,paid_search,Berlin,7,15,72.9
6458,2026-02-05,mobile,paid_search,Paris,1,18,176.7
6459,2026-01-20,mobile,organic_search,Amsterdam,7,18,28.6
6460,2026-03-14,desktop,paid_search,Berlin,5,8,199.1
6461,2026-05-31,mobile,email,Zurich,2,8,28.5
6462,2026-08-15,mobile,paid_search,Amsterdam,4,21,170.8
6463,2026-06-11,mobile,email,Hamburg,2,19,179.0
6464,2026-02-09,mobile,paid_search,Munich,1,20,120.7
6465,2026-01-18,mobile,organic_search,Frankfurt,2,6,209.6
6466,2026-05-05,mobile,email,Hamburg,7,10,80.6
6467,2026-05-03,mobile,organic_search,Hamburg,4,24,118.0
6468,2026-01-18,desktop,direct,Amsterdam,3,10,142.2
6469,2026-05-19,tablet,paid_search,Amsterdam,3,13,214.8
6470,2026-01-26,mobile,organic_search,Rome,7,22,80.9
6471,2026-06-03,desktop,direct,Munich,5,13,105.0
6472,2026-08-27,mobile,paid_search,Berlin,7,22,448.9
6473,2026-01-02,mobile,direct,Barcelona,4,15,103.0
6474,2026-03-08,mobile,paid_search,Amsterdam,6,23,73.3
6475,2026-07-12,mobile,email,Frankfurt,1,9,51.3
6476,2026-06-27,mobile,organic_search,Vienna,5,23,72.0
6477,2026-05-08,mobile,paid_search,Vienna,6,13,201.5
6478,2026-08-14,mobile,paid_search,Amsterdam,7,8,124.4
6479,2026-04-10,mobile,email,Barcelona,3,3,456.8
6480,2026-06-10,mobile,email,Barcelona,4,21,35.3
6481,2026-04-17,mobile,paid_search,Salzburg,5,21,168.9
6482,2026-08-23,mobile,organic_search,Frankfurt,6,10,138.9
6483,2026-04-20,desktop,paid_search,Frankfurt,6,23,237.6
6484,2026-01-28,mobile,direct,Rome,3,5,57.9
6485,2026-07-25,mobile,organic_search,Frankfurt,1,11,57.4
6486,2026-04-09,desktop,affiliate,Salzburg,7,23,149.6
6487,2026-06-16,mobile,direct,Salzburg,5,21,12.0
6488,2026-04-09,desktop,paid_search,Barcelona,2,17,140.5
6489,2026-03-11,mobile,direct,Munich,7,17,74.4
6490,2026-03-02,mobile,email,Berlin,7,10,70.2
6491,2026-01-04,mobile,paid_search,Cologne,1,9,256.4
6492,2026-01-22,tablet,organic_search,Berlin,7,23,192.0
6493,2026-04-02,mobile,direct,Salzburg,5,7,213.3
6494,2026-07-07,desktop,organic_search,Paris,2,9,152.7
6495,2026-02-15,mobile,paid_search,Hamburg,2,15,51.2
6496,2026-06-18,mobile,organic_search,Munich,2,19,59.2
6497,2026-05-27,mobile,direct,Zurich,3,8,287.9
6498,2026-06-16,desktop,email,Paris,6,8,80.8
6499,2026-06-05,mobile,email,Cologne,6,18,73.1
6500,2026-07-26,desktop,organic_search,Berlin,4,5,91.2
6501,2026-03-20,desktop,organic_search,Zurich,6,8,80.9
6502,2026-06-11,tablet,affiliate,Paris,7,15,106.0
6503,2026-07-28,tablet,direct,Munich,7,21,85.3
6504,2026-06-09,tablet,organic_search,Salzburg,2,14,34.1
6505,2026-08-26,mobile,direct,Salzburg,6,22,165.5
6506,2026-07-18,mobile,direct,Cologne,2,12,128.3
6507,2026-04-24,mobile,direct,Barcelona,7,13,96.0
6508,2026-07-06,mobile,paid_search,Cologne,3,16,86.2
6509,2026-04-25,tablet,direct,Cologne,1,15,94.8
6510,2026-08-08,mobile,organic_search,Frankfurt,1,11,241.5
6511,2026-01-19,mobile,affiliate,Barcelona,5,10,50.6
6512,2026-08-29,tablet,email,Berlin,2,16,86.8
6513,2026-08-01,mobile,email,Cologne,5,22,224.3
6514,2026-03-14,mobile,organic_search,Barcelona,3,20,75.5
6515,2026-02-04,mobile,organic_search,Barcelona,1,22,27.8
6516,2026-05-21,desktop,paid_search,Barcelona,3,22,236.2
6517,2026-06-02,mobile,paid_search,Rome,3,16,46.6
6518,2026-03-31,mobile,organic_search,Hamburg,4,4,62.0
6519,2026-06-06,mobile,direct,Berlin,3,5,301.5
6520,2026-05-10,mobile,organic_search,Munich,3,19,36.9
6521,2026-03-25,desktop,organic_search,Cologne,5,14,101.7
6522,2026-04-27,mobile,email,Frankfurt,3,6,361.6
6523,2026-01-25,desktop,organic_search,Paris,4,18,119.6
6524,2026-05-12,mobile,email,Paris,2,3,87.9
6525,2026-06-08,mobile,paid_search,Munich,7,23,500.7
6526,2026-08-22,mobile,direct,Munich,7,23,29.0
6527,2026-03-24,mobile,organic_search,Munich,1,23,103.8
6528,2026-01-22,mobile,paid_search,Rome,6,10,90.2
6529,2026-02-07,desktop,affiliate,Berlin,5,20,147.4
6530,2026-08-01,mobile,direct,Vienna,6,9,81.3
6531,2026-08-10,desktop,organic_search,Cologne,1,3,126.3
6532,2026-07-10,desktop,organic_search,Rome,5,12,132.8
6533,2026-04-28,mobile,organic_search,Zurich,7,12,148.6
6534,2026-08-26,tablet,direct,Zurich,3,9,48.0
6535,2026-06-19,mobile,paid_search,Cologne,3,23,74.7
6536,2026-02-24,mobile,paid_search,Barcelona,7,10,34.6
6537,2026-03-14,mobile,email,Paris,2,11,44.7
6538,2026-08-17,mobile,paid_search,Barcelona,6,23,127.5
6539,2026-02-05,mobile,paid_search,Vienna,2,16,131.9
6540,2026-06-24,desktop,organic_search,Berlin,4,23,36.0
6541,2026-01-09,mobile,direct,Zurich,1,21,41.5
6542,2026-06-19,desktop,paid_search,Zurich,7,5,217.6
6543,2026-03-25,mobile,affiliate,Hamburg,2,7,37.1
6544,2026-01-04,mobile,organic_search,Berlin,5,14,34.3
6545,2026-01-13,mobile,organic_search,Zurich,3,7,41.0
6546,2026-02-15,desktop,organic_search,Barcelona,2,14,237.1
6547,2026-08-28,tablet,direct,Cologne,1,23,59.2
6548,2026-08-24,mobile,paid_search,Zurich,1,15,101.8
6549,2026-02-26,mobile,organic_search,Paris,4,21,200.8
6550,2026-03-14,mobile,paid_search,Zurich,2,4,77.9
6551,2026-01-31,desktop,paid_search,Barcelona,2,12,167.4
6552,2026-05-02,mobile,paid_search,Barcelona,7,9,95.8
6553,2026-07-18,mobile,paid_search,Berlin,4,23,47.0
6554,2026-05-10,mobile,paid_search,Zurich,1,20,63.8
6555,2026-07-13,mobile,email,Frankfurt,1,15,18.7
6556,2026-08-24,mobile,paid_search,Munich,4,24,39.2
6557,2026-08-30,mobile,direct,Frankfurt,2,7,190.8
6558,2026-03-22,mobile,paid_search,Hamburg,2,8,335.0
6559,2026-03-01,mobile,organic_search,Salzburg,6,10,116.5
6560,2026-04-29,mobile,affiliate,Frankfurt,4,23,46.5
6561,2026-01-12,tablet,organic_search,Barcelona,7,20,142.9
6562,2026-04-19,mobile,affiliate,Barcelona,5,5,80.6
6563,2026-06-25,desktop,affiliate,Rome,3,15,295.9
6564,2026-02-16,desktop,organic_search,Amsterdam,6,15,123.0
6565,2026-07-15,desktop,organic_search,Salzburg,4,3,47.7
6566,2026-07-26,mobile,organic_search,Zurich,6,9,191.9
6567,2026-03-26,tablet,direct,Amsterdam,4,14,91.8
6568,2026-03-16,mobile,paid_search,Salzburg,1,12,170.2
6569,2026-08-15,mobile,email,Cologne,3,3,32.2
6570,2026-07-17,mobile,affiliate,Barcelona,2,18,219.0
6571,2026-07-06,mobile,paid_search,Munich,2,6,31.1
6572,2026-03-23,mobile,organic_search,Hamburg,3,18,200.4
6573,2026-04-10,desktop,affiliate,Berlin,5,17,41.6
6574,2026-06-18,mobile,paid_search,Cologne,6,12,211.9
6575,2026-06-24,tablet,paid_search,Berlin,2,16,94.5
6576,2026-03-01,mobile,direct,Cologne,5,8,181.7
6577,2026-01-01,mobile,direct,Amsterdam,4,14,47.7
6578,2026-01-14,mobile,paid_search,Cologne,1,24,51.0
6579,2026-03-24,mobile,organic_search,Hamburg,3,16,121.0
6580,2026-04-23,tablet,direct,Cologne,6,4,50.5
6581,2026-02-11,desktop,paid_search,Amsterdam,6,12,57.4
6582,2026-01-08,mobile,paid_search,Berlin,6,16,64.6
6583,2026-03-15,mobile,organic_search,Munich,6,3,106.3
6584,2026-07-30,desktop,organic_search,Rome,4,15,38.0
6585,2026-02-20,tablet,organic_search,Barcelona,1,17,114.6
6586,2026-06-10,desktop,direct,Paris,3,13,87.2
6587,2026-06-23,desktop,direct,Zurich,4,18,41.7
6588,2026-05-31,mobile,organic_search,Paris,2,24,166.1
6589,2026-07-20,mobile,paid_search,Frankfurt,1,15,321.0
6590,2026-03-11,mobile,direct,Cologne,3,23,53.6
6591,2026-02-13,desktop,paid_search,Barcelona,1,16,128.7
6592,2026-02-09,desktop,direct,Paris,6,20,96.5
6593,2026-04-11,desktop,affiliate,Amsterdam,3,7,243.4
6594,2026-05-07,tablet,paid_search,Paris,5,23,48.6
6595,2026-05-25,desktop,direct,Rome,1,8,181.0
6596,2026-08-02,desktop,organic_search,Hamburg,4,3,111.0
6597,2026-02-04,mobile,paid_search,Amsterdam,7,14,120.7
6598,2026-05-28,mobile,email,Cologne,2,24,108.3
6599,2026-03-29,mobile,email,Berlin,5,9,163.1
6600,2026-06-17,mobile,paid_search,Frankfurt,3,4,28.2
6601,2026-02-17,mobile,email,Salzburg,5,7,103.3
6602,2026-01-05,desktop,paid_search,Munich,7,15,25.9
6603,2026-05-17,desktop,direct,Salzburg,2,20,41.6
6604,2026-03-15,mobile,paid_search,Frankfurt,1,24,160.5
6605,2026-08-07,mobile,paid_search,Barcelona,6,16,108.0
6606,2026-06-26,mobile,organic_search,Paris,4,18,103.1
6607,2026-04-23,mobile,email,Hamburg,2,5,38.4
6608,2026-04-03,mobile,paid_search,Barcelona,5,20,97.4
6609,2026-06-12,mobile,organic_search,Hamburg,2,21,92.3
6610,2026-04-22,desktop,paid_search,Vienna,4,6,195.8
6611,2026-06-24,mobile,organic_search,Munich,7,14,122.6
6612,2026-06-27,tablet,organic_search,Salzburg,3,21,39.2
6613,2026-08-28,mobile,paid_search,Vienna,5,19,104.9
6614,2026-03-17,desktop,paid_search,Vienna,7,12,61.1
6615,2026-06-01,desktop,affiliate,Berlin,5,15,86.1
6616,2026-04-30,mobile,paid_search,Vienna,3,10,57.3
6617,2026-02-14,mobile,email,Zurich,7,13,89.7
6618,2026-02-25,mobile,direct,Berlin,4,9,50.7
6619,2026-01-03,mobile,paid_search,Munich,3,18,56.5
6620,2026-03-14,mobile,organic_search,Cologne,5,19,52.7
6621,2026-02-03,desktop,email,Munich,2,13,117.6
6622,2026-02-14,mobile,direct,Barcelona,4,6,173.8
6623,2026-01-31,tablet,organic_search,Munich,2,17,152.7
6624,2026-01-01,mobile,organic_search,Cologne,1,6,101.7
6625,2026-05-07,mobile,direct,Vienna,2,15,13.9
6626,2026-08-14,desktop,email,Berlin,5,6,4.3
6627,2026-04-17,desktop,direct,Hamburg,6,18,18.8
6628,2026-05-03,mobile,organic_search,Berlin,2,13,213.3
6629,2026-05-29,mobile,organic_search,Berlin,3,20,370.9
6630,2026-05-21,mobile,paid_search,Salzburg,2,18,129.4
6631,2026-01-19,mobile,paid_search,Hamburg,1,18,229.3
6632,2026-04-18,mobile,paid_search,Frankfurt,2,10,72.5
6633,2026-07-18,mobile,paid_search,Amsterdam,6,23,121.9
6634,2026-02-22,mobile,direct,Paris,6,14,37.0
6635,2026-01-27,desktop,paid_search,Berlin,7,23,188.3
6636,2026-06-05,mobile,organic_search,Amsterdam,1,18,162.1
6637,2026-06-15,mobile,organic_search,Cologne,6,5,278.0
6638,2026-06-25,desktop,paid_search,Hamburg,5,9,19.0
6639,2026-06-17,mobile,organic_search,Hamburg,3,16,141.5
6640,2026-03-13,mobile,paid_search,Berlin,2,3,101.1
6641,2026-05-18,mobile,organic_search,Cologne,2,15,32.9
6642,2026-07-25,mobile,paid_search,Paris,4,21,69.9
6643,2026-02-12,mobile,organic_search,Hamburg,6,4,46.6
6644,2026-06-17,desktop,paid_search,Cologne,1,4,63.8
6645,2026-05-29,mobile,organic_search,Frankfurt,5,11,64.9
6646,2026-03-08,mobile,direct,Zurich,2,23,34.4
6647,2026-08-12,mobile,direct,Barcelona,2,8,74.5
6648,2026-02-10,mobile,paid_search,Salzburg,1,9,13.1
6649,2026-07-14,mobile,affiliate,Zurich,7,12,191.9
6650,2026-05-18,desktop,paid_search,Frankfurt,3,7,180.8
6651,2026-02-01,mobile,organic_search,Cologne,5,19,287.3
6652,2026-04-17,desktop,email,Cologne,2,16,57.3
6653,2026-03-22,mobile,paid_search,Amsterdam,5,9,8.4
6654,2026-04-11,desktop,paid_search,Munich,5,15,315.7
6655,2026-07-11,tablet,paid_search,Frankfurt,3,23,81.0
6656,2026-06-05,mobile,organic_search,Vienna,5,23,72.7
6657,2026-02-17,mobile,affiliate,Vienna,2,22,49.3
6658,2026-06-29,mobile,email,Amsterdam,4,13,536.1
6659,2026-06-23,mobile,affiliate,Zurich,5,16,69.4
6660,2026-01-23,mobile,paid_search,Berlin,1,7,260.6
6661,2026-08-11,mobile,paid_search,Salzburg,3,24,34.7
6662,2026-01-02,mobile,organic_search,Zurich,3,18,45.5
6663,2026-03-10,mobile,direct,Frankfurt,2,3,196.5
6664,2026-03-12,mobile,organic_search,Berlin,1,23,115.1
6665,2026-01-23,mobile,paid_search,Cologne,1,10,143.8
6666,2026-06-10,desktop,organic_search,Berlin,3,8,94.9
6667,2026-04-22,mobile,affiliate,Zurich,7,8,125.4
6668,2026-07-17,mobile,email,Frankfurt,6,6,137.5
6669,2026-03-17,mobile,direct,Frankfurt,7,6,124.5
6670,2026-07-26,desktop,direct,Zurich,4,10,45.2
6671,2026-05-04,mobile,email,Salzburg,1,19,109.6
6672,2026-01-02,desktop,organic_search,Barcelona,4,15,146.3
6673,2026-03-15,desktop,paid_search,Frankfurt,3,14,78.3
6674,2026-03-29,mobile,paid_search,Amsterdam,5,13,94.1
6675,2026-05-02,mobile,organic_search,Barcelona,6,23,125.2
6676,2026-06-20,desktop,direct,Cologne,7,20,184.4
6677,2026-02-08,mobile,organic_search,Paris,5,11,67.1
6678,2026-07-15,desktop,paid_search,Amsterdam,5,23,133.5
6679,2026-02-11,desktop,direct,Paris,3,24,132.5
6680,2026-08-29,mobile,organic_search,Munich,2,22,149.0
6681,2026-04-04,mobile,organic_search,Berlin,3,17,227.0
6682,2026-08-15,mobile,email,Vienna,5,12,162.8
6683,2026-01-22,mobile,direct,Vienna,7,11,57.8
6684,2026-02-19,desktop,direct,Paris,5,18,72.0
6685,2026-08-27,desktop,organic_search,Frankfurt,1,17,83.2
6686,2026-02-10,mobile,direct,Amsterdam,1,3,164.3
6687,2026-03-20,desktop,organic_search,Munich,6,22,93.6
6688,2026-05-16,desktop,paid_search,Rome,6,6,89.4
6689,2026-02-18,mobile,organic_search,Rome,3,4,113.7
6690,2026-03-26,mobile,paid_search,Vienna,3,19,302.4
6691,2026-06-20,mobile,affiliate,Amsterdam,1,12,44.0
6692,2026-04-26,desktop,direct,Zurich,6,20,63.4
6693,2026-04-12,mobile,organic_search,Salzburg,6,4,136.7
6694,2026-06-12,desktop,direct,Paris,5,23,9.6
6695,2026-08-20,desktop,paid_search,Paris,7,16,78.7
6696,2026-07-23,desktop,organic_search,Hamburg,2,4,172.6
6697,2026-01-13,desktop,organic_search,Zurich,6,3,116.5
6698,2026-06-02,mobile,paid_search,Zurich,7,12,118.9
6699,2026-04-26,mobile,organic_search,Paris,5,14,123.4
6700,2026-04-15,mobile,affiliate,Hamburg,5,7,56.2
6701,2026-02-26,desktop,direct,Amsterdam,6,7,114.3
6702,2026-03-06,mobile,affiliate,Salzburg,3,3,302.2
6703,2026-06-20,tablet,organic_search,Berlin,2,7,127.5
6704,2026-08-24,mobile,organic_search,Hamburg,5,10,167.8
6705,2026-05-13,mobile,direct,Berlin,2,19,209.2
6706,2026-02-20,desktop,direct,Cologne,6,17,111.5
6707,2026-02-27,desktop,direct,Rome,7,6,111.5
6708,2026-02-15,mobile,paid_search,Hamburg,4,9,123.6
6709,2026-05-08,mobile,organic_search,Salzburg,5,4,120.6
6710,2026-06-21,tablet,direct,Vienna,1,23,56.6
6711,2026-07-08,desktop,email,Cologne,4,11,86.5
6712,2026-06-06,mobile,direct,Frankfurt,7,19,18.0
6713,2026-08-24,mobile,email,Zurich,5,12,171.1
6714,2026-08-05,desktop,paid_search,Barcelona,1,8,34.9
6715,2026-02-24,desktop,organic_search,Vienna,3,10,74.4
6716,2026-08-09,desktop,email,Berlin,5,23,106.0
6717,2026-01-14,mobile,direct,Cologne,7,14,43.0
6718,2026-06-30,desktop,paid_search,Hamburg,6,18,106.8
6719,2026-05-17,tablet,organic_search,Frankfurt,3,11,157.6
6720,2026-01-07,mobile,organic_search,Amsterdam,2,5,123.7
6721,2026-03-16,mobile,organic_search,Zurich,2,9,317.9
6722,2026-07-29,mobile,organic_search,Paris,5,17,114.5
6723,2026-06-30,mobile,email,Zurich,2,14,87.1
6724,2026-05-18,mobile,paid_search,Cologne,5,19,66.4
6725,2026-07-05,mobile,organic_search,Paris,7,3,72.7
6726,2026-02-17,mobile,paid_search,Paris,5,10,249.6
6727,2026-02-15,desktop,organic_search,Barcelona,3,3,238.7
6728,2026-05-30,mobile,paid_search,Munich,2,7,172.7
6729,2026-04-19,tablet,paid_search,Amsterdam,7,22,23.6
6730,2026-02-25,desktop,email,Salzburg,1,9,61.3
6731,2026-01-06,mobile,organic_search,Barcelona,1,17,88.5
6732,2026-04-17,desktop,email,Vienna,4,3,70.0
6733,2026-06-25,mobile,paid_search,Berlin,1,10,127.0
6734,2026-04-03,desktop,affiliate,Paris,6,10,140.9
6735,2026-05-13,desktop,direct,Paris,6,10,138.5
6736,2026-02-16,mobile,affiliate,Amsterdam,1,17,18.3
6737,2026-08-25,desktop,affiliate,Paris,3,10,16.5
6738,2026-07-15,desktop,paid_search,Hamburg,7,3,108.4
6739,2026-03-23,desktop,paid_search,Hamburg,5,22,125.1
6740,2026-04-28,desktop,organic_search,Amsterdam,1,17,42.1
6741,2026-06-08,desktop,paid_search,Rome,5,24,154.0
6742,2026-02-05,desktop,paid_search,Berlin,4,19,66.2
6743,2026-05-19,desktop,paid_search,Frankfurt,5,9,93.2
6744,2026-02-27,desktop,organic_search,Zurich,7,22,29.7
6745,2026-05-15,desktop,organic_search,Amsterdam,4,18,46.1
6746,2026-05-01,mobile,email,Frankfurt,7,9,43.6
6747,2026-04-13,tablet,direct,Cologne,5,8,145.1
6748,2026-06-04,desktop,email,Vienna,1,3,220.8
6749,2026-04-01,mobile,organic_search,Paris,4,19,342.1
6750,2026-07-06,desktop,affiliate,Zurich,3,5,60.2
6751,2026-02-25,mobile,organic_search,Rome,3,23,191.1
6752,2026-01-12,mobile,organic_search,Cologne,5,8,19.6
6753,2026-06-17,desktop,organic_search,Barcelona,5,3,188.1
6754,2026-05-25,mobile,organic_search,Frankfurt,3,22,71.8
6755,2026-06-20,desktop,organic_search,Berlin,1,4,171.4
6756,2026-04-05,desktop,affiliate,Paris,1,11,74.2
6757,2026-06-11,desktop,direct,Berlin,2,20,121.0
6758,2026-01-12,desktop,paid_search,Frankfurt,6,11,88.9
6759,2026-08-25,mobile,paid_search,Salzburg,2,12,85.1
6760,2026-08-02,desktop,direct,Rome,7,18,121.9
6761,2026-03-20,mobile,paid_search,Rome,6,15,51.6
6762,2026-03-15,desktop,email,Cologne,4,7,36.9
6763,2026-02-08,desktop,organic_search,Hamburg,5,11,143.2
6764,2026-08-23,desktop,organic_search,Salzburg,6,11,88.2
6765,2026-01-15,mobile,organic_search,Munich,1,4,67.4
6766,2026-07-19,desktop,direct,Munich,4,21,90.9
6767,2026-02-02,mobile,paid_search,Vienna,6,11,124.2
6768,2026-08-23,desktop,direct,Frankfurt,7,9,86.8
6769,2026-03-06,desktop,paid_search,Paris,2,6,166.6
6770,2026-04-17,mobile,paid_search,Cologne,4,13,152.5
6771,2026-01-15,desktop,organic_search,Paris,1,10,165.8
6772,2026-03-13,mobile,email,Barcelona,1,7,95.3
6773,2026-08-17,tablet,paid_search,Paris,1,6,103.6
6774,2026-05-23,mobile,organic_search,Berlin,3,23,54.8
6775,2026-03-20,tablet,organic_search,Salzburg,4,21,45.4
6776,2026-08-04,mobile,organic_search,Vienna,3,16,117.7
6777,2026-08-14,mobile,paid_search,Paris,2,8,56.4
6778,2026-04-10,mobile,paid_search,Paris,7,5,57.2
6779,2026-04-02,mobile,paid_search,Paris,5,15,166.7
6780,2026-07-22,desktop,organic_search,Amsterdam,6,4,121.4
6781,2026-05-11,desktop,organic_search,Rome,6,24,81.9
6782,2026-03-11,mobile,organic_search,Zurich,7,16,202.6
6783,2026-05-24,desktop,paid_search,Vienna,3,24,142.1
6784,2026-03-29,mobile,direct,Rome,5,15,200.6
6785,2026-04-07,mobile,organic_search,Cologne,7,17,147.5
6786,2026-06-10,desktop,organic_search,Munich,6,13,123.8
6787,2026-03-28,mobile,organic_search,Barcelona,2,9,30.2
6788,2026-05-08,mobile,paid_search,Amsterdam,7,3,165.4
6789,2026-06-10,desktop,paid_search,Cologne,5,14,79.3
6790,2026-08-08,mobile,paid_search,Hamburg,1,22,201.2
6791,2026-08-07,mobile,paid_search,Frankfurt,7,14,385.7
6792,2026-08-03,mobile,direct,Barcelona,6,18,147.8
6793,2026-06-30,mobile,paid_search,Salzburg,4,22,55.8
6794,2026-04-21,desktop,organic_search,Amsterdam,3,11,24.3
6795,2026-04-17,mobile,direct,Rome,6,18,20.6
6796,2026-01-17,mobile,affiliate,Berlin,5,15,69.5
6797,2026-07-10,desktop,paid_search,Vienna,5,22,117.7
6798,2026-08-14,desktop,organic_search,Barcelona,1,17,22.6
6799,2026-06-03,mobile,email,Berlin,2,3,108.6
6800,2026-08-14,desktop,paid_search,Salzburg,3,3,121.4
6801,2026-05-04,desktop,direct,Salzburg,7,24,220.0
6802,2026-01-28,mobile,direct,Zurich,5,11,29.7
6803,2026-08-03,desktop,paid_search,Berlin,2,18,165.9
6804,2026-04-09,mobile,paid_search,Munich,7,22,315.6
6805,2026-05-03,mobile,organic_search,Hamburg,6,23,140.4
6806,2026-05-29,mobile,paid_search,Vienna,1,19,126.0
6807,2026-04-17,mobile,organic_search,Munich,1,20,78.2
6808,2026-04-17,mobile,direct,Barcelona,3,19,120.9
6809,2026-06-11,mobile,organic_search,Salzburg,4,18,31.0
6810,2026-03-19,mobile,direct,Rome,6,24,268.1
6811,2026-04-15,tablet,direct,Hamburg,5,4,138.6
6812,2026-02-06,mobile,direct,Barcelona,3,9,67.3
6813,2026-03-11,desktop,email,Zurich,5,6,215.1
6814,2026-06-24,desktop,paid_search,Barcelona,5,20,36.3
6815,2026-05-05,mobile,paid_search,Zurich,5,7,64.3
6816,2026-03-30,mobile,paid_search,Munich,5,6,60.8
6817,2026-08-15,mobile,direct,Vienna,1,13,36.8
6818,2026-02-18,mobile,paid_search,Hamburg,7,7,51.7
6819,2026-05-02,desktop,organic_search,Berlin,3,20,87.8
6820,2026-01-17,mobile,paid_search,Berlin,6,12,42.5
6821,2026-08-28,mobile,organic_search,Berlin,5,8,66.8
6822,2026-07-23,desktop,paid_search,Hamburg,5,15,153.7
6823,2026-07-18,mobile,organic_search,Vienna,3,24,34.5
6824,2026-03-07,mobile,paid_search,Amsterdam,6,19,165.1
6825,2026-04-28,mobile,paid_search,Hamburg,4,17,44.5
6826,2026-04-20,mobile,paid_search,Salzburg,2,18,59.9
6827,2026-03-23,desktop,paid_search,Vienna,1,19,79.9
6828,2026-01-06,desktop,direct,Zurich,1,16,116.6
6829,2026-06-06,desktop,affiliate,Salzburg,5,22,301.5
6830,2026-01-05,desktop,organic_search,Munich,4,8,94.0
6831,2026-08-20,tablet,affiliate,Vienna,3,14,45.6
6832,2026-02-05,mobile,paid_search,Salzburg,4,18,456.9
6833,2026-04-11,mobile,organic_search,Salzburg,1,6,88.5
6834,2026-03-15,desktop,direct,Frankfurt,7,13,227.6
6835,2026-02-21,desktop,paid_search,Paris,4,12,175.3
6836,2026-08-27,desktop,paid_search,Rome,7,9,49.1
6837,2026-02-01,mobile,direct,Zurich,3,14,107.1
6838,2026-07-14,mobile,direct,Berlin,3,18,252.9
6839,2026-05-06,mobile,paid_search,Hamburg,5,24,179.6
6840,2026-06-13,mobile,organic_search,Hamburg,1,12,55.5
6841,2026-04-18,mobile,direct,Munich,2,4,368.0
6842,2026-01-02,mobile,direct,Cologne,4,24,104.1
6843,2026-05-05,mobile,direct,Paris,2,10,59.2
6844,2026-01-07,mobile,affiliate,Zurich,7,11,428.5
6845,2026-04-28,desktop,affiliate,Paris,3,19,341.7
6846,2026-05-20,desktop,organic_search,Vienna,6,10,142.2
6847,2026-05-19,mobile,organic_search,Vienna,7,18,192.8
6848,2026-06-21,desktop,email,Zurich,1,3,207.2
6849,2026-03-17,desktop,organic_search,Rome,2,21,88.6
6850,2026-08-27,mobile,organic_search,Berlin,1,14,173.5
6851,2026-04-26,desktop,paid_search,Zurich,3,24,24.8
6852,2026-06-17,mobile,direct,Barcelona,5,16,83.8
6853,2026-04-14,mobile,paid_search,Berlin,6,15,190.1
6854,2026-03-30,mobile,organic_search,Cologne,3,13,97.4
6855,2026-05-08,desktop,organic_search,Barcelona,6,21,22.1
6856,2026-07-21,mobile,paid_search,Frankfurt,6,6,19.0
6857,2026-04-19,mobile,paid_search,Frankfurt,3,24,157.7
6858,2026-01-17,desktop,direct,Munich,3,11,167.8
6859,2026-06-07,desktop,direct,Salzburg,6,5,192.5
6860,2026-03-26,desktop,organic_search,Zurich,2,6,155.6
6861,2026-06-21,mobile,paid_search,Rome,6,15,379.8
6862,2026-07-21,desktop,paid_search,Vienna,5,23,171.4
6863,2026-04-07,mobile,direct,Salzburg,2,12,115.4
6864,2026-08-13,desktop,paid_search,Salzburg,2,7,62.5
6865,2026-06-27,mobile,paid_search,Zurich,5,19,177.6
6866,2026-06-12,tablet,organic_search,Munich,5,9,38.3
6867,2026-08-09,mobile,organic_search,Barcelona,2,7,199.4
6868,2026-08-01,mobile,email,Berlin,5,17,90.9
6869,2026-07-05,desktop,paid_search,Barcelona,4,21,73.7
6870,2026-08-28,desktop,paid_search,Zurich,1,23,20.0
6871,2026-07-07,mobile,paid_search,Zurich,4,12,63.4
6872,2026-07-26,desktop,affiliate,Vienna,2,23,263.9
6873,2026-06-27,mobile,paid_search,Berlin,4,11,34.3
6874,2026-04-22,mobile,organic_search,Munich,1,13,44.5
6875,2026-04-06,mobile,organic_search,Rome,7,18,44.7
6876,2026-07-15,mobile,email,Frankfurt,1,23,49.0
6877,2026-08-20,mobile,affiliate,Zurich,6,10,135.8
6878,2026-05-22,mobile,affiliate,Frankfurt,2,8,97.5
6879,2026-02-16,mobile,organic_search,Salzburg,5,22,184.2
6880,2026-07-16,mobile,direct,Vienna,1,6,63.1
6881,2026-03-12,mobile,paid_search,Rome,1,22,65.3
6882,2026-06-27,mobile,paid_search,Paris,7,13,457.5
6883,2026-02-20,mobile,email,Frankfurt,1,3,109.4
6884,2026-07-27,desktop,email,Zurich,5,19,277.7
6885,2026-04-28,mobile,organic_search,Munich,5,7,17.5
6886,2026-03-31,mobile,organic_search,Paris,2,13,100.6
6887,2026-06-30,mobile,organic_search,Cologne,7,19,73.2
6888,2026-06-20,mobile,email,Berlin,6,13,38.8
6889,2026-03-04,tablet,affiliate,Rome,1,14,180.1
6890,2026-01-17,desktop,direct,Munich,1,7,55.9
6891,2026-08-21,mobile,organic_search,Barcelona,7,4,220.4
6892,2026-08-23,mobile,paid_search,Hamburg,1,7,73.1
6893,2026-06-09,mobile,paid_search,Vienna,4,12,127.0
6894,2026-01-27,desktop,direct,Paris,6,9,80.6
6895,2026-08-15,mobile,direct,Barcelona,3,3,125.3
6896,2026-04-22,mobile,organic_search,Berlin,7,12,155.7
6897,2026-05-27,desktop,paid_search,Rome,5,8,317.5
6898,2026-06-13,desktop,organic_search,Amsterdam,6,20,166.7
6899,2026-05-23,mobile,paid_search,Barcelona,7,6,50.1
6900,2026-02-25,mobile,organic_search,Frankfurt,1,15,138.7
6901,2026-08-22,mobile,direct,Paris,2,21,115.4
6902,2026-05-09,mobile,paid_search,Frankfurt,1,13,80.3
6903,2026-08-17,mobile,paid_search,Paris,7,21,60.6
6904,2026-02-02,tablet,email,Rome,4,19,157.6
6905,2026-06-17,mobile,paid_search,Salzburg,1,21,28.8
6906,2026-02-13,mobile,direct,Hamburg,3,10,44.6
6907,2026-01-28,desktop,affiliate,Amsterdam,6,3,261.4
6908,2026-08-01,desktop,organic_search,Munich,4,19,176.5
6909,2026-01-29,desktop,organic_search,Paris,5,19,67.6
6910,2026-01-10,mobile,organic_search,Vienna,4,23,95.2
6911,2026-01-09,desktop,direct,Rome,4,16,82.2
6912,2026-03-30,mobile,direct,Frankfurt,7,14,153.7
6913,2026-02-05,mobile,direct,Vienna,4,18,215.1
6914,2026-01-18,desktop,direct,Vienna,6,19,21.5
6915,2026-05-13,mobile,paid_search,Hamburg,7,4,84.4
6916,2026-02-20,desktop,organic_search,Paris,4,18,134.9
6917,2026-04-18,desktop,organic_search,Munich,6,7,165.7
6918,2026-01-25,desktop,affiliate,Rome,7,14,139.3
6919,2026-06-17,mobile,organic_search,Munich,7,7,22.5
6920,2026-04-12,mobile,paid_search,Munich,3,13,52.6
6921,2026-08-04,desktop,direct,Berlin,1,6,71.8
6922,2026-07-15,mobile,direct,Rome,7,22,187.1
6923,2026-04-02,mobile,paid_search,Barcelona,3,15,91.1
6924,2026-03-22,mobile,paid_search,Barcelona,1,3,104.1
6925,2026-07-30,mobile,affiliate,Salzburg,2,10,205.8
6926,2026-03-30,mobile,paid_search,Hamburg,7,4,130.8
6927,2026-08-05,mobile,email,Vienna,3,13,47.3
6928,2026-01-24,desktop,affiliate,Barcelona,5,8,163.1
6929,2026-06-14,mobile,organic_search,Berlin,7,18,346.4
6930,2026-04-18,desktop,direct,Zurich,5,24,44.5
6931,2026-07-22,desktop,affiliate,Vienna,4,14,256.9
6932,2026-01-22,tablet,paid_search,Munich,3,3,75.4
6933,2026-08-13,mobile,paid_search,Berlin,6,13,86.0
6934,2026-08-30,desktop,paid_search,Cologne,6,24,83.3
6935,2026-04-21,mobile,direct,Amsterdam,1,22,167.2
6936,2026-06-08,desktop,direct,Frankfurt,4,14,111.3
6937,2026-05-02,desktop,paid_search,Paris,4,17,45.0
6938,2026-05-28,desktop,direct,Cologne,3,10,408.9
6939,2026-05-05,mobile,direct,Rome,7,18,140.6
6940,2026-06-10,mobile,organic_search,Barcelona,7,22,107.6
6941,2026-04-22,desktop,organic_search,Hamburg,3,6,150.1
6942,2026-08-28,mobile,organic_search,Cologne,1,23,33.4
6943,2026-08-18,mobile,paid_search,Zurich,4,16,133.5
6944,2026-07-13,mobile,direct,Munich,5,4,103.8
6945,2026-01-23,mobile,affiliate,Cologne,3,14,36.9
6946,2026-02-26,desktop,email,Zurich,5,6,45.5
6947,2026-03-29,mobile,paid_search,Salzburg,5,23,99.0
6948,2026-01-31,tablet,paid_search,Salzburg,1,23,118.1
6949,2026-08-08,desktop,paid_search,Vienna,1,19,167.0
6950,2026-03-08,tablet,organic_search,Berlin,4,7,22.3
6951,2026-07-07,mobile,organic_search,Cologne,4,21,91.0
6952,2026-08-07,desktop,email,Paris,6,24,89.8
6953,2026-03-11,desktop,organic_search,Salzburg,1,17,69.1
6954,2026-06-25,mobile,organic_search,Cologne,3,14,63.9
6955,2026-06-10,mobile,organic_search,Amsterdam,4,10,201.3
6956,2026-06-04,mobile,paid_search,Vienna,5,15,39.7
6957,2026-01-01,mobile,organic_search,Amsterdam,4,17,93.8
6958,2026-05-14,desktop,paid_search,Amsterdam,5,7,257.5
6959,2026-05-09,mobile,email,Hamburg,3,24,49.7
6960,2026-01-02,desktop,paid_search,Hamburg,1,16,117.6
6961,2026-08-11,desktop,direct,Berlin,1,10,145.6
6962,2026-07-03,mobile,affiliate,Salzburg,1,4,160.5
6963,2026-05-30,mobile,direct,Barcelona,4,6,50.2
6964,2026-03-29,desktop,direct,Salzburg,4,18,37.0
6965,2026-08-09,desktop,affiliate,Zurich,2,9,192.3
6966,2026-04-13,desktop,organic_search,Amsterdam,5,6,89.2
6967,2026-01-19,mobile,affiliate,Vienna,4,20,184.6
6968,2026-08-30,mobile,organic_search,Barcelona,3,20,376.3
6969,2026-05-10,tablet,organic_search,Zurich,1,4,67.0
6970,2026-05-23,mobile,paid_search,Frankfurt,1,10,248.6
6971,2026-06-15,mobile,email,Rome,2,23,84.2
6972,2026-02-09,tablet,paid_search,Salzburg,2,5,36.4
6973,2026-01-09,mobile,organic_search,Frankfurt,5,18,70.4
6974,2026-04-21,desktop,organic_search,Cologne,5,11,241.2
6975,2026-07-29,mobile,paid_search,Vienna,7,16,232.0
6976,2026-08-29,mobile,affiliate,Salzburg,1,16,118.9
6977,2026-03-04,desktop,direct,Salzburg,7,6,142.5
6978,2026-08-27,mobile,paid_search,Zurich,6,18,87.5
6979,2026-07-29,desktop,organic_search,Amsterdam,1,14,314.6
6980,2026-07-17,desktop,affiliate,Barcelona,4,10,91.2
6981,2026-03-09,mobile,organic_search,Vienna,5,3,176.0
6982,2026-06-27,desktop,organic_search,Rome,1,24,63.3
6983,2026-08-26,mobile,organic_search,Amsterdam,7,15,107.7
6984,2026-05-21,mobile,paid_search,Vienna,5,10,8.9
6985,2026-08-03,mobile,email,Cologne,3,9,84.5
6986,2026-03-08,mobile,direct,Berlin,3,10,134.6
6987,2026-07-27,desktop,paid_search,Munich,6,14,156.6
6988,2026-02-13,tablet,direct,Zurich,5,23,176.1
6989,2026-06-16,desktop,direct,Berlin,1,10,126.1
6990,2026-03-29,mobile,organic_search,Berlin,5,21,137.5
6991,2026-04-08,mobile,paid_search,Berlin,7,12,111.9
6992,2026-06-27,desktop,organic_search,Amsterdam,7,14,206.7
6993,2026-04-21,mobile,email,Berlin,5,15,126.6
6994,2026-07-24,desktop,email,Rome,4,22,190.0
6995,2026-05-23,mobile,email,Paris,5,23,41.5
6996,2026-05-05,mobile,direct,Barcelona,2,15,142.5
6997,2026-03-06,mobile,paid_search,Barcelona,5,24,91.1
6998,2026-06-06,mobile,paid_search,Salzburg,6,12,17.9
6999,2026-03-04,mobile,email,Salzburg,7,16,25.1
7000,2026-07-01,mobile,direct,Hamburg,5,22,33.6
7001,2026-04-28,mobile,email,Cologne,3,6,92.1
7002,2026-05-09,mobile,organic_search,Hamburg,2,19,68.4
7003,2026-05-08,mobile,paid_search,Amsterdam,2,4,170.6
7004,2026-01-11,mobile,email,Barcelona,2,4,202.8
7005,2026-07-12,mobile,paid_search,Paris,4,24,117.8
7006,2026-08-29,desktop,paid_search,Vienna,4,4,239.2
7007,2026-06-30,mobile,paid_search,Frankfurt,7,16,70.3
7008,2026-02-14,mobile,organic_search,Munich,5,17,132.7
7009,2026-06-01,desktop,email,Frankfurt,7,16,64.1
7010,2026-02-08,mobile,direct,Salzburg,7,5,141.7
7011,2026-06-08,mobile,affiliate,Rome,1,3,176.2
7012,2026-04-18,mobile,organic_search,Berlin,2,3,196.9
7013,2026-07-30,mobile,organic_search,Frankfurt,1,23,107.7
7014,2026-05-21,mobile,paid_search,Barcelona,5,19,57.9
7015,2026-01-15,desktop,organic_search,Rome,6,6,100.2
7016,2026-07-30,mobile,direct,Zurich,7,13,128.3
7017,2026-05-19,mobile,paid_search,Hamburg,5,14,67.8
7018,2026-08-03,desktop,organic_search,Salzburg,2,11,191.5
7019,2026-01-15,mobile,paid_search,Rome,5,9,49.5
7020,2026-02-27,tablet,affiliate,Amsterdam,2,5,191.5
7021,2026-01-27,mobile,direct,Munich,5,11,76.3
7022,2026-03-13,desktop,direct,Cologne,1,3,44.9
7023,2026-04-26,desktop,direct,Amsterdam,1,10,31.9
7024,2026-06-08,tablet,email,Amsterdam,5,18,133.3
7025,2026-04-05,mobile,direct,Cologne,3,8,50.6
7026,2026-04-26,mobile,paid_search,Paris,1,24,100.2
7027,2026-06-27,mobile,organic_search,Barcelona,4,8,73.9
7028,2026-04-11,mobile,direct,Frankfurt,5,22,89.1
7029,2026-07-18,mobile,organic_search,Hamburg,5,4,38.9
7030,2026-01-29,mobile,organic_search,Salzburg,1,15,298.7
7031,2026-07-11,mobile,affiliate,Zurich,5,3,130.5
7032,2026-07-13,mobile,direct,Berlin,1,13,65.6
7033,2026-05-21,desktop,direct,Salzburg,6,11,56.2
7034,2026-03-14,mobile,direct,Paris,6,5,166.1
7035,2026-01-02,desktop,paid_search,Cologne,4,4,176.0
7036,2026-08-27,mobile,email,Paris,6,18,37.7
7037,2026-01-06,desktop,paid_search,Vienna,5,10,49.0
7038,2026-01-22,mobile,paid_search,Barcelona,5,8,335.9
7039,2026-02-16,mobile,paid_search,Paris,1,8,63.6
7040,2026-02-16,desktop,affiliate,Rome,2,13,91.2
7041,2026-03-06,mobile,paid_search,Barcelona,5,13,69.8
7042,2026-02-21,mobile,organic_search,Paris,7,20,107.4
7043,2026-04-22,tablet,email,Berlin,4,16,36.7
7044,2026-08-06,mobile,paid_search,Cologne,7,18,228.6
7045,2026-04-02,tablet,direct,Paris,3,11,90.6
7046,2026-02-03,mobile,organic_search,Frankfurt,1,23,26.6
7047,2026-02-06,mobile,organic_search,Amsterdam,5,13,95.1
7048,2026-07-25,desktop,organic_search,Cologne,6,21,165.3
7049,2026-01-24,mobile,organic_search,Cologne,1,24,48.2
7050,2026-08-19,desktop,email,Berlin,7,19,149.3
7051,2026-01-06,desktop,affiliate,Paris,6,12,215.6
7052,2026-01-11,mobile,organic_search,Berlin,5,24,45.2
7053,2026-01-17,mobile,direct,Vienna,7,12,59.2
7054,2026-08-12,mobile,affiliate,Hamburg,6,4,72.3
7055,2026-01-01,desktop,paid_search,Salzburg,1,15,301.3
7056,2026-08-03,mobile,affiliate,Zurich,5,15,151.1
7057,2026-01-08,mobile,paid_search,Hamburg,3,3,76.7
7058,2026-06-23,mobile,paid_search,Cologne,7,21,154.7
7059,2026-04-19,desktop,email,Paris,7,13,122.2
7060,2026-03-01,mobile,organic_search,Vienna,5,21,41.5
7061,2026-06-13,mobile,paid_search,Cologne,1,3,223.4
7062,2026-06-22,mobile,organic_search,Salzburg,7,8,188.5
7063,2026-04-12,mobile,paid_search,Zurich,2,9,140.8
7064,2026-01-26,mobile,paid_search,Berlin,6,20,58.0
7065,2026-03-05,mobile,direct,Zurich,6,20,262.1
7066,2026-01-05,mobile,organic_search,Salzburg,4,4,166.8
7067,2026-05-29,mobile,email,Amsterdam,3,7,259.2
7068,2026-03-28,mobile,affiliate,Barcelona,2,7,88.9
7069,2026-06-03,desktop,email,Berlin,3,13,513.7
7070,2026-05-11,mobile,paid_search,Berlin,1,19,104.7
7071,2026-06-22,mobile,direct,Vienna,3,18,112.2
7072,2026-04-21,desktop,affiliate,Salzburg,3,4,378.4
7073,2026-03-10,desktop,organic_search,Hamburg,7,24,394.9
7074,2026-05-31,mobile,direct,Cologne,4,23,192.4
7075,2026-08-20,desktop,paid_search,Munich,1,17,97.4
7076,2026-06-17,mobile,direct,Barcelona,2,22,175.6
7077,2026-02-11,mobile,organic_search,Salzburg,3,22,90.5
7078,2026-03-04,desktop,organic_search,Barcelona,3,22,52.5
7079,2026-08-22,mobile,affiliate,Vienna,3,7,106.4
7080,2026-06-23,tablet,organic_search,Hamburg,4,17,223.0
7081,2026-06-03,desktop,affiliate,Vienna,7,4,126.3
7082,2026-06-25,mobile,direct,Berlin,1,3,28.4
7083,2026-03-07,mobile,organic_search,Frankfurt,3,13,144.8
7084,2026-08-11,desktop,direct,Barcelona,3,23,15.2
7085,2026-02-18,desktop,email,Cologne,7,15,168.0
7086,2026-08-17,desktop,organic_search,Paris,5,23,60.5
7087,2026-02-26,mobile,direct,Berlin,3,10,209.1
7088,2026-03-17,mobile,affiliate,Cologne,1,17,139.8
7089,2026-06-06,mobile,organic_search,Zurich,4,18,273.6
7090,2026-05-01,mobile,affiliate,Cologne,7,4,65.1
7091,2026-08-20,tablet,organic_search,Rome,5,15,91.8
7092,2026-07-26,mobile,direct,Berlin,7,20,18.2
7093,2026-07-30,desktop,organic_search,Vienna,4,15,142.7
7094,2026-05-18,mobile,paid_search,Cologne,2,22,110.6
7095,2026-08-26,desktop,organic_search,Cologne,2,22,9.3
7096,2026-06-26,mobile,affiliate,Berlin,5,24,117.5
7097,2026-03-19,mobile,email,Cologne,6,6,41.3
7098,2026-05-25,mobile,email,Berlin,5,17,97.8
7099,2026-04-04,desktop,affiliate,Cologne,2,10,331.5
7100,2026-03-08,desktop,direct,Rome,5,6,141.6
7101,2026-06-30,mobile,organic_search,Vienna,7,19,98.3
7102,2026-04-10,desktop,affiliate,Cologne,5,24,41.2
7103,2026-03-02,mobile,paid_search,Berlin,7,13,78.5
7104,2026-07-27,mobile,email,Cologne,2,10,110.0
7105,2026-03-23,desktop,direct,Hamburg,4,22,81.5
7106,2026-06-29,mobile,direct,Vienna,2,3,67.9
7107,2026-03-11,mobile,direct,Paris,2,6,231.4
7108,2026-04-03,mobile,organic_search,Berlin,1,16,100.0
7109,2026-04-09,mobile,paid_search,Vienna,2,13,102.8
7110,2026-04-28,desktop,organic_search,Vienna,3,3,219.5
7111,2026-07-06,desktop,affiliate,Berlin,6,19,68.1
7112,2026-03-27,tablet,organic_search,Cologne,2,21,132.7
7113,2026-01-03,desktop,email,Berlin,2,16,138.0
7114,2026-02-07,mobile,direct,Amsterdam,6,18,136.6
7115,2026-01-07,desktop,direct,Paris,4,6,133.0
7116,2026-08-09,mobile,paid_search,Berlin,5,5,128.1
7117,2026-01-01,mobile,paid_search,Barcelona,6,18,418.6
7118,2026-08-11,desktop,direct,Salzburg,4,11,186.6
7119,2026-06-04,mobile,paid_search,Cologne,1,14,19.3
7120,2026-01-03,mobile,direct,Zurich,4,21,86.6
7121,2026-03-30,desktop,organic_search,Cologne,4,24,60.9
7122,2026-07-07,desktop,email,Paris,7,4,118.0
7123,2026-04-24,mobile,direct,Barcelona,5,16,195.0
7124,2026-07-15,mobile,direct,Cologne,5,22,122.5
7125,2026-04-23,tablet,paid_search,Zurich,5,10,32.7
7126,2026-03-29,tablet,direct,Paris,3,15,196.0
7127,2026-02-19,mobile,paid_search,Zurich,3,14,47.8
7128,2026-06-10,mobile,organic_search,Zurich,2,19,169.2
7129,2026-07-11,desktop,paid_search,Frankfurt,3,5,23.7
7130,2026-06-16,desktop,paid_search,Zurich,6,11,328.0
7131,2026-02-15,mobile,organic_search,Rome,1,19,104.7
7132,2026-03-27,desktop,organic_search,Berlin,4,13,69.4
7133,2026-06-15,tablet,direct,Amsterdam,5,21,35.4
7134,2026-02-21,mobile,direct,Hamburg,2,8,143.1
7135,2026-06-28,mobile,paid_search,Amsterdam,1,15,129.7
7136,2026-08-11,desktop,affiliate,Salzburg,4,22,10.3
7137,2026-03-03,desktop,organic_search,Hamburg,4,15,128.5
7138,2026-03-30,desktop,direct,Paris,2,18,95.1
7139,2026-06-21,desktop,email,Cologne,1,5,136.7
7140,2026-06-29,mobile,direct,Barcelona,3,8,320.4
7141,2026-02-22,tablet,paid_search,Frankfurt,1,6,269.5
7142,2026-04-28,desktop,email,Munich,5,21,103.0
7143,2026-05-08,mobile,direct,Cologne,4,24,41.8
7144,2026-07-21,mobile,organic_search,Paris,5,24,52.5
7145,2026-06-23,desktop,direct,Hamburg,3,11,147.7
7146,2026-02-05,mobile,paid_search,Barcelona,5,8,22.2
7147,2026-02-05,mobile,organic_search,Amsterdam,4,20,85.3
7148,2026-08-07,mobile,paid_search,Vienna,7,11,79.7
7149,2026-06-13,mobile,paid_search,Zurich,2,22,58.1
7150,2026-07-29,mobile,organic_search,Salzburg,4,8,75.7
7151,2026-02-02,desktop,organic_search,Salzburg,7,5,39.8
7152,2026-05-08,desktop,direct,Amsterdam,7,8,179.1
7153,2026-01-18,desktop,paid_search,Zurich,1,22,177.2
7154,2026-04-26,mobile,direct,Berlin,3,9,333.5
7155,2026-03-26,mobile,direct,Paris,1,6,152.0
7156,2026-03-18,desktop,affiliate,Paris,5,16,26.8
7157,2026-02-22,mobile,paid_search,Berlin,5,19,188.9
7158,2026-02-01,mobile,direct,Berlin,4,14,159.1
7159,2026-02-06,mobile,direct,Amsterdam,7,8,283.8
7160,2026-05-10,tablet,direct,Rome,1,23,88.6
7161,2026-03-04,desktop,paid_search,Barcelona,1,21,117.9
7162,2026-03-14,tablet,direct,Zurich,7,16,166.2
7163,2026-07-04,tablet,direct,Vienna,1,13,113.9
7164,2026-04-09,mobile,direct,Rome,7,20,220.6
7165,2026-07-28,desktop,organic_search,Cologne,4,13,87.9
7166,2026-06-01,mobile,direct,Rome,5,16,116.9
7167,2026-08-15,desktop,paid_search,Salzburg,4,15,60.4
7168,2026-06-19,mobile,email,Salzburg,5,14,42.2
7169,2026-08-19,mobile,organic_search,Barcelona,2,21,107.0
7170,2026-06-25,desktop,paid_search,Salzburg,1,12,28.0
7171,2026-06-02,mobile,direct,Rome,1,9,119.0
7172,2026-04-02,mobile,affiliate,Rome,2,14,6.7
7173,2026-06-17,desktop,email,Zurich,6,24,178.0
7174,2026-04-09,mobile,direct,Frankfurt,4,13,103.4
7175,2026-03-15,desktop,direct,Zurich,1,21,85.7
7176,2026-01-07,mobile,paid_search,Paris,2,22,73.9
7177,2026-08-05,mobile,organic_search,Rome,5,11,192.9
7178,2026-03-13,mobile,paid_search,Rome,3,14,150.2
7179,2026-03-26,desktop,affiliate,Salzburg,6,3,74.7
7180,2026-07-11,desktop,paid_search,Paris,1,11,338.2
7181,2026-06-27,mobile,paid_search,Frankfurt,1,6,420.9
7182,2026-06-12,mobile,affiliate,Amsterdam,6,5,231.6
7183,2026-07-09,desktop,organic_search,Hamburg,6,15,145.7
7184,2026-08-24,tablet,organic_search,Cologne,1,16,89.0
7185,2026-08-25,mobile,direct,Munich,5,21,26.8
7186,2026-04-25,desktop,paid_search,Frankfurt,2,15,71.5
7187,2026-01-08,desktop,direct,Frankfurt,4,23,32.4
7188,2026-01-30,desktop,paid_search,Hamburg,6,8,123.8
7189,2026-03-02,mobile,paid_search,Berlin,1,11,127.2
7190,2026-05-11,mobile,affiliate,Frankfurt,7,22,75.8
7191,2026-04-25,mobile,paid_search,Zurich,7,3,195.6
7192,2026-05-28,mobile,direct,Rome,3,18,55.1
7193,2026-07-12,mobile,affiliate,Rome,7,18,56.7
7194,2026-06-23,mobile,paid_search,Frankfurt,4,9,64.4
7195,2026-06-25,mobile,organic_search,Zurich,3,9,28.5
7196,2026-07-25,desktop,direct,Berlin,7,15,100.5
7197,2026-01-19,mobile,direct,Paris,3,16,16.8
7198,2026-04-05,mobile,paid_search,Cologne,4,6,227.6
7199,2026-07-27,mobile,direct,Paris,4,11,34.7
7200,2026-01-31,mobile,direct,Vienna,2,21,65.6
7201,2026-04-10,mobile,organic_search,Zurich,7,16,290.6
7202,2026-07-10,desktop,organic_search,Salzburg,7,5,11.4
7203,2026-07-26,mobile,direct,Munich,7,8,49.7
7204,2026-07-19,desktop,paid_search,Cologne,7,3,159.8
7205,2026-08-02,mobile,organic_search,Hamburg,2,6,128.8
7206,2026-01-14,mobile,organic_search,Amsterdam,5,4,67.9
7207,2026-08-11,desktop,organic_search,Frankfurt,4,6,180.5
7208,2026-04-30,mobile,organic_search,Rome,6,20,96.4
7209,2026-07-10,mobile,direct,Hamburg,3,23,27.5
7210,2026-03-07,mobile,affiliate,Salzburg,4,23,280.6
7211,2026-07-02,mobile,direct,Frankfurt,2,22,26.9
7212,2026-02-03,mobile,paid_search,Berlin,4,3,128.1
7213,2026-05-04,desktop,direct,Paris,1,21,50.4
7214,2026-01-09,mobile,direct,Zurich,1,17,90.6
7215,2026-05-15,desktop,organic_search,Paris,3,16,98.1
7216,2026-08-28,mobile,paid_search,Berlin,5,4,31.6
7217,2026-05-06,mobile,paid_search,Barcelona,3,11,235.5
7218,2026-01-10,mobile,organic_search,Barcelona,5,9,226.5
7219,2026-05-05,mobile,affiliate,Zurich,5,7,121.4
7220,2026-02-19,tablet,organic_search,Munich,3,16,129.3
7221,2026-02-20,mobile,direct,Rome,5,17,175.6
7222,2026-05-21,desktop,paid_search,Salzburg,3,5,50.8
7223,2026-03-21,mobile,paid_search,Paris,7,10,167.1
7224,2026-04-03,mobile,direct,Berlin,1,14,126.1
7225,2026-02-12,desktop,direct,Rome,5,16,53.1
7226,2026-06-03,mobile,organic_search,Cologne,6,8,461.3
7227,2026-06-23,mobile,paid_search,Zurich,2,10,8.8
7228,2026-08-05,desktop,direct,Vienna,7,11,76.4
7229,2026-04-12,mobile,organic_search,Vienna,5,3,55.9
7230,2026-01-06,desktop,direct,Berlin,4,18,65.9
7231,2026-02-28,tablet,direct,Frankfurt,2,16,209.9
7232,2026-08-27,mobile,direct,Berlin,5,22,178.8
7233,2026-07-13,mobile,organic_search,Vienna,2,24,103.6
7234,2026-05-10,tablet,paid_search,Rome,3,18,108.8
7235,2026-08-05,desktop,paid_search,Munich,7,13,114.6
7236,2026-03-03,desktop,paid_search,Berlin,2,5,124.7
7237,2026-01-02,desktop,direct,Cologne,2,6,18.0
7238,2026-06-08,desktop,organic_search,Frankfurt,1,5,173.5
7239,2026-08-01,mobile,paid_search,Barcelona,4,19,258.1
7240,2026-02-01,mobile,organic_search,Munich,6,12,49.4
7241,2026-01-07,mobile,paid_search,Zurich,7,14,219.3
7242,2026-06-28,mobile,email,Munich,1,21,32.5
7243,2026-06-21,mobile,paid_search,Cologne,5,18,219.1
7244,2026-01-10,mobile,affiliate,Frankfurt,2,14,74.9
7245,2026-08-01,mobile,direct,Salzburg,4,22,128.9
7246,2026-08-25,mobile,affiliate,Munich,2,16,24.0
7247,2026-02-27,mobile,email,Frankfurt,3,9,49.2
7248,2026-07-24,mobile,email,Cologne,4,21,189.4
7249,2026-08-17,tablet,paid_search,Hamburg,1,8,42.3
7250,2026-04-19,desktop,email,Salzburg,7,3,49.3
7251,2026-06-24,tablet,paid_search,Munich,7,13,143.1
7252,2026-04-25,mobile,email,Paris,2,21,225.2
7253,2026-08-27,mobile,paid_search,Salzburg,6,4,13.9
7254,2026-01-23,desktop,organic_search,Rome,5,21,16.3
7255,2026-02-18,mobile,affiliate,Zurich,7,5,56.4
7256,2026-02-27,mobile,direct,Amsterdam,6,20,263.4
7257,2026-02-01,desktop,direct,Berlin,6,14,75.5
7258,2026-01-18,mobile,email,Rome,4,14,23.3
7259,2026-06-10,desktop,affiliate,Berlin,4,11,220.0
7260,2026-05-25,mobile,direct,Hamburg,2,21,160.2
7261,2026-05-05,mobile,paid_search,Hamburg,2,11,76.7
7262,2026-06-29,mobile,organic_search,Rome,4,15,127.4
7263,2026-07-17,mobile,direct,Barcelona,7,17,206.6
7264,2026-03-07,mobile,paid_search,Cologne,4,5,46.0
7265,2026-04-14,mobile,paid_search,Amsterdam,2,23,240.9
7266,2026-06-07,desktop,direct,Hamburg,5,7,59.7
7267,2026-01-01,mobile,direct,Vienna,4,23,8.5
7268,2026-05-04,desktop,organic_search,Vienna,2,17,133.2
7269,2026-04-28,tablet,paid_search,Paris,5,11,341.3
7270,2026-03-08,mobile,organic_search,Berlin,3,23,190.2
7271,2026-06-11,mobile,direct,Salzburg,6,17,90.8
7272,2026-03-21,desktop,paid_search,Salzburg,6,13,96.3
7273,2026-03-17,mobile,direct,Zurich,6,11,41.9
7274,2026-06-25,desktop,paid_search,Frankfurt,7,7,76.2
7275,2026-05-02,desktop,email,Salzburg,3,19,109.0
7276,2026-02-18,mobile,direct,Berlin,6,10,123.0
7277,2026-05-27,desktop,affiliate,Paris,1,14,147.5
7278,2026-03-21,mobile,direct,Rome,6,3,114.7
7279,2026-06-23,mobile,paid_search,Munich,4,5,165.5
7280,2026-04-27,mobile,organic_search,Hamburg,3,5,154.1
7281,2026-02-27,mobile,paid_search,Berlin,7,15,404.8
7282,2026-01-20,desktop,paid_search,Zurich,3,14,63.9
7283,2026-03-07,mobile,direct,Salzburg,3,24,70.4
7284,2026-06-09,mobile,paid_search,Zurich,5,10,32.5
7285,2026-06-16,mobile,paid_search,Zurich,4,8,141.5
7286,2026-07-20,mobile,affiliate,Vienna,6,14,134.7
7287,2026-03-27,mobile,paid_search,Rome,2,19,78.1
7288,2026-08-10,mobile,email,Hamburg,7,14,224.8
7289,2026-07-01,mobile,email,Vienna,6,9,95.8
7290,2026-03-21,mobile,paid_search,Cologne,3,10,165.3
7291,2026-03-06,mobile,paid_search,Hamburg,5,18,149.1
7292,2026-05-19,desktop,direct,Cologne,1,20,57.1
7293,2026-07-02,mobile,paid_search,Frankfurt,6,13,34.8
7294,2026-04-24,mobile,organic_search,Berlin,1,15,86.8
7295,2026-02-08,mobile,paid_search,Barcelona,3,18,47.5
7296,2026-07-05,mobile,paid_search,Berlin,6,3,47.0
7297,2026-04-20,mobile,paid_search,Cologne,5,21,250.5
7298,2026-01-08,desktop,organic_search,Frankfurt,4,12,51.3
7299,2026-02-16,mobile,paid_search,Rome,2,3,114.8
7300,2026-05-20,mobile,affiliate,Zurich,6,22,145.5
7301,2026-05-05,mobile,affiliate,Munich,3,17,64.9
7302,2026-02-10,desktop,email,Salzburg,5,20,139.8
7303,2026-06-19,mobile,paid_search,Vienna,6,4,38.6
7304,2026-06-03,desktop,organic_search,Cologne,7,13,150.3
7305,2026-05-08,mobile,affiliate,Amsterdam,4,23,84.3
7306,2026-01-19,mobile,email,Berlin,5,11,102.5
7307,2026-02-08,mobile,organic_search,Frankfurt,7,14,49.4
7308,2026-02-13,mobile,paid_search,Barcelona,4,11,122.0
7309,2026-08-11,desktop,direct,Zurich,6,9,101.9
7310,2026-02-24,mobile,direct,Munich,6,21,87.2
7311,2026-01-02,mobile,direct,Paris,4,17,240.6
7312,2026-03-10,mobile,affiliate,Barcelona,7,14,51.0
7313,2026-06-26,mobile,organic_search,Berlin,3,18,262.6
7314,2026-02-21,mobile,email,Rome,7,13,95.7
7315,2026-06-24,tablet,organic_search,Berlin,6,13,47.2
7316,2026-01-07,mobile,paid_search,Vienna,4,15,114.4
7317,2026-08-05,desktop,paid_search,Zurich,6,22,151.1
7318,2026-05-13,tablet,direct,Cologne,2,17,87.2
7319,2026-07-28,mobile,paid_search,Paris,4,24,249.9
7320,2026-06-24,tablet,organic_search,Barcelona,6,23,177.9
7321,2026-02-06,desktop,email,Vienna,1,13,78.2
7322,2026-06-10,mobile,organic_search,Vienna,7,4,91.9
7323,2026-08-17,desktop,organic_search,Vienna,3,18,74.6
7324,2026-04-26,mobile,organic_search,Vienna,6,13,80.0
7325,2026-02-06,mobile,paid_search,Hamburg,4,3,4.9
7326,2026-05-14,mobile,direct,Zurich,7,4,275.4
7327,2026-05-17,desktop,paid_search,Frankfurt,7,9,88.9
7328,2026-07-09,mobile,organic_search,Barcelona,1,10,46.6
7329,2026-02-07,tablet,email,Berlin,6,21,134.4
7330,2026-06-08,desktop,organic_search,Hamburg,4,15,213.6
7331,2026-04-02,mobile,affiliate,Salzburg,6,5,63.5
7332,2026-02-28,desktop,paid_search,Cologne,7,14,28.8
7333,2026-07-11,desktop,paid_search,Barcelona,2,3,59.9
7334,2026-05-13,mobile,direct,Zurich,6,13,69.1
7335,2026-08-15,desktop,paid_search,Barcelona,2,18,217.1
7336,2026-02-26,mobile,email,Barcelona,3,11,60.5
7337,2026-03-19,desktop,direct,Vienna,7,11,43.1
7338,2026-08-10,mobile,direct,Munich,2,23,166.7
7339,2026-04-16,desktop,organic_search,Vienna,3,22,133.7
7340,2026-04-05,desktop,direct,Hamburg,6,14,88.7
7341,2026-07-14,mobile,direct,Amsterdam,5,24,125.0
7342,2026-01-27,mobile,email,Paris,6,16,76.4
7343,2026-05-25,mobile,paid_search,Paris,6,10,14.2
7344,2026-03-27,desktop,paid_search,Amsterdam,2,6,210.3
7345,2026-08-06,mobile,paid_search,Amsterdam,4,24,201.6
7346,2026-02-01,desktop,paid_search,Paris,1,4,118.2
7347,2026-03-21,mobile,direct,Vienna,1,18,155.8
7348,2026-02-15,mobile,direct,Berlin,6,17,25.9
7349,2026-02-15,mobile,direct,Rome,3,12,142.4
7350,2026-03-03,mobile,direct,Salzburg,4,20,97.9
7351,2026-05-13,desktop,paid_search,Paris,7,15,107.5
7352,2026-04-30,mobile,paid_search,Barcelona,5,12,27.6
7353,2026-04-23,desktop,email,Amsterdam,4,22,107.3
7354,2026-08-01,tablet,paid_search,Frankfurt,4,5,330.9
7355,2026-08-02,mobile,organic_search,Rome,7,5,213.7
7356,2026-02-20,mobile,paid_search,Rome,3,5,85.8
7357,2026-01-22,mobile,organic_search,Paris,2,10,58.3
7358,2026-06-13,mobile,organic_search,Salzburg,7,20,72.7
7359,2026-01-12,mobile,direct,Salzburg,1,11,111.4
7360,2026-05-27,mobile,organic_search,Amsterdam,6,7,43.6
7361,2026-02-12,mobile,paid_search,Cologne,5,11,196.5
7362,2026-02-11,mobile,direct,Munich,2,8,27.2
7363,2026-06-12,desktop,organic_search,Amsterdam,2,16,144.5
7364,2026-07-06,mobile,affiliate,Vienna,3,13,49.5
7365,2026-03-20,mobile,direct,Munich,5,7,30.5
7366,2026-03-28,desktop,direct,Paris,4,17,138.2
7367,2026-01-24,mobile,paid_search,Frankfurt,3,15,215.0
7368,2026-08-05,desktop,direct,Zurich,4,24,31.6
7369,2026-08-03,desktop,direct,Frankfurt,2,23,105.8
7370,2026-02-08,mobile,email,Frankfurt,1,12,129.3
7371,2026-07-04,mobile,organic_search,Rome,1,13,69.5
7372,2026-08-11,mobile,paid_search,Barcelona,3,19,152.0
7373,2026-08-03,desktop,paid_search,Vienna,4,12,469.9
7374,2026-04-13,mobile,paid_search,Salzburg,1,16,145.4
7375,2026-01-28,mobile,organic_search,Zurich,1,5,165.8
7376,2026-05-06,mobile,organic_search,Munich,6,11,74.3
7377,2026-03-18,mobile,paid_search,Rome,6,19,145.9
7378,2026-03-26,mobile,paid_search,Salzburg,4,24,39.2
7379,2026-06-01,mobile,email,Munich,2,18,163.2
7380,2026-05-19,mobile,direct,Amsterdam,5,5,463.5
7381,2026-01-20,mobile,paid_search,Amsterdam,1,17,90.5
7382,2026-06-01,desktop,direct,Zurich,1,7,46.6
7383,2026-08-28,desktop,organic_search,Amsterdam,6,24,188.2
7384,2026-02-17,mobile,organic_search,Rome,6,12,40.5
7385,2026-08-29,mobile,paid_search,Salzburg,7,11,53.6
7386,2026-01-26,desktop,organic_search,Munich,6,18,81.0
7387,2026-05-06,mobile,email,Rome,1,15,171.3
7388,2026-01-24,mobile,paid_search,Vienna,1,10,49.6
7389,2026-08-29,mobile,paid_search,Salzburg,7,22,73.8
7390,2026-07-11,desktop,direct,Cologne,7,16,36.8
7391,2026-08-15,desktop,paid_search,Munich,4,19,121.5
7392,2026-01-10,tablet,email,Paris,4,13,14.8
7393,2026-05-28,mobile,direct,Amsterdam,1,17,140.2
7394,2026-07-20,mobile,email,Vienna,2,24,168.9
7395,2026-01-21,mobile,direct,Vienna,3,17,83.2
7396,2026-08-14,mobile,direct,Frankfurt,2,11,43.8
7397,2026-01-31,mobile,paid_search,Paris,4,9,173.5
7398,2026-01-27,desktop,organic_search,Cologne,3,22,104.0
7399,2026-03-13,mobile,paid_search,Barcelona,2,5,54.9
7400,2026-08-11,mobile,paid_search,Berlin,2,19,85.9
7401,2026-07-19,mobile,organic_search,Munich,6,3,77.9
7402,2026-04-15,desktop,organic_search,Hamburg,5,5,41.4
7403,2026-05-11,mobile,paid_search,Frankfurt,1,17,32.0
7404,2026-01-10,mobile,paid_search,Vienna,6,11,158.9
7405,2026-07-21,mobile,direct,Munich,7,13,157.5
7406,2026-01-13,mobile,organic_search,Frankfurt,2,19,80.2
7407,2026-06-22,mobile,organic_search,Rome,3,22,156.7
7408,2026-03-31,mobile,paid_search,Hamburg,1,17,62.4
7409,2026-07-17,mobile,organic_search,Berlin,7,3,101.2
7410,2026-01-07,mobile,direct,Munich,6,9,162.2
7411,2026-03-06,mobile,paid_search,Frankfurt,4,16,37.5
7412,2026-06-07,mobile,direct,Rome,1,13,100.0
7413,2026-06-19,desktop,paid_search,Hamburg,1,6,84.7
7414,2026-01-02,desktop,paid_search,Zurich,4,22,121.3
7415,2026-01-19,mobile,organic_search,Vienna,3,12,32.3
7416,2026-03-30,mobile,direct,Zurich,4,20,81.8
7417,2026-06-16,mobile,organic_search,Barcelona,3,21,225.1
7418,2026-06-02,mobile,direct,Berlin,7,9,243.7
7419,2026-04-28,mobile,affiliate,Berlin,3,11,138.5
7420,2026-05-23,mobile,paid_search,Rome,3,18,270.2
7421,2026-03-23,mobile,organic_search,Cologne,6,14,105.3
7422,2026-05-19,mobile,paid_search,Vienna,3,19,35.5
7423,2026-06-18,desktop,organic_search,Rome,5,20,134.6
7424,2026-02-21,mobile,organic_search,Rome,6,7,18.0
7425,2026-01-02,desktop,direct,Cologne,7,3,27.0
7426,2026-03-11,mobile,direct,Paris,1,14,314.6
7427,2026-07-06,mobile,direct,Cologne,5,3,102.8
7428,2026-07-23,mobile,organic_search,Zurich,4,20,114.3
7429,2026-05-10,mobile,organic_search,Cologne,5,19,102.9
7430,2026-07-27,desktop,paid_search,Cologne,7,19,30.3
7431,2026-04-15,mobile,paid_search,Amsterdam,2,11,50.0
7432,2026-06-25,desktop,organic_search,Rome,6,9,140.0
7433,2026-05-09,desktop,email,Rome,5,21,36.2
7434,2026-01-01,mobile,organic_search,Zurich,3,22,33.4
7435,2026-03-07,desktop,paid_search,Frankfurt,5,20,181.8
7436,2026-06-12,mobile,affiliate,Vienna,6,12,52.1
7437,2026-05-30,tablet,affiliate,Paris,1,19,16.8
7438,2026-06-28,mobile,paid_search,Munich,4,3,26.7
7439,2026-02-25,mobile,direct,Munich,1,24,20.9
7440,2026-02-14,desktop,email,Amsterdam,1,3,71.4
7441,2026-08-13,desktop,organic_search,Rome,2,14,61.7
7442,2026-03-30,desktop,paid_search,Cologne,2,24,40.9
7443,2026-07-08,mobile,affiliate,Frankfurt,5,6,28.6
7444,2026-01-14,mobile,email,Cologne,6,20,422.1
7445,2026-08-02,tablet,email,Hamburg,5,11,31.4
7446,2026-07-29,mobile,direct,Vienna,6,10,126.2
7447,2026-06-23,desktop,direct,Amsterdam,3,22,175.1
7448,2026-03-12,tablet,organic_search,Vienna,7,23,53.0
7449,2026-01-20,desktop,email,Cologne,2,17,65.7
7450,2026-02-20,desktop,direct,Vienna,6,7,185.0
7451,2026-05-07,mobile,paid_search,Munich,2,16,42.1
7452,2026-08-19,mobile,email,Vienna,5,14,48.6
7453,2026-06-20,desktop,organic_search,Vienna,3,4,86.7
7454,2026-04-26,tablet,email,Vienna,5,16,120.0
7455,2026-05-30,mobile,direct,Hamburg,4,18,164.8
7456,2026-06-28,desktop,organic_search,Cologne,1,10,119.1
7457,2026-06-15,mobile,paid_search,Salzburg,5,17,86.4
7458,2026-01-26,mobile,direct,Rome,6,3,190.9
7459,2026-05-10,mobile,direct,Paris,7,20,25.9
7460,2026-08-06,mobile,paid_search,Hamburg,7,22,65.7
7461,2026-06-03,mobile,organic_search,Berlin,5,19,75.1
7462,2026-04-02,mobile,organic_search,Frankfurt,5,23,92.6
7463,2026-05-16,desktop,affiliate,Frankfurt,4,12,365.8
7464,2026-06-24,mobile,paid_search,Vienna,7,24,108.7
7465,2026-01-19,mobile,paid_search,Zurich,3,5,229.5
7466,2026-02-14,mobile,organic_search,Cologne,4,14,100.1
7467,2026-05-22,mobile,paid_search,Vienna,4,8,48.1
7468,2026-01-23,mobile,affiliate,Berlin,3,3,191.1
7469,2026-04-23,desktop,paid_search,Zurich,5,9,154.6
7470,2026-07-04,mobile,direct,Vienna,1,5,118.2
7471,2026-05-03,desktop,affiliate,Berlin,5,24,160.4
7472,2026-07-14,mobile,affiliate,Rome,6,10,66.6
7473,2026-01-19,mobile,email,Salzburg,2,10,174.3
7474,2026-04-22,mobile,affiliate,Hamburg,2,23,46.1
7475,2026-08-07,mobile,direct,Zurich,6,5,85.2
7476,2026-05-26,mobile,email,Barcelona,3,12,19.5
7477,2026-07-23,tablet,direct,Zurich,6,24,148.9
7478,2026-04-08,mobile,affiliate,Frankfurt,5,24,157.6
7479,2026-01-13,mobile,email,Berlin,7,19,185.7
7480,2026-03-15,mobile,paid_search,Barcelona,4,9,43.1
7481,2026-08-06,desktop,organic_search,Munich,7,10,130.5
7482,2026-02-23,mobile,affiliate,Vienna,7,3,315.1
7483,2026-07-24,mobile,paid_search,Amsterdam,1,3,208.7
7484,2026-06-03,mobile,affiliate,Hamburg,2,3,112.9
7485,2026-07-08,desktop,paid_search,Munich,4,3,15.2
7486,2026-08-18,desktop,direct,Amsterdam,2,17,233.8
7487,2026-08-14,desktop,email,Cologne,1,13,125.1
7488,2026-05-03,desktop,organic_search,Hamburg,7,10,187.9
7489,2026-06-09,desktop,paid_search,Vienna,6,22,61.1
7490,2026-01-28,mobile,email,Rome,3,4,44.4
7491,2026-01-30,mobile,paid_search,Vienna,7,17,270.9
7492,2026-08-12,desktop,direct,Munich,7,8,151.7
7493,2026-02-08,mobile,paid_search,Berlin,4,3,88.9
7494,2026-01-13,tablet,paid_search,Salzburg,1,14,109.2
7495,2026-01-18,desktop,paid_search,Vienna,2,6,186.4
7496,2026-01-04,desktop,affiliate,Hamburg,6,12,17.6
7497,2026-04-12,desktop,direct,Vienna,4,18,105.9
7498,2026-01-21,desktop,affiliate,Zurich,4,16,121.4
7499,2026-02-09,mobile,email,Cologne,1,12,49.4
7500,2026-08-02,mobile,organic_search,Berlin,1,7,40.9
7501,2026-01-09,mobile,email,Salzburg,1,18,30.1
7502,2026-01-29,mobile,organic_search,Frankfurt,5,10,247.7
7503,2026-05-06,mobile,affiliate,Amsterdam,1,22,100.9
7504,2026-02-20,mobile,paid_search,Paris,6,20,21.7
7505,2026-03-16,mobile,paid_search,Paris,1,19,96.1
7506,2026-04-23,desktop,direct,Paris,2,16,124.8
7507,2026-02-18,mobile,affiliate,Paris,7,17,32.5
7508,2026-06-26,mobile,affiliate,Berlin,4,14,264.0
7509,2026-06-19,desktop,organic_search,Amsterdam,1,21,25.6
7510,2026-01-05,desktop,direct,Frankfurt,2,20,31.6
7511,2026-05-19,mobile,organic_search,Hamburg,2,12,66.3
7512,2026-03-22,mobile,organic_search,Paris,2,14,292.8
7513,2026-05-14,mobile,organic_search,Barcelona,2,17,169.1
7514,2026-06-08,desktop,direct,Paris,3,14,33.6
7515,2026-03-27,mobile,organic_search,Frankfurt,4,20,73.0
7516,2026-05-28,tablet,direct,Berlin,1,18,190.8
7517,2026-07-02,tablet,affiliate,Hamburg,2,21,158.2
7518,2026-07-14,mobile,direct,Hamburg,7,16,80.1
7519,2026-02-06,tablet,organic_search,Cologne,2,11,150.0
7520,2026-05-15,mobile,email,Rome,2,6,19.8
7521,2026-04-18,mobile,direct,Berlin,7,10,85.9
7522,2026-08-06,desktop,direct,Cologne,1,21,265.3
7523,2026-04-04,mobile,affiliate,Frankfurt,5,7,79.0
7524,2026-02-27,desktop,organic_search,Munich,1,6,91.4
7525,2026-07-12,tablet,organic_search,Barcelona,3,22,203.2
7526,2026-04-05,mobile,organic_search,Cologne,5,18,80.5
7527,2026-02-15,mobile,organic_search,Berlin,3,15,46.1
7528,2026-05-11,mobile,organic_search,Hamburg,5,21,13.8
7529,2026-08-27,mobile,paid_search,Berlin,3,15,456.7
7530,2026-03-14,mobile,organic_search,Berlin,3,8,284.9
7531,2026-02-08,desktop,direct,Hamburg,3,8,242.8
7532,2026-04-25,mobile,organic_search,Salzburg,1,11,62.0
7533,2026-04-17,tablet,paid_search,Hamburg,2,10,316.9
7534,2026-03-14,desktop,paid_search,Hamburg,5,8,262.8
7535,2026-05-27,desktop,organic_search,Zurich,3,4,36.9
7536,2026-01-06,mobile,affiliate,Frankfurt,7,3,264.8
7537,2026-04-13,mobile,organic_search,Munich,7,9,15.7
7538,2026-02-02,desktop,organic_search,Paris,6,18,56.7
7539,2026-07-31,mobile,paid_search,Frankfurt,6,24,399.6
7540,2026-05-14,mobile,email,Salzburg,6,6,72.3
7541,2026-06-05,desktop,paid_search,Zurich,1,16,180.3
7542,2026-05-26,mobile,paid_search,Berlin,2,20,47.2
7543,2026-06-14,mobile,paid_search,Hamburg,6,17,74.5
7544,2026-06-14,mobile,email,Barcelona,7,17,39.8
7545,2026-08-02,mobile,paid_search,Hamburg,3,16,176.6
7546,2026-05-29,mobile,organic_search,Hamburg,4,21,125.4
7547,2026-02-01,mobile,organic_search,Rome,6,17,62.1
7548,2026-04-01,mobile,email,Hamburg,4,24,162.2
7549,2026-04-19,mobile,organic_search,Hamburg,3,23,54.5
7550,2026-08-08,mobile,paid_search,Paris,7,21,104.2
7551,2026-04-08,mobile,direct,Rome,6,23,63.0
7552,2026-07-29,mobile,organic_search,Frankfurt,7,9,116.8
7553,2026-07-01,desktop,organic_search,Paris,5,3,71.3
7554,2026-04-05,mobile,affiliate,Zurich,1,8,84.8
7555,2026-07-23,mobile,email,Paris,5,8,26.1
7556,2026-04-25,mobile,affiliate,Hamburg,3,18,97.3
7557,2026-04-19,mobile,paid_search,Vienna,7,6,101.8
7558,2026-02-01,mobile,organic_search,Cologne,7,22,319.3
7559,2026-01-29,desktop,paid_search,Amsterdam,6,22,45.1
7560,2026-05-14,mobile,direct,Amsterdam,4,11,139.4
7561,2026-07-04,mobile,direct,Hamburg,4,20,288.1
7562,2026-07-25,desktop,paid_search,Barcelona,3,12,40.6
7563,2026-07-09,mobile,paid_search,Berlin,5,23,414.1
7564,2026-04-20,desktop,organic_search,Hamburg,5,11,40.3
7565,2026-03-08,tablet,paid_search,Salzburg,3,3,72.8
7566,2026-04-09,desktop,paid_search,Cologne,7,3,91.4
7567,2026-02-11,mobile,direct,Munich,5,16,106.2
7568,2026-05-07,mobile,paid_search,Zurich,2,16,72.7
7569,2026-02-04,mobile,paid_search,Barcelona,2,4,116.5
7570,2026-07-03,mobile,affiliate,Barcelona,2,20,74.3
7571,2026-01-25,mobile,organic_search,Salzburg,5,6,45.0
7572,2026-04-09,mobile,email,Vienna,3,22,324.0
7573,2026-03-12,mobile,organic_search,Berlin,6,21,109.7
7574,2026-06-01,desktop,paid_search,Rome,1,18,36.3
7575,2026-06-23,mobile,organic_search,Amsterdam,4,16,24.0
7576,2026-04-05,mobile,paid_search,Frankfurt,1,16,66.4
7577,2026-03-11,mobile,paid_search,Vienna,5,14,105.2
7578,2026-08-11,desktop,paid_search,Salzburg,4,5,211.0
7579,2026-07-22,mobile,organic_search,Vienna,3,3,41.1
7580,2026-07-24,mobile,organic_search,Cologne,7,20,113.3
7581,2026-03-22,desktop,organic_search,Salzburg,6,9,112.8
7582,2026-01-11,mobile,paid_search,Hamburg,2,24,48.7
7583,2026-06-20,desktop,paid_search,Barcelona,4,10,14.7
7584,2026-02-20,mobile,organic_search,Paris,5,14,122.3
7585,2026-02-21,mobile,direct,Munich,3,12,78.8
7586,2026-07-12,tablet,paid_search,Berlin,4,13,140.7
7587,2026-01-28,mobile,organic_search,Munich,1,5,59.2
7588,2026-07-22,desktop,organic_search,Frankfurt,4,5,21.8
7589,2026-02-28,desktop,organic_search,Hamburg,1,8,240.4
7590,2026-03-21,desktop,organic_search,Zurich,6,10,220.8
7591,2026-06-01,mobile,organic_search,Cologne,1,17,164.5
7592,2026-06-17,mobile,organic_search,Paris,1,22,49.9
7593,2026-06-10,desktop,paid_search,Barcelona,4,16,107.8
7594,2026-05-03,mobile,paid_search,Frankfurt,3,19,47.7
7595,2026-05-31,desktop,paid_search,Zurich,1,10,225.1
7596,2026-04-02,desktop,affiliate,Zurich,5,16,620.4
7597,2026-04-13,desktop,affiliate,Berlin,5,10,173.5
7598,2026-01-30,desktop,organic_search,Salzburg,5,4,143.2
7599,2026-05-16,tablet,email,Barcelona,2,21,240.9
7600,2026-03-25,desktop,paid_search,Munich,1,23,62.2
7601,2026-08-16,mobile,direct,Berlin,5,9,286.4
7602,2026-08-22,mobile,direct,Hamburg,7,13,104.4
7603,2026-01-19,mobile,paid_search,Hamburg,4,4,38.3
7604,2026-06-04,mobile,paid_search,Frankfurt,6,6,14.2
7605,2026-01-20,mobile,direct,Rome,2,10,143.8
7606,2026-03-28,mobile,email,Salzburg,1,15,326.4
7607,2026-04-30,mobile,paid_search,Frankfurt,4,6,99.8
7608,2026-03-11,mobile,organic_search,Zurich,1,20,70.3
7609,2026-07-14,desktop,direct,Frankfurt,4,9,71.1
7610,2026-01-02,mobile,direct,Barcelona,3,21,30.3
7611,2026-08-01,desktop,direct,Hamburg,1,9,226.8
7612,2026-08-26,tablet,paid_search,Vienna,7,14,85.9
7613,2026-06-26,mobile,organic_search,Hamburg,4,7,193.5
7614,2026-08-28,mobile,paid_search,Paris,5,24,148.8
7615,2026-02-23,desktop,organic_search,Berlin,5,9,68.9
7616,2026-05-30,desktop,paid_search,Hamburg,7,4,112.3
7617,2026-07-03,mobile,direct,Rome,5,16,42.7
7618,2026-03-25,mobile,paid_search,Hamburg,2,11,122.4
7619,2026-02-22,tablet,email,Amsterdam,7,15,189.3
7620,2026-04-04,mobile,paid_search,Vienna,6,21,49.1
7621,2026-01-04,tablet,organic_search,Frankfurt,6,4,197.9
7622,2026-05-08,mobile,paid_search,Berlin,2,21,78.5
7623,2026-02-06,mobile,paid_search,Barcelona,4,9,230.2
7624,2026-03-18,desktop,paid_search,Zurich,7,8,59.9
7625,2026-08-23,desktop,organic_search,Cologne,3,12,58.4
7626,2026-01-17,mobile,organic_search,Vienna,7,12,60.4
7627,2026-06-22,mobile,direct,Frankfurt,4,3,29.3
7628,2026-03-01,mobile,direct,Frankfurt,4,21,29.1
7629,2026-02-05,tablet,paid_search,Rome,7,24,13.7
7630,2026-05-14,desktop,organic_search,Amsterdam,3,11,104.3
7631,2026-03-17,desktop,direct,Hamburg,7,8,49.9
7632,2026-06-15,desktop,direct,Barcelona,6,7,33.9
7633,2026-08-02,mobile,paid_search,Rome,6,17,94.7
7634,2026-06-23,mobile,direct,Munich,1,11,50.3
7635,2026-06-22,desktop,paid_search,Hamburg,1,5,134.9
7636,2026-06-03,mobile,direct,Paris,3,23,259.1
7637,2026-02-28,mobile,paid_search,Rome,1,11,28.1
7638,2026-04-20,mobile,paid_search,Munich,3,23,95.6
7639,2026-08-25,desktop,organic_search,Hamburg,7,3,270.0
7640,2026-05-09,tablet,organic_search,Salzburg,6,16,108.9
7641,2026-05-21,mobile,paid_search,Cologne,6,5,101.3
7642,2026-06-01,mobile,organic_search,Munich,5,5,183.7
7643,2026-05-13,desktop,affiliate,Salzburg,4,5,42.7
7644,2026-01-28,mobile,paid_search,Frankfurt,3,11,221.3
7645,2026-05-22,mobile,organic_search,Hamburg,3,16,24.0
7646,2026-02-08,desktop,affiliate,Cologne,3,20,68.2
7647,2026-06-27,mobile,email,Berlin,2,3,63.1
7648,2026-08-06,desktop,organic_search,Paris,1,16,80.9
7649,2026-03-05,mobile,direct,Cologne,4,10,142.8
7650,2026-03-13,desktop,direct,Amsterdam,4,3,16.7
7651,2026-01-06,mobile,paid_search,Vienna,5,7,61.4
7652,2026-03-19,mobile,direct,Paris,2,23,120.1
7653,2026-06-07,mobile,email,Berlin,1,17,187.0
7654,2026-02-12,tablet,paid_search,Munich,7,19,156.0
7655,2026-04-25,mobile,paid_search,Barcelona,4,3,63.6
7656,2026-07-15,mobile,direct,Vienna,2,24,153.6
7657,2026-07-16,desktop,affiliate,Cologne,3,16,30.4
7658,2026-01-09,desktop,affiliate,Cologne,1,16,212.5
7659,2026-08-13,tablet,direct,Hamburg,7,15,178.3
7660,2026-07-24,desktop,paid_search,Rome,6,16,68.8
7661,2026-05-28,mobile,direct,Zurich,5,5,132.4
7662,2026-07-14,mobile,organic_search,Amsterdam,6,22,36.1
7663,2026-05-25,mobile,email,Rome,7,18,209.0
7664,2026-04-11,mobile,organic_search,Hamburg,5,6,23.3
7665,2026-06-03,desktop,organic_search,Vienna,3,7,94.0
7666,2026-08-03,tablet,organic_search,Salzburg,1,16,90.4
7667,2026-01-19,mobile,direct,Vienna,2,5,261.7
7668,2026-06-27,mobile,organic_search,Cologne,4,21,63.2
7669,2026-03-29,mobile,paid_search,Vienna,6,4,49.7
7670,2026-07-25,mobile,organic_search,Barcelona,3,20,219.8
7671,2026-06-09,mobile,affiliate,Munich,3,24,89.6
7672,2026-01-24,desktop,affiliate,Rome,7,11,252.8
7673,2026-05-08,tablet,paid_search,Cologne,5,9,108.8
7674,2026-07-22,mobile,email,Munich,7,24,82.6
7675,2026-07-09,tablet,organic_search,Vienna,6,21,162.7
7676,2026-06-16,desktop,direct,Zurich,4,6,215.3
7677,2026-01-29,desktop,organic_search,Paris,5,14,138.1
7678,2026-08-29,mobile,email,Barcelona,6,11,170.7
7679,2026-06-04,mobile,paid_search,Frankfurt,6,21,138.6
7680,2026-07-16,mobile,direct,Berlin,5,19,90.4
7681,2026-07-23,desktop,direct,Berlin,2,20,40.8
7682,2026-08-28,mobile,direct,Barcelona,2,12,33.1
7683,2026-06-10,mobile,paid_search,Cologne,1,8,119.6
7684,2026-05-13,tablet,direct,Salzburg,3,13,315.1
7685,2026-01-19,mobile,direct,Paris,3,13,115.6
7686,2026-02-02,mobile,organic_search,Cologne,1,21,33.0
7687,2026-06-10,mobile,organic_search,Rome,4,7,109.9
7688,2026-08-13,mobile,direct,Cologne,7,18,136.7
7689,2026-07-25,mobile,organic_search,Zurich,6,10,108.9
7690,2026-07-26,mobile,direct,Berlin,7,23,46.6
7691,2026-02-05,mobile,affiliate,Salzburg,6,24,83.5
7692,2026-04-19,mobile,organic_search,Amsterdam,7,4,177.2
7693,2026-05-30,desktop,email,Zurich,4,11,27.5
7694,2026-05-30,desktop,paid_search,Rome,4,20,25.8
7695,2026-04-28,mobile,direct,Paris,6,5,24.0
7696,2026-08-16,desktop,organic_search,Salzburg,5,8,188.6
7697,2026-02-24,mobile,affiliate,Vienna,5,14,102.8
7698,2026-07-22,mobile,direct,Berlin,6,14,48.7
7699,2026-04-17,mobile,direct,Barcelona,2,18,82.2
7700,2026-06-05,desktop,email,Hamburg,1,23,25.4
7701,2026-04-13,desktop,organic_search,Rome,6,10,114.3
7702,2026-03-29,mobile,organic_search,Amsterdam,5,11,446.1
7703,2026-05-19,mobile,organic_search,Hamburg,5,13,43.9
7704,2026-05-10,mobile,email,Cologne,2,22,131.2
7705,2026-07-01,desktop,affiliate,Frankfurt,4,20,304.6
7706,2026-01-18,mobile,paid_search,Vienna,4,5,197.8
7707,2026-01-24,desktop,direct,Amsterdam,6,9,79.6
7708,2026-04-03,mobile,email,Cologne,2,22,48.3
7709,2026-02-18,mobile,paid_search,Hamburg,1,22,139.9
7710,2026-06-23,mobile,organic_search,Frankfurt,5,18,19.0
7711,2026-06-05,mobile,affiliate,Cologne,2,19,140.6
7712,2026-02-04,mobile,organic_search,Cologne,3,9,39.3
7713,2026-01-30,mobile,paid_search,Frankfurt,5,19,203.0
7714,2026-07-23,mobile,direct,Barcelona,3,16,44.6
7715,2026-06-09,mobile,paid_search,Paris,2,22,141.5
7716,2026-08-05,mobile,paid_search,Munich,1,5,125.6
7717,2026-06-08,mobile,email,Amsterdam,2,16,24.6
7718,2026-04-08,desktop,direct,Frankfurt,1,16,199.9
7719,2026-03-23,desktop,direct,Salzburg,7,12,352.6
7720,2026-07-21,mobile,organic_search,Frankfurt,3,10,136.5
7721,2026-08-28,mobile,organic_search,Vienna,7,22,36.4
7722,2026-04-16,tablet,organic_search,Vienna,3,24,7.8
7723,2026-04-25,desktop,paid_search,Amsterdam,4,16,69.4
7724,2026-04-07,tablet,organic_search,Barcelona,1,19,151.7
7725,2026-08-21,mobile,affiliate,Rome,1,9,34.4
7726,2026-01-30,mobile,email,Rome,2,6,35.3
7727,2026-02-13,mobile,affiliate,Hamburg,6,7,123.3
7728,2026-07-18,desktop,organic_search,Rome,7,7,317.2
7729,2026-08-15,mobile,direct,Amsterdam,6,10,66.2
7730,2026-03-08,mobile,affiliate,Frankfurt,3,22,69.5
7731,2026-05-20,mobile,paid_search,Hamburg,3,19,175.6
7732,2026-03-10,desktop,paid_search,Zurich,2,13,200.0
7733,2026-08-28,mobile,organic_search,Barcelona,6,7,85.4
7734,2026-01-17,mobile,affiliate,Vienna,6,24,235.4
7735,2026-05-25,mobile,direct,Amsterdam,1,17,149.4
7736,2026-05-24,desktop,affiliate,Amsterdam,1,23,46.6
7737,2026-08-14,desktop,organic_search,Amsterdam,4,12,122.0
7738,2026-05-17,mobile,direct,Cologne,7,15,72.7
7739,2026-03-26,mobile,organic_search,Cologne,1,6,169.2
7740,2026-04-30,desktop,organic_search,Frankfurt,2,7,39.4
7741,2026-06-03,desktop,affiliate,Paris,7,17,37.2
7742,2026-07-25,mobile,organic_search,Berlin,4,16,140.0
7743,2026-01-08,mobile,direct,Frankfurt,3,24,141.7
7744,2026-06-23,desktop,paid_search,Rome,6,24,110.8
7745,2026-05-22,desktop,affiliate,Rome,2,3,70.3
7746,2026-02-17,mobile,paid_search,Hamburg,2,22,83.0
7747,2026-04-01,mobile,direct,Hamburg,2,16,67.4
7748,2026-05-15,desktop,direct,Munich,6,8,202.5
7749,2026-07-19,mobile,paid_search,Frankfurt,1,6,105.1
7750,2026-07-23,mobile,affiliate,Munich,5,22,71.7
7751,2026-05-01,tablet,organic_search,Berlin,1,3,78.2
7752,2026-06-18,mobile,organic_search,Zurich,5,14,147.8
7753,2026-05-07,desktop,direct,Munich,4,7,183.3
7754,2026-06-15,mobile,paid_search,Vienna,2,24,279.1
7755,2026-08-26,mobile,paid_search,Vienna,2,6,213.2
7756,2026-01-22,mobile,direct,Salzburg,5,17,28.9
7757,2026-08-04,mobile,direct,Barcelona,6,9,170.3
7758,2026-02-13,mobile,email,Cologne,5,9,67.6
7759,2026-08-14,mobile,organic_search,Amsterdam,4,16,104.7
7760,2026-04-11,tablet,email,Amsterdam,4,9,19.2
7761,2026-02-11,desktop,direct,Salzburg,7,22,50.7
7762,2026-01-12,mobile,email,Frankfurt,3,13,131.0
7763,2026-08-02,mobile,direct,Berlin,6,4,225.1
7764,2026-06-25,mobile,email,Hamburg,1,14,114.3
7765,2026-04-14,mobile,direct,Barcelona,6,8,43.8
7766,2026-08-14,mobile,affiliate,Vienna,7,23,90.3
7767,2026-07-26,tablet,direct,Cologne,2,3,142.2
7768,2026-02-12,mobile,paid_search,Rome,2,5,242.6
7769,2026-05-04,desktop,paid_search,Salzburg,4,13,72.4
7770,2026-06-05,desktop,paid_search,Paris,5,9,162.0
7771,2026-06-11,tablet,direct,Barcelona,7,10,326.2
7772,2026-05-03,mobile,paid_search,Hamburg,4,7,16.4
7773,2026-03-02,mobile,organic_search,Berlin,6,23,111.2
7774,2026-02-27,mobile,organic_search,Berlin,3,3,89.8
7775,2026-02-17,mobile,direct,Cologne,4,5,127.1
7776,2026-04-27,desktop,affiliate,Rome,2,23,43.6
7777,2026-05-15,mobile,organic_search,Paris,4,13,229.9
7778,2026-08-17,desktop,paid_search,Paris,7,23,80.5
7779,2026-02-04,mobile,paid_search,Munich,3,21,157.5
7780,2026-04-25,mobile,direct,Amsterdam,7,9,171.3
7781,2026-06-01,mobile,direct,Frankfurt,6,18,209.0
7782,2026-04-15,mobile,affiliate,Berlin,5,6,55.2
7783,2026-01-08,desktop,direct,Rome,7,16,111.6
7784,2026-06-13,mobile,paid_search,Vienna,6,10,106.7
7785,2026-02-18,mobile,affiliate,Munich,5,18,132.3
7786,2026-06-28,desktop,organic_search,Vienna,7,6,25.7
7787,2026-03-08,mobile,organic_search,Amsterdam,7,21,106.8
7788,2026-06-13,mobile,organic_search,Salzburg,3,8,84.3
7789,2026-02-10,mobile,paid_search,Amsterdam,6,13,22.1
7790,2026-05-30,mobile,paid_search,Frankfurt,4,21,697.9
7791,2026-01-29,mobile,organic_search,Hamburg,6,13,113.3
7792,2026-03-14,mobile,email,Zurich,2,14,269.7
7793,2026-07-04,mobile,affiliate,Munich,4,5,13.4
7794,2026-03-07,desktop,affiliate,Vienna,5,18,105.4
7795,2026-04-12,desktop,direct,Barcelona,4,24,98.5
7796,2026-04-15,mobile,direct,Munich,7,19,176.8
7797,2026-03-03,mobile,organic_search,Hamburg,3,23,119.7
7798,2026-05-21,mobile,paid_search,Cologne,5,24,412.2
7799,2026-03-15,mobile,direct,Barcelona,4,17,202.7
7800,2026-05-08,mobile,affiliate,Berlin,4,22,113.3
7801,2026-07-12,mobile,organic_search,Rome,5,14,183.3
7802,2026-07-02,mobile,paid_search,Salzburg,4,10,96.0
7803,2026-02-24,mobile,paid_search,Berlin,4,15,117.7
7804,2026-06-16,mobile,organic_search,Paris,7,21,161.2
7805,2026-07-04,tablet,affiliate,Cologne,2,6,64.0
7806,2026-05-16,mobile,affiliate,Berlin,1,16,57.6
7807,2026-06-26,desktop,organic_search,Amsterdam,4,18,35.8
7808,2026-04-12,mobile,organic_search,Salzburg,6,18,205.1
7809,2026-01-17,desktop,paid_search,Salzburg,4,19,86.6
7810,2026-05-20,mobile,organic_search,Cologne,3,17,134.1
7811,2026-08-08,tablet,direct,Salzburg,4,16,149.5
7812,2026-04-27,mobile,email,Zurich,7,23,36.1
7813,2026-05-17,desktop,paid_search,Vienna,1,3,59.8
7814,2026-06-12,desktop,affiliate,Cologne,5,12,58.6
7815,2026-07-22,desktop,organic_search,Paris,6,4,109.9
7816,2026-04-29,mobile,organic_search,Vienna,3,22,161.3
7817,2026-03-19,desktop,direct,Barcelona,7,6,189.7
7818,2026-06-02,desktop,paid_search,Frankfurt,4,19,170.6
7819,2026-06-16,desktop,direct,Salzburg,2,18,196.8
7820,2026-06-12,desktop,paid_search,Vienna,3,10,282.0
7821,2026-05-26,desktop,email,Cologne,7,12,24.5
7822,2026-08-30,desktop,paid_search,Paris,7,7,53.5
7823,2026-03-07,desktop,organic_search,Berlin,2,20,100.8
7824,2026-03-18,mobile,direct,Vienna,3,18,80.1
7825,2026-07-26,tablet,paid_search,Amsterdam,1,24,114.9
7826,2026-02-13,desktop,direct,Hamburg,1,16,211.6
7827,2026-07-16,mobile,organic_search,Munich,6,14,28.5
7828,2026-03-01,mobile,direct,Frankfurt,4,23,318.9
7829,2026-06-12,mobile,organic_search,Munich,7,9,104.0
7830,2026-07-26,mobile,organic_search,Hamburg,1,22,107.1
7831,2026-07-30,mobile,organic_search,Munich,6,15,109.1
7832,2026-05-27,tablet,direct,Paris,5,20,100.6
7833,2026-02-23,mobile,direct,Rome,1,10,146.3
7834,2026-03-23,mobile,paid_search,Zurich,5,13,103.8
7835,2026-06-21,desktop,organic_search,Salzburg,1,11,440.5
7836,2026-06-04,desktop,organic_search,Frankfurt,7,19,4.4
7837,2026-03-11,desktop,organic_search,Barcelona,7,4,32.6
7838,2026-05-19,mobile,paid_search,Cologne,3,23,83.4
7839,2026-08-16,mobile,paid_search,Berlin,2,10,325.9
7840,2026-01-14,desktop,direct,Hamburg,1,11,208.4
7841,2026-05-17,mobile,affiliate,Vienna,2,24,100.1
7842,2026-05-14,mobile,email,Zurich,4,5,33.4
7843,2026-07-25,mobile,paid_search,Zurich,6,19,232.8
7844,2026-03-04,mobile,organic_search,Frankfurt,2,5,62.7
7845,2026-02-13,desktop,affiliate,Rome,3,23,9.2
7846,2026-04-18,desktop,direct,Cologne,2,9,270.1
7847,2026-03-18,mobile,paid_search,Zurich,4,9,63.6
7848,2026-08-04,tablet,affiliate,Munich,1,19,221.9
7849,2026-07-04,desktop,organic_search,Munich,7,7,62.7
7850,2026-04-06,desktop,paid_search,Rome,2,5,115.7
7851,2026-03-28,mobile,paid_search,Amsterdam,5,4,38.7
7852,2026-01-04,mobile,organic_search,Amsterdam,4,23,53.6
7853,2026-01-22,desktop,organic_search,Frankfurt,4,15,92.4
7854,2026-05-15,desktop,organic_search,Amsterdam,2,24,114.2
7855,2026-06-09,mobile,direct,Hamburg,4,20,159.2
7856,2026-07-12,tablet,affiliate,Zurich,4,11,13.4
7857,2026-01-27,mobile,affiliate,Rome,3,24,145.2
7858,2026-02-08,desktop,paid_search,Barcelona,4,20,111.3
7859,2026-05-15,desktop,direct,Salzburg,6,7,330.9
7860,2026-01-22,desktop,organic_search,Cologne,4,6,128.8
7861,2026-07-22,desktop,direct,Vienna,4,4,13.5
7862,2026-04-18,mobile,paid_search,Paris,4,4,47.6
7863,2026-05-22,mobile,direct,Rome,6,12,140.5
7864,2026-07-08,mobile,organic_search,Berlin,4,12,88.3
7865,2026-05-02,mobile,direct,Paris,7,11,23.6
7866,2026-01-18,mobile,paid_search,Paris,2,4,104.6
7867,2026-02-25,mobile,paid_search,Zurich,4,16,51.4
7868,2026-03-26,mobile,organic_search,Salzburg,7,4,101.9
7869,2026-02-09,desktop,paid_search,Rome,1,15,72.5
7870,2026-05-05,mobile,organic_search,Cologne,7,5,106.3
7871,2026-01-05,mobile,paid_search,Vienna,7,15,87.0
7872,2026-02-05,desktop,organic_search,Cologne,3,9,71.4
7873,2026-07-13,desktop,direct,Rome,2,24,178.7
7874,2026-01-31,tablet,organic_search,Zurich,7,6,198.5
7875,2026-01-08,desktop,organic_search,Amsterdam,2,20,136.9
7876,2026-04-19,mobile,email,Berlin,5,15,76.1
7877,2026-07-27,mobile,direct,Rome,3,13,71.8
7878,2026-02-28,mobile,direct,Zurich,1,21,129.1
7879,2026-04-07,desktop,organic_search,Rome,7,7,46.4
7880,2026-07-04,desktop,direct,Berlin,3,21,289.0
7881,2026-08-09,mobile,direct,Frankfurt,5,21,33.2
7882,2026-03-14,tablet,paid_search,Zurich,4,22,34.7
7883,2026-02-07,desktop,affiliate,Rome,6,4,122.2
7884,2026-03-01,tablet,organic_search,Rome,1,15,131.8
7885,2026-07-16,desktop,paid_search,Salzburg,1,11,53.0
7886,2026-03-23,tablet,organic_search,Vienna,7,8,34.4
7887,2026-07-29,mobile,paid_search,Barcelona,3,10,67.0
7888,2026-04-30,mobile,organic_search,Amsterdam,3,15,108.3
7889,2026-04-12,mobile,direct,Amsterdam,2,3,32.0
7890,2026-06-25,tablet,direct,Berlin,5,16,246.2
7891,2026-08-26,mobile,email,Paris,1,10,79.6
7892,2026-07-01,mobile,organic_search,Berlin,6,18,212.6
7893,2026-02-21,desktop,direct,Amsterdam,5,7,84.4
7894,2026-03-20,mobile,paid_search,Zurich,5,18,80.3
7895,2026-01-27,mobile,paid_search,Amsterdam,1,17,108.0
7896,2026-05-23,tablet,organic_search,Paris,2,7,72.2
7897,2026-08-24,desktop,direct,Paris,7,9,205.3
7898,2026-03-18,mobile,direct,Munich,7,8,170.6
7899,2026-03-04,mobile,affiliate,Rome,5,23,187.7
7900,2026-08-13,mobile,direct,Salzburg,1,17,81.9
7901,2026-01-07,mobile,direct,Zurich,4,19,101.1
7902,2026-02-21,mobile,paid_search,Paris,4,4,128.0
7903,2026-04-06,mobile,organic_search,Barcelona,4,5,273.0
7904,2026-08-16,mobile,affiliate,Paris,6,24,186.7
7905,2026-08-28,desktop,direct,Cologne,4,20,155.5
7906,2026-08-05,mobile,paid_search,Rome,5,20,0.8
7907,2026-07-23,mobile,affiliate,Salzburg,3,23,198.2
7908,2026-01-08,desktop,organic_search,Hamburg,6,21,173.8
7909,2026-01-24,mobile,direct,Paris,5,4,137.0
7910,2026-08-05,mobile,organic_search,Cologne,6,9,58.4
7911,2026-03-29,mobile,paid_search,Hamburg,5,11,102.1
7912,2026-02-09,tablet,paid_search,Zurich,6,6,84.0
7913,2026-05-10,mobile,direct,Rome,3,22,75.8
7914,2026-08-11,desktop,paid_search,Vienna,1,23,83.9
7915,2026-07-12,desktop,paid_search,Amsterdam,7,6,18.9
7916,2026-04-12,mobile,organic_search,Paris,6,19,75.8
7917,2026-02-16,desktop,email,Cologne,3,20,191.2
7918,2026-07-05,mobile,organic_search,Berlin,5,3,320.2
7919,2026-01-22,mobile,paid_search,Paris,6,5,30.2
7920,2026-01-28,desktop,paid_search,Amsterdam,2,23,199.3
7921,2026-06-27,mobile,paid_search,Vienna,4,8,24.8
7922,2026-02-14,desktop,direct,Barcelona,1,20,58.7
7923,2026-01-06,mobile,email,Vienna,1,17,70.4
7924,2026-08-28,mobile,organic_search,Rome,6,14,90.8
7925,2026-05-05,mobile,direct,Vienna,7,3,126.9
7926,2026-07-09,mobile,organic_search,Cologne,3,15,15.7
7927,2026-06-20,tablet,organic_search,Hamburg,6,20,175.5
7928,2026-07-19,mobile,organic_search,Hamburg,4,9,42.1
7929,2026-06-11,mobile,email,Zurich,2,17,18.4
7930,2026-06-21,desktop,email,Munich,2,11,362.6
7931,2026-05-04,mobile,paid_search,Salzburg,4,23,141.8
7932,2026-02-08,desktop,direct,Munich,7,14,94.2
7933,2026-07-09,mobile,organic_search,Paris,6,3,24.2
7934,2026-04-28,mobile,direct,Munich,4,6,319.3
7935,2026-05-23,mobile,affiliate,Barcelona,6,7,116.3
7936,2026-03-15,desktop,affiliate,Frankfurt,5,10,93.1
7937,2026-07-19,mobile,direct,Vienna,5,12,233.1
7938,2026-07-02,mobile,paid_search,Munich,7,14,27.2
7939,2026-05-21,mobile,paid_search,Rome,6,18,97.0
7940,2026-02-13,mobile,organic_search,Paris,1,19,202.7
7941,2026-04-15,mobile,organic_search,Paris,3,13,224.5
7942,2026-03-04,desktop,organic_search,Paris,1,15,223.9
7943,2026-05-25,desktop,paid_search,Salzburg,6,5,107.8
7944,2026-01-17,desktop,organic_search,Paris,1,20,43.1
7945,2026-04-13,mobile,direct,Paris,7,4,111.3
7946,2026-08-26,desktop,direct,Amsterdam,2,24,159.8
7947,2026-02-20,mobile,paid_search,Salzburg,1,10,235.9
7948,2026-04-30,mobile,affiliate,Hamburg,3,12,210.7
7949,2026-04-25,mobile,email,Hamburg,7,6,114.0
7950,2026-07-29,mobile,organic_search,Vienna,3,9,200.2
7951,2026-08-18,mobile,email,Salzburg,7,6,127.4
7952,2026-07-22,mobile,email,Zurich,6,10,125.8
7953,2026-05-23,mobile,paid_search,Vienna,3,9,71.0
7954,2026-04-12,desktop,paid_search,Barcelona,3,18,98.7
7955,2026-06-26,mobile,organic_search,Salzburg,7,15,80.5
7956,2026-01-13,mobile,organic_search,Amsterdam,5,19,135.2
7957,2026-06-09,mobile,affiliate,Hamburg,1,20,14.7
7958,2026-03-17,mobile,affiliate,Amsterdam,5,22,180.0
7959,2026-04-22,mobile,direct,Hamburg,5,7,48.2
7960,2026-06-07,mobile,organic_search,Salzburg,2,10,7.7
7961,2026-04-09,mobile,organic_search,Frankfurt,4,12,30.8
7962,2026-03-13,tablet,direct,Hamburg,3,12,214.0
7963,2026-02-18,mobile,organic_search,Barcelona,4,18,98.8
7964,2026-04-08,mobile,direct,Rome,5,3,124.4
7965,2026-01-04,mobile,organic_search,Hamburg,7,21,31.5
7966,2026-07-28,mobile,affiliate,Amsterdam,7,15,243.4
7967,2026-07-28,mobile,organic_search,Berlin,5,7,111.0
7968,2026-06-14,desktop,paid_search,Vienna,3,10,187.3
7969,2026-03-09,desktop,organic_search,Cologne,7,21,62.3
7970,2026-07-05,mobile,paid_search,Munich,4,16,270.0
7971,2026-05-24,desktop,paid_search,Frankfurt,2,12,157.6
7972,2026-03-06,mobile,direct,Barcelona,2,22,120.3
7973,2026-04-22,mobile,email,Berlin,6,17,72.7
7974,2026-01-20,tablet,email,Salzburg,4,6,262.0
7975,2026-01-27,desktop,direct,Frankfurt,2,13,138.4
7976,2026-04-02,mobile,affiliate,Hamburg,4,24,95.0
7977,2026-01-09,desktop,organic_search,Zurich,2,19,21.5
7978,2026-07-30,desktop,direct,Zurich,7,17,223.2
7979,2026-08-16,tablet,organic_search,Barcelona,7,18,171.9
7980,2026-03-21,mobile,direct,Vienna,7,12,370.9
7981,2026-03-29,mobile,email,Vienna,5,14,41.6
7982,2026-07-06,desktop,direct,Frankfurt,3,4,22.1
7983,2026-03-18,mobile,organic_search,Amsterdam,1,23,134.0
7984,2026-07-10,desktop,organic_search,Cologne,4,6,110.1
7985,2026-01-21,mobile,email,Amsterdam,4,22,147.9
7986,2026-05-10,desktop,affiliate,Rome,4,22,25.2
7987,2026-01-01,mobile,direct,Salzburg,5,10,110.4
7988,2026-06-25,desktop,organic_search,Cologne,3,24,92.3
7989,2026-06-25,mobile,organic_search,Salzburg,7,5,211.0
7990,2026-04-22,mobile,organic_search,Vienna,7,5,25.8
7991,2026-08-03,mobile,paid_search,Cologne,2,6,84.2
7992,2026-06-10,desktop,paid_search,Rome,1,22,99.3
7993,2026-03-03,mobile,organic_search,Munich,2,8,139.7
7994,2026-05-23,mobile,direct,Frankfurt,2,24,46.8
7995,2026-04-19,desktop,organic_search,Salzburg,6,17,299.7
7996,2026-06-19,mobile,organic_search,Amsterdam,2,9,291.6
7997,2026-05-31,mobile,paid_search,Cologne,3,7,222.7
7998,2026-07-08,desktop,direct,Barcelona,3,19,142.4
7999,2026-02-10,mobile,organic_search,Frankfurt,5,15,27.7
8000,2026-01-06,desktop,direct,Paris,4,6,310.8
8001,2026-03-31,mobile,organic_search,Amsterdam,2,19,23.2
8002,2026-01-18,tablet,organic_search,Cologne,6,22,24.7
8003,2026-04-29,mobile,email,Amsterdam,5,7,59.8
8004,2026-03-28,mobile,organic_search,Berlin,6,14,146.2
8005,2026-06-05,desktop,direct,Munich,2,9,130.3
8006,2026-06-13,desktop,organic_search,Berlin,7,8,258.7
8007,2026-08-26,mobile,paid_search,Munich,3,3,92.1
8008,2026-01-03,mobile,organic_search,Barcelona,4,24,160.2
8009,2026-05-01,mobile,organic_search,Rome,7,5,77.6
8010,2026-07-13,mobile,paid_search,Amsterdam,5,10,304.9
8011,2026-03-04,mobile,affiliate,Frankfurt,2,11,179.6
8012,2026-07-28,desktop,organic_search,Vienna,5,20,139.9
8013,2026-06-08,mobile,paid_search,Hamburg,2,9,27.7
8014,2026-04-30,tablet,paid_search,Vienna,3,23,57.8
8015,2026-01-28,desktop,direct,Zurich,5,7,175.7
8016,2026-05-18,mobile,affiliate,Barcelona,5,20,55.9
8017,2026-01-02,desktop,paid_search,Paris,2,10,54.0
8018,2026-03-17,mobile,affiliate,Frankfurt,1,6,310.0
8019,2026-04-02,mobile,affiliate,Zurich,4,5,85.8
8020,2026-01-21,desktop,email,Munich,1,16,38.0
8021,2026-01-17,tablet,organic_search,Zurich,5,19,254.1
8022,2026-08-04,mobile,direct,Munich,3,16,245.4
8023,2026-04-26,desktop,paid_search,Rome,7,16,78.3
8024,2026-01-23,mobile,organic_search,Munich,7,14,179.3
8025,2026-03-21,desktop,paid_search,Hamburg,1,8,145.2
8026,2026-05-25,desktop,paid_search,Hamburg,7,20,155.0
8027,2026-08-05,mobile,direct,Salzburg,7,5,119.9
8028,2026-04-18,mobile,paid_search,Amsterdam,5,6,393.3
8029,2026-02-13,mobile,organic_search,Hamburg,5,3,56.9
8030,2026-04-27,desktop,organic_search,Barcelona,2,17,39.0
8031,2026-06-17,mobile,email,Amsterdam,7,17,77.5
8032,2026-02-01,desktop,email,Zurich,1,21,216.8
8033,2026-06-02,desktop,organic_search,Salzburg,4,7,105.5
8034,2026-03-25,mobile,organic_search,Paris,7,15,163.6
8035,2026-08-29,tablet,organic_search,Rome,1,12,210.3
8036,2026-04-17,mobile,paid_search,Barcelona,3,24,37.0
8037,2026-05-18,tablet,organic_search,Salzburg,7,15,202.2
8038,2026-06-21,desktop,direct,Salzburg,7,17,180.7
8039,2026-07-15,desktop,email,Zurich,3,10,19.1
8040,2026-01-14,desktop,paid_search,Paris,2,19,26.2
8041,2026-03-26,mobile,paid_search,Vienna,4,3,122.7
8042,2026-01-03,desktop,paid_search,Amsterdam,5,22,27.9
8043,2026-01-18,mobile,organic_search,Berlin,3,14,150.1
8044,2026-04-26,mobile,direct,Barcelona,6,15,62.3
8045,2026-04-08,mobile,direct,Vienna,1,23,49.6
8046,2026-06-24,mobile,organic_search,Paris,2,6,97.3
8047,2026-06-12,desktop,paid_search,Berlin,2,5,61.7
8048,2026-08-12,mobile,paid_search,Paris,2,17,147.5
8049,2026-03-03,mobile,affiliate,Zurich,7,11,411.1
8050,2026-05-13,mobile,organic_search,Hamburg,5,15,64.1
8051,2026-02-03,desktop,organic_search,Hamburg,5,9,51.5
8052,2026-04-14,desktop,organic_search,Hamburg,6,11,126.4
8053,2026-01-26,mobile,organic_search,Berlin,4,8,142.9
8054,2026-08-10,mobile,direct,Berlin,4,17,19.4
8055,2026-05-09,desktop,organic_search,Barcelona,1,16,157.4
8056,2026-01-18,mobile,organic_search,Hamburg,6,17,166.8
8057,2026-03-23,desktop,email,Cologne,7,11,76.0
8058,2026-07-06,mobile,organic_search,Vienna,5,12,65.8
8059,2026-07-04,desktop,paid_search,Zurich,7,9,111.4
8060,2026-06-30,mobile,paid_search,Barcelona,6,16,47.9
8061,2026-06-04,mobile,direct,Amsterdam,1,6,90.5
8062,2026-08-27,mobile,affiliate,Rome,1,4,40.5
8063,2026-08-15,mobile,direct,Vienna,6,10,54.2
8064,2026-04-08,desktop,paid_search,Vienna,6,17,98.3
8065,2026-08-26,mobile,paid_search,Berlin,7,24,130.3
8066,2026-06-15,desktop,paid_search,Zurich,3,7,67.2
8067,2026-01-01,mobile,affiliate,Barcelona,7,22,196.2
8068,2026-06-30,tablet,affiliate,Zurich,5,7,21.4
8069,2026-02-26,mobile,direct,Frankfurt,5,5,115.3
8070,2026-07-28,mobile,email,Zurich,5,6,43.8
8071,2026-02-28,mobile,paid_search,Cologne,4,16,170.6
8072,2026-04-27,mobile,paid_search,Berlin,1,11,534.2
8073,2026-08-01,desktop,direct,Amsterdam,1,13,56.7
8074,2026-07-09,mobile,paid_search,Salzburg,4,9,59.7
8075,2026-02-02,desktop,direct,Barcelona,4,17,49.8
8076,2026-08-25,desktop,paid_search,Zurich,6,14,126.8
8077,2026-04-12,tablet,affiliate,Barcelona,7,23,76.2
8078,2026-05-09,mobile,paid_search,Barcelona,4,13,115.8
8079,2026-01-13,desktop,direct,Barcelona,2,4,38.6
8080,2026-01-07,mobile,organic_search,Rome,5,20,115.1
8081,2026-04-26,mobile,direct,Hamburg,2,15,95.9
8082,2026-03-28,mobile,direct,Salzburg,3,8,79.6
8083,2026-01-10,mobile,email,Barcelona,6,4,241.1
8084,2026-01-22,mobile,email,Vienna,6,9,85.0
8085,2026-06-25,mobile,paid_search,Hamburg,7,11,44.4
8086,2026-05-23,desktop,direct,Paris,5,6,120.1
8087,2026-05-06,desktop,paid_search,Cologne,1,12,60.8
8088,2026-05-18,mobile,affiliate,Vienna,7,15,130.4
8089,2026-08-30,mobile,direct,Cologne,2,4,59.9
8090,2026-04-22,mobile,organic_search,Munich,3,3,18.2
8091,2026-08-27,desktop,email,Hamburg,3,8,79.9
8092,2026-03-14,mobile,direct,Frankfurt,5,21,38.2
8093,2026-07-09,mobile,direct,Salzburg,7,15,34.5
8094,2026-06-02,mobile,organic_search,Paris,5,13,172.3
8095,2026-03-12,mobile,organic_search,Zurich,1,7,49.7
8096,2026-01-29,mobile,direct,Frankfurt,2,15,32.1
8097,2026-01-28,mobile,organic_search,Amsterdam,1,18,172.4
8098,2026-06-08,desktop,direct,Barcelona,3,8,88.4
8099,2026-02-07,desktop,direct,Hamburg,7,17,48.2
8100,2026-05-31,mobile,paid_search,Barcelona,1,5,54.0
8101,2026-06-16,mobile,paid_search,Vienna,4,13,54.0
8102,2026-06-28,mobile,email,Barcelona,5,18,78.9
8103,2026-02-02,mobile,direct,Zurich,5,15,125.5
8104,2026-01-30,mobile,paid_search,Berlin,6,24,162.1
8105,2026-03-10,desktop,paid_search,Frankfurt,3,10,25.1
8106,2026-04-28,desktop,paid_search,Berlin,7,4,68.7
8107,2026-01-23,desktop,organic_search,Hamburg,5,15,43.7
8108,2026-04-29,mobile,paid_search,Berlin,1,24,82.8
8109,2026-01-13,mobile,organic_search,Berlin,4,10,115.4
8110,2026-02-03,mobile,organic_search,Frankfurt,4,20,104.8
8111,2026-04-05,mobile,paid_search,Cologne,1,22,76.9
8112,2026-05-19,mobile,affiliate,Zurich,2,7,46.8
8113,2026-04-11,mobile,direct,Salzburg,2,4,4.7
8114,2026-06-21,mobile,paid_search,Rome,7,9,109.4
8115,2026-02-16,mobile,organic_search,Hamburg,1,7,47.5
8116,2026-01-24,desktop,paid_search,Cologne,5,24,168.5
8117,2026-08-11,tablet,organic_search,Rome,1,8,142.5
8118,2026-04-16,desktop,email,Paris,2,22,195.5
8119,2026-05-28,desktop,paid_search,Amsterdam,2,20,77.8
8120,2026-06-23,mobile,affiliate,Paris,7,23,86.9
8121,2026-03-12,desktop,paid_search,Munich,7,12,407.8
8122,2026-01-16,mobile,organic_search,Paris,7,17,128.7
8123,2026-07-22,mobile,email,Hamburg,2,15,11.1
8124,2026-06-15,mobile,direct,Paris,1,13,89.4
8125,2026-05-14,desktop,direct,Berlin,7,9,186.6
8126,2026-07-29,mobile,organic_search,Rome,3,7,191.1
8127,2026-04-18,desktop,paid_search,Rome,7,8,94.9
8128,2026-01-12,mobile,organic_search,Frankfurt,5,9,180.1
8129,2026-07-01,desktop,organic_search,Hamburg,3,17,137.0
8130,2026-07-14,mobile,direct,Munich,6,4,273.1
8131,2026-03-30,mobile,email,Paris,1,18,109.9
8132,2026-02-18,mobile,affiliate,Paris,7,18,141.3
8133,2026-07-14,mobile,paid_search,Paris,7,14,80.2
8134,2026-01-14,desktop,organic_search,Barcelona,3,22,344.0
8135,2026-01-02,mobile,email,Hamburg,6,18,76.4
8136,2026-07-21,desktop,paid_search,Barcelona,2,16,118.8
8137,2026-03-01,desktop,paid_search,Paris,3,20,139.2
8138,2026-07-10,mobile,organic_search,Barcelona,4,14,40.5
8139,2026-05-09,desktop,organic_search,Frankfurt,2,5,158.2
8140,2026-08-14,mobile,organic_search,Salzburg,5,18,208.8
8141,2026-07-22,mobile,organic_search,Cologne,7,8,184.1
8142,2026-04-27,mobile,direct,Amsterdam,6,4,47.9
8143,2026-06-30,mobile,direct,Rome,6,16,63.9
8144,2026-02-09,mobile,organic_search,Berlin,7,9,49.9
8145,2026-08-15,desktop,organic_search,Zurich,2,22,64.9
8146,2026-08-10,mobile,paid_search,Cologne,3,11,166.2
8147,2026-03-05,desktop,paid_search,Amsterdam,2,20,19.9
8148,2026-05-07,desktop,direct,Vienna,2,21,71.4
8149,2026-08-12,desktop,paid_search,Frankfurt,6,15,101.0
8150,2026-03-21,desktop,paid_search,Hamburg,5,8,269.3
8151,2026-01-28,mobile,direct,Salzburg,7,12,107.7
8152,2026-08-26,desktop,organic_search,Salzburg,7,5,95.4
8153,2026-02-18,mobile,affiliate,Barcelona,4,3,184.7
8154,2026-02-08,mobile,affiliate,Cologne,3,3,35.6
8155,2026-04-24,desktop,paid_search,Hamburg,2,23,144.3
8156,2026-04-22,desktop,direct,Hamburg,5,5,172.5
8157,2026-02-21,mobile,paid_search,Paris,2,19,115.1
8158,2026-08-02,desktop,email,Salzburg,5,23,172.8
8159,2026-01-08,desktop,organic_search,Barcelona,5,9,99.8
8160,2026-08-11,mobile,organic_search,Salzburg,7,7,21.7
8161,2026-06-04,desktop,direct,Cologne,2,14,51.5
8162,2026-03-05,mobile,organic_search,Vienna,4,16,96.4
8163,2026-04-09,tablet,affiliate,Amsterdam,1,8,395.2
8164,2026-01-20,mobile,email,Barcelona,4,12,39.3
8165,2026-08-12,desktop,email,Berlin,3,23,200.9
8166,2026-06-20,desktop,organic_search,Amsterdam,2,13,113.7
8167,2026-08-27,mobile,organic_search,Barcelona,5,12,103.5
8168,2026-01-11,desktop,email,Barcelona,1,9,80.8
8169,2026-08-12,mobile,paid_search,Barcelona,4,21,130.4
8170,2026-07-21,mobile,direct,Vienna,5,23,114.7
8171,2026-05-05,desktop,direct,Munich,7,16,116.6
8172,2026-05-30,mobile,email,Amsterdam,7,7,99.8
8173,2026-03-16,tablet,direct,Cologne,1,14,247.1
8174,2026-05-04,mobile,direct,Munich,1,6,166.0
8175,2026-08-20,desktop,direct,Zurich,7,22,98.2
8176,2026-07-16,desktop,direct,Berlin,6,23,140.3
8177,2026-04-01,tablet,paid_search,Amsterdam,4,6,155.6
8178,2026-05-14,mobile,paid_search,Frankfurt,3,13,137.0
8179,2026-04-02,mobile,affiliate,Berlin,7,4,47.9
8180,2026-03-26,mobile,direct,Rome,4,14,126.9
8181,2026-06-03,mobile,email,Vienna,2,17,98.5
8182,2026-04-12,desktop,direct,Berlin,2,19,47.1
8183,2026-06-03,tablet,paid_search,Vienna,2,23,108.8
8184,2026-08-23,mobile,affiliate,Cologne,5,24,123.7
8185,2026-01-26,mobile,organic_search,Amsterdam,3,5,120.4
8186,2026-04-08,mobile,paid_search,Barcelona,3,18,95.9
8187,2026-02-16,mobile,organic_search,Frankfurt,1,8,106.1
8188,2026-01-17,mobile,direct,Vienna,2,19,63.4
8189,2026-01-01,tablet,direct,Frankfurt,2,11,80.1
8190,2026-04-01,mobile,paid_search,Munich,1,16,11.7
8191,2026-01-24,mobile,direct,Hamburg,3,23,79.9
8192,2026-06-24,desktop,email,Salzburg,5,23,17.0
8193,2026-03-24,mobile,organic_search,Rome,4,21,84.9
8194,2026-02-22,desktop,direct,Barcelona,1,13,134.2
8195,2026-08-18,desktop,paid_search,Munich,5,24,136.5
8196,2026-06-01,desktop,email,Amsterdam,4,3,16.2
8197,2026-07-13,tablet,organic_search,Vienna,1,20,62.9
8198,2026-07-06,mobile,organic_search,Cologne,2,7,44.6
8199,2026-02-25,desktop,organic_search,Munich,6,10,104.8
8200,2026-06-02,tablet,organic_search,Cologne,2,23,84.3
8201,2026-01-29,desktop,direct,Berlin,3,4,441.0
8202,2026-05-09,mobile,direct,Vienna,2,7,425.1
8203,2026-08-30,mobile,paid_search,Amsterdam,6,16,106.2
8204,2026-02-20,mobile,email,Frankfurt,3,24,73.9
8205,2026-06-24,desktop,direct,Munich,2,22,122.2
8206,2026-01-13,mobile,direct,Frankfurt,4,15,36.7
8207,2026-05-07,desktop,organic_search,Salzburg,2,12,119.8
8208,2026-01-31,desktop,affiliate,Zurich,4,11,242.0
8209,2026-08-25,desktop,paid_search,Zurich,5,11,207.2
8210,2026-04-18,mobile,affiliate,Hamburg,1,20,212.7
8211,2026-08-19,mobile,paid_search,Paris,1,20,142.4
8212,2026-08-07,tablet,paid_search,Zurich,6,9,208.3
8213,2026-01-29,mobile,direct,Vienna,1,11,14.3
8214,2026-05-03,desktop,email,Barcelona,1,21,66.2
8215,2026-06-03,tablet,organic_search,Berlin,7,19,162.1
8216,2026-04-15,mobile,affiliate,Cologne,7,14,76.1
8217,2026-06-16,mobile,organic_search,Vienna,4,7,561.2
8218,2026-04-18,mobile,organic_search,Paris,1,8,44.9
8219,2026-07-28,desktop,organic_search,Munich,6,16,263.3
8220,2026-06-02,desktop,paid_search,Amsterdam,7,18,105.0
8221,2026-05-01,mobile,direct,Salzburg,6,15,146.7
8222,2026-07-27,desktop,email,Vienna,7,15,37.8
8223,2026-06-14,desktop,paid_search,Vienna,1,12,42.7
8224,2026-03-07,mobile,direct,Salzburg,7,19,89.8
8225,2026-03-27,mobile,direct,Vienna,4,10,47.0
8226,2026-01-23,desktop,paid_search,Zurich,3,17,142.8
8227,2026-04-08,mobile,paid_search,Barcelona,5,16,57.0
8228,2026-05-18,desktop,organic_search,Salzburg,7,8,83.3
8229,2026-05-17,mobile,direct,Frankfurt,6,23,165.1
8230,2026-07-11,desktop,paid_search,Cologne,3,19,69.3
8231,2026-02-21,desktop,email,Barcelona,7,9,53.5
8232,2026-04-06,desktop,paid_search,Berlin,2,9,29.3
8233,2026-07-11,desktop,organic_search,Barcelona,1,4,320.1
8234,2026-06-26,mobile,paid_search,Hamburg,6,13,103.9
8235,2026-05-01,mobile,paid_search,Frankfurt,5,22,26.1
8236,2026-07-10,desktop,paid_search,Rome,1,8,134.1
8237,2026-07-26,desktop,direct,Cologne,4,3,45.1
8238,2026-04-14,mobile,organic_search,Cologne,1,12,200.4
8239,2026-07-10,desktop,direct,Berlin,3,4,96.2
8240,2026-02-24,desktop,paid_search,Paris,5,20,108.6
8241,2026-05-17,mobile,organic_search,Barcelona,1,6,24.3
8242,2026-03-02,desktop,direct,Cologne,3,11,174.0
8243,2026-06-16,desktop,paid_search,Amsterdam,7,19,113.3
8244,2026-03-30,mobile,email,Rome,3,8,36.2
8245,2026-07-25,mobile,direct,Munich,5,4,47.0
8246,2026-08-09,mobile,direct,Berlin,3,20,36.6
8247,2026-03-23,tablet,organic_search,Munich,5,13,137.6
8248,2026-01-09,mobile,direct,Vienna,2,4,78.1
8249,2026-06-26,mobile,direct,Barcelona,7,6,33.8
8250,2026-08-10,mobile,affiliate,Vienna,3,22,114.6
8251,2026-08-12,mobile,direct,Munich,2,15,118.4
8252,2026-02-26,mobile,organic_search,Hamburg,1,8,82.8
8253,2026-01-08,mobile,paid_search,Barcelona,5,13,113.0
8254,2026-01-19,desktop,direct,Barcelona,6,24,109.0
8255,2026-05-01,mobile,affiliate,Hamburg,4,9,115.6
8256,2026-03-07,mobile,organic_search,Hamburg,1,7,213.0
8257,2026-02-05,tablet,paid_search,Vienna,4,15,74.7
8258,2026-02-18,mobile,email,Berlin,5,21,79.4
8259,2026-04-04,tablet,direct,Hamburg,6,9,103.6
8260,2026-01-13,desktop,paid_search,Zurich,1,4,167.3
8261,2026-07-20,mobile,direct,Cologne,2,21,56.1
8262,2026-08-20,mobile,organic_search,Barcelona,7,21,49.5
8263,2026-02-18,mobile,paid_search,Salzburg,7,23,237.4
8264,2026-05-20,desktop,paid_search,Frankfurt,3,10,127.6
8265,2026-01-09,mobile,organic_search,Rome,4,14,61.0
8266,2026-01-21,mobile,affiliate,Vienna,4,13,154.6
8267,2026-03-10,desktop,affiliate,Zurich,4,5,31.9
8268,2026-07-24,desktop,direct,Salzburg,6,16,113.5
8269,2026-07-08,desktop,paid_search,Hamburg,3,10,424.6
8270,2026-06-22,mobile,direct,Cologne,2,22,45.7
8271,2026-01-27,desktop,affiliate,Salzburg,1,21,143.9
8272,2026-02-22,mobile,email,Berlin,4,7,149.2
8273,2026-05-22,desktop,paid_search,Hamburg,4,7,329.3
8274,2026-03-31,desktop,direct,Berlin,5,5,95.0
8275,2026-06-29,mobile,organic_search,Salzburg,5,5,10.1
8276,2026-05-14,mobile,direct,Frankfurt,3,12,78.0
8277,2026-05-19,mobile,organic_search,Hamburg,1,24,112.5
8278,2026-05-20,mobile,email,Paris,4,14,239.8
8279,2026-08-15,tablet,direct,Barcelona,3,15,176.3
8280,2026-05-15,tablet,organic_search,Salzburg,2,11,284.1
8281,2026-07-03,mobile,paid_search,Rome,6,13,393.8
8282,2026-04-28,mobile,paid_search,Berlin,4,13,136.5
8283,2026-01-22,mobile,affiliate,Zurich,4,23,178.9
8284,2026-05-12,desktop,paid_search,Paris,5,4,93.1
8285,2026-07-27,mobile,organic_search,Frankfurt,5,14,11.0
8286,2026-07-03,desktop,direct,Paris,7,15,37.5
8287,2026-05-13,mobile,email,Rome,3,13,105.6
8288,2026-08-20,desktop,paid_search,Barcelona,5,12,93.5
8289,2026-08-23,mobile,email,Frankfurt,1,9,35.4
8290,2026-08-17,mobile,paid_search,Vienna,1,12,70.6
8291,2026-08-27,desktop,organic_search,Frankfurt,4,17,10.4
8292,2026-03-22,desktop,email,Zurich,1,9,54.0
8293,2026-02-09,mobile,paid_search,Munich,2,18,84.7
8294,2026-04-18,desktop,affiliate,Amsterdam,5,20,36.9
8295,2026-03-02,tablet,affiliate,Rome,5,5,441.0
8296,2026-02-08,desktop,paid_search,Zurich,3,17,39.2
8297,2026-06-08,mobile,direct,Munich,3,20,182.7
8298,2026-01-27,mobile,direct,Berlin,7,19,39.7
8299,2026-01-14,mobile,paid_search,Paris,4,12,48.2
8300,2026-02-14,tablet,paid_search,Frankfurt,3,9,37.2
8301,2026-04-08,mobile,affiliate,Amsterdam,4,12,167.0
8302,2026-06-09,desktop,paid_search,Zurich,3,20,430.1
8303,2026-08-28,desktop,paid_search,Rome,6,22,110.7
8304,2026-06-01,mobile,organic_search,Hamburg,3,14,214.2
8305,2026-05-08,mobile,paid_search,Vienna,6,6,61.2
8306,2026-03-13,mobile,paid_search,Vienna,2,4,47.2
8307,2026-03-22,mobile,paid_search,Cologne,1,13,183.9
8308,2026-05-30,mobile,direct,Paris,5,14,362.0
8309,2026-02-14,mobile,affiliate,Vienna,1,12,148.5
8310,2026-01-19,desktop,paid_search,Barcelona,4,19,278.3
8311,2026-07-01,desktop,email,Barcelona,2,16,165.3
8312,2026-08-26,mobile,direct,Frankfurt,2,14,141.3
8313,2026-08-14,mobile,email,Vienna,5,7,53.1
8314,2026-06-12,desktop,paid_search,Frankfurt,7,17,65.3
8315,2026-08-12,desktop,paid_search,Cologne,2,8,91.9
8316,2026-07-03,mobile,paid_search,Munich,2,23,70.7
8317,2026-01-16,mobile,direct,Salzburg,6,4,122.7
8318,2026-04-05,mobile,organic_search,Hamburg,3,6,34.2
8319,2026-01-19,mobile,paid_search,Berlin,3,20,135.1
8320,2026-03-04,desktop,paid_search,Cologne,3,24,62.6
8321,2026-08-28,mobile,email,Amsterdam,3,5,33.7
8322,2026-07-19,mobile,direct,Cologne,4,6,51.6
8323,2026-08-19,mobile,paid_search,Zurich,4,16,345.8
8324,2026-04-27,desktop,organic_search,Paris,4,24,201.7
8325,2026-02-23,mobile,organic_search,Hamburg,5,3,132.3
8326,2026-04-02,mobile,paid_search,Paris,4,11,139.5
8327,2026-02-17,mobile,organic_search,Hamburg,1,16,265.1
8328,2026-08-22,desktop,organic_search,Amsterdam,5,16,235.2
8329,2026-05-23,desktop,affiliate,Barcelona,3,8,93.8
8330,2026-01-12,desktop,organic_search,Munich,1,3,130.2
8331,2026-03-18,desktop,direct,Cologne,6,17,42.5
8332,2026-05-01,tablet,direct,Vienna,3,24,165.5
8333,2026-06-23,mobile,organic_search,Salzburg,5,19,142.3
8334,2026-08-05,desktop,organic_search,Amsterdam,7,22,160.7
8335,2026-02-19,desktop,organic_search,Salzburg,2,24,156.2
8336,2026-06-20,mobile,organic_search,Berlin,1,17,80.4
8337,2026-07-15,mobile,email,Zurich,7,19,67.0
8338,2026-07-08,mobile,affiliate,Munich,5,6,257.1
8339,2026-03-10,desktop,affiliate,Berlin,7,23,157.4
8340,2026-03-24,desktop,paid_search,Zurich,4,16,133.5
8341,2026-02-03,desktop,organic_search,Vienna,4,23,23.0
8342,2026-05-21,mobile,direct,Frankfurt,5,24,65.7
8343,2026-03-24,mobile,organic_search,Barcelona,3,9,39.7
8344,2026-04-11,mobile,organic_search,Frankfurt,5,20,14.1
8345,2026-01-05,mobile,paid_search,Amsterdam,7,11,66.1
8346,2026-08-17,mobile,organic_search,Cologne,6,4,70.6
8347,2026-06-06,mobile,organic_search,Vienna,2,12,79.2
8348,2026-02-27,tablet,paid_search,Cologne,4,13,164.6
8349,2026-01-17,desktop,direct,Munich,6,10,148.0
8350,2026-04-05,mobile,direct,Hamburg,1,12,61.8
8351,2026-02-05,mobile,organic_search,Salzburg,5,19,160.6
8352,2026-02-15,mobile,organic_search,Vienna,4,18,123.2
8353,2026-07-12,mobile,organic_search,Zurich,5,11,101.9
8354,2026-01-13,mobile,paid_search,Paris,3,18,93.6
8355,2026-05-03,mobile,direct,Barcelona,2,23,34.5
8356,2026-07-06,desktop,organic_search,Paris,2,22,34.8
8357,2026-05-24,mobile,organic_search,Barcelona,2,15,58.4
8358,2026-02-01,desktop,direct,Hamburg,7,21,86.9
8359,2026-03-10,tablet,paid_search,Frankfurt,3,9,106.1
8360,2026-02-11,mobile,paid_search,Frankfurt,1,6,264.8
8361,2026-08-24,mobile,organic_search,Zurich,4,21,109.9
8362,2026-06-14,desktop,organic_search,Munich,7,18,92.3
8363,2026-08-27,tablet,paid_search,Salzburg,3,18,96.7
8364,2026-02-02,desktop,affiliate,Rome,3,19,143.6
8365,2026-03-30,mobile,paid_search,Hamburg,6,9,272.6
8366,2026-03-27,desktop,organic_search,Salzburg,5,9,39.4
8367,2026-07-10,mobile,direct,Cologne,2,22,287.1
8368,2026-01-18,mobile,affiliate,Zurich,1,20,63.9
8369,2026-07-14,mobile,organic_search,Amsterdam,5,12,127.1
8370,2026-04-24,mobile,paid_search,Zurich,7,12,208.4
8371,2026-08-10,desktop,paid_search,Amsterdam,2,5,465.8
8372,2026-03-21,mobile,direct,Cologne,4,4,227.2
8373,2026-07-28,tablet,organic_search,Amsterdam,4,20,189.4
8374,2026-08-05,mobile,organic_search,Berlin,4,10,194.0
8375,2026-04-17,mobile,paid_search,Frankfurt,3,18,52.9
8376,2026-08-06,mobile,paid_search,Vienna,4,22,89.3
8377,2026-03-29,mobile,direct,Salzburg,4,3,106.7
8378,2026-06-09,desktop,direct,Salzburg,7,9,112.1
8379,2026-08-15,mobile,email,Hamburg,6,6,150.0
8380,2026-02-12,mobile,direct,Salzburg,2,14,82.2
8381,2026-04-09,mobile,affiliate,Amsterdam,3,22,249.3
8382,2026-01-13,mobile,direct,Frankfurt,6,7,68.6
8383,2026-05-06,mobile,direct,Frankfurt,5,3,161.6
8384,2026-03-08,mobile,affiliate,Frankfurt,4,17,180.3
8385,2026-01-24,desktop,paid_search,Cologne,7,15,92.1
8386,2026-08-07,desktop,organic_search,Zurich,4,19,225.1
8387,2026-03-13,mobile,email,Frankfurt,3,4,223.2
8388,2026-06-26,mobile,organic_search,Hamburg,6,7,373.8
8389,2026-02-09,mobile,paid_search,Berlin,4,21,136.8
8390,2026-03-06,mobile,direct,Salzburg,2,10,62.6
8391,2026-01-20,mobile,organic_search,Vienna,3,6,95.7
8392,2026-06-21,mobile,organic_search,Rome,6,23,244.1
8393,2026-03-31,mobile,email,Salzburg,6,16,82.0
8394,2026-08-07,mobile,paid_search,Vienna,6,24,74.1
8395,2026-05-05,mobile,paid_search,Berlin,3,24,54.1
8396,2026-02-16,desktop,organic_search,Barcelona,2,6,84.3
8397,2026-07-08,desktop,paid_search,Frankfurt,7,17,205.2
8398,2026-07-29,desktop,direct,Hamburg,4,18,96.7
8399,2026-05-28,mobile,email,Paris,1,11,63.4
8400,2026-06-18,desktop,paid_search,Berlin,7,21,36.6
8401,2026-07-19,desktop,paid_search,Vienna,7,11,132.1
8402,2026-01-27,desktop,direct,Cologne,4,4,138.0
8403,2026-02-26,mobile,organic_search,Frankfurt,6,23,118.1
8404,2026-07-08,mobile,direct,Salzburg,7,15,30.1
8405,2026-07-12,tablet,affiliate,Zurich,2,15,55.1
8406,2026-02-15,mobile,organic_search,Zurich,5,19,38.6
8407,2026-01-13,desktop,paid_search,Frankfurt,5,24,54.3
8408,2026-05-12,mobile,organic_search,Munich,7,17,56.8
8409,2026-03-09,mobile,organic_search,Munich,1,4,85.1
8410,2026-02-09,mobile,direct,Rome,1,11,46.1
8411,2026-04-18,desktop,organic_search,Barcelona,1,20,162.6
8412,2026-03-06,mobile,organic_search,Paris,7,19,22.7
8413,2026-08-20,mobile,paid_search,Barcelona,4,7,81.6
8414,2026-07-16,desktop,direct,Frankfurt,2,6,59.0
8415,2026-01-22,desktop,organic_search,Amsterdam,5,10,88.0
8416,2026-08-22,desktop,paid_search,Salzburg,2,21,136.5
8417,2026-03-05,mobile,email,Cologne,3,17,100.9
8418,2026-02-09,mobile,organic_search,Vienna,1,17,181.5
8419,2026-02-06,mobile,organic_search,Salzburg,7,20,115.4
8420,2026-04-02,tablet,paid_search,Salzburg,5,9,146.0
8421,2026-04-13,mobile,organic_search,Vienna,5,15,219.7
8422,2026-08-07,desktop,affiliate,Hamburg,3,14,206.3
8423,2026-03-21,mobile,organic_search,Amsterdam,5,5,145.3
8424,2026-06-15,desktop,paid_search,Frankfurt,6,10,206.7
8425,2026-01-23,mobile,organic_search,Amsterdam,5,3,57.3
8426,2026-07-18,mobile,organic_search,Munich,6,10,427.2
8427,2026-04-27,desktop,organic_search,Frankfurt,3,22,700.4
8428,2026-05-21,mobile,paid_search,Paris,6,4,232.5
8429,2026-04-28,mobile,paid_search,Barcelona,1,9,143.2
8430,2026-06-29,mobile,paid_search,Salzburg,6,14,158.6
8431,2026-06-02,mobile,paid_search,Zurich,4,17,43.5
8432,2026-03-30,desktop,organic_search,Berlin,2,5,152.4
8433,2026-07-23,tablet,direct,Amsterdam,6,20,57.4
8434,2026-01-27,desktop,paid_search,Munich,5,13,58.7
8435,2026-08-24,mobile,paid_search,Amsterdam,7,18,134.3
8436,2026-05-31,mobile,email,Cologne,5,15,43.0
8437,2026-01-26,mobile,affiliate,Barcelona,1,5,315.4
8438,2026-05-01,mobile,email,Zurich,7,10,190.8
8439,2026-03-23,desktop,paid_search,Salzburg,6,20,33.9
8440,2026-01-13,mobile,organic_search,Hamburg,6,13,59.7
8441,2026-08-24,mobile,paid_search,Zurich,2,22,51.8
8442,2026-07-31,desktop,email,Zurich,5,18,80.4
8443,2026-05-18,desktop,email,Munich,2,20,258.4
8444,2026-01-30,desktop,paid_search,Vienna,5,14,232.0
8445,2026-04-07,desktop,direct,Salzburg,1,14,162.1
8446,2026-06-23,mobile,organic_search,Hamburg,1,15,175.5
8447,2026-04-16,desktop,organic_search,Rome,7,7,67.8
8448,2026-05-12,desktop,affiliate,Salzburg,1,15,41.2
8449,2026-07-23,mobile,affiliate,Cologne,6,16,205.8
8450,2026-02-14,mobile,direct,Barcelona,5,3,189.4
8451,2026-07-29,mobile,paid_search,Frankfurt,3,18,122.3
8452,2026-08-26,mobile,organic_search,Munich,1,11,223.6
8453,2026-03-13,mobile,organic_search,Zurich,6,8,191.1
8454,2026-08-13,desktop,organic_search,Zurich,5,17,113.4
8455,2026-03-16,mobile,organic_search,Cologne,2,17,146.8
8456,2026-06-19,desktop,organic_search,Munich,4,6,85.9
8457,2026-06-19,desktop,organic_search,Hamburg,3,22,56.9
8458,2026-08-15,mobile,email,Salzburg,5,20,104.9
8459,2026-01-17,mobile,organic_search,Rome,1,11,29.0
8460,2026-05-24,tablet,organic_search,Cologne,2,4,29.6
8461,2026-07-24,mobile,paid_search,Berlin,4,14,59.1
8462,2026-01-23,desktop,direct,Zurich,7,24,131.3
8463,2026-01-02,mobile,paid_search,Hamburg,2,18,174.8
8464,2026-01-16,mobile,direct,Amsterdam,2,10,108.5
8465,2026-04-22,tablet,direct,Zurich,7,19,45.3
8466,2026-05-16,tablet,organic_search,Vienna,4,20,132.9
8467,2026-07-11,mobile,direct,Rome,2,17,47.7
8468,2026-04-12,tablet,organic_search,Vienna,1,7,89.7
8469,2026-08-10,desktop,direct,Munich,2,14,54.4
8470,2026-01-28,mobile,affiliate,Cologne,3,8,355.8
8471,2026-06-01,mobile,organic_search,Cologne,1,18,130.4
8472,2026-04-23,desktop,organic_search,Cologne,1,3,52.7
8473,2026-05-09,mobile,affiliate,Barcelona,4,21,171.5
8474,2026-05-02,desktop,affiliate,Zurich,6,13,56.5
8475,2026-06-18,desktop,paid_search,Munich,1,22,140.9
8476,2026-06-23,mobile,organic_search,Frankfurt,6,24,74.7
8477,2026-07-23,desktop,direct,Berlin,6,12,117.2
8478,2026-03-30,desktop,paid_search,Berlin,7,22,252.4
8479,2026-01-04,mobile,paid_search,Berlin,3,18,108.9
8480,2026-02-08,mobile,direct,Berlin,6,13,324.5
8481,2026-05-27,desktop,organic_search,Rome,7,11,115.3
8482,2026-02-08,tablet,direct,Cologne,5,22,61.6
8483,2026-07-05,mobile,direct,Barcelona,1,21,69.0
8484,2026-01-01,mobile,organic_search,Amsterdam,3,22,79.9
8485,2026-08-12,desktop,paid_search,Vienna,4,21,60.2
8486,2026-08-29,tablet,paid_search,Rome,5,23,142.4
8487,2026-04-07,mobile,paid_search,Rome,7,19,156.5
8488,2026-07-27,mobile,paid_search,Zurich,1,9,62.2
8489,2026-08-07,tablet,direct,Munich,4,13,65.9
8490,2026-07-16,mobile,paid_search,Munich,6,3,351.9
8491,2026-06-02,mobile,organic_search,Berlin,3,14,61.6
8492,2026-02-20,mobile,direct,Vienna,7,7,88.6
8493,2026-03-22,mobile,organic_search,Vienna,1,20,230.0
8494,2026-03-28,mobile,organic_search,Vienna,3,22,171.4
8495,2026-08-26,mobile,affiliate,Barcelona,5,4,79.2
8496,2026-06-05,mobile,direct,Berlin,5,15,107.1
8497,2026-01-15,mobile,paid_search,Berlin,3,15,207.8
8498,2026-02-08,mobile,organic_search,Barcelona,6,18,135.5
8499,2026-07-30,mobile,paid_search,Frankfurt,5,8,206.0
8500,2026-04-28,mobile,direct,Barcelona,4,3,154.5
8501,2026-05-08,desktop,direct,Munich,7,16,245.9
8502,2026-08-11,mobile,paid_search,Barcelona,3,8,240.2
8503,2026-05-22,mobile,email,Amsterdam,5,13,142.6
8504,2026-04-11,mobile,paid_search,Munich,5,19,177.9
8505,2026-07-21,mobile,direct,Cologne,1,17,34.0
8506,2026-03-23,mobile,email,Frankfurt,2,22,159.7
8507,2026-08-13,mobile,paid_search,Salzburg,4,5,63.7
8508,2026-01-18,mobile,organic_search,Salzburg,4,3,54.3
8509,2026-08-05,mobile,direct,Berlin,5,23,163.9
8510,2026-01-30,desktop,email,Zurich,5,22,46.0
8511,2026-04-23,desktop,paid_search,Vienna,5,15,172.2
8512,2026-02-21,tablet,direct,Vienna,5,21,313.0
8513,2026-06-22,desktop,paid_search,Berlin,1,9,192.3
8514,2026-04-23,desktop,organic_search,Munich,4,24,196.4
8515,2026-07-02,mobile,direct,Rome,3,20,132.0
8516,2026-05-17,mobile,paid_search,Munich,5,11,41.5
8517,2026-03-25,mobile,affiliate,Zurich,4,18,18.2
8518,2026-06-27,desktop,organic_search,Amsterdam,4,8,13.0
8519,2026-03-15,desktop,email,Salzburg,3,12,49.9
8520,2026-02-24,mobile,organic_search,Hamburg,7,13,60.7
8521,2026-07-18,mobile,organic_search,Cologne,7,9,146.9
8522,2026-08-29,mobile,paid_search,Salzburg,6,9,64.4
8523,2026-05-10,tablet,organic_search,Berlin,7,10,172.0
8524,2026-08-21,mobile,direct,Rome,1,17,119.2
8525,2026-02-23,desktop,direct,Frankfurt,6,4,121.3
8526,2026-01-02,desktop,email,Cologne,4,13,47.0
8527,2026-08-02,desktop,email,Hamburg,7,11,55.0
8528,2026-07-21,desktop,organic_search,Paris,3,21,120.3
8529,2026-04-30,mobile,direct,Vienna,7,14,60.8
8530,2026-07-27,mobile,affiliate,Frankfurt,2,17,58.9
8531,2026-07-31,tablet,paid_search,Munich,3,21,228.5
8532,2026-03-29,mobile,paid_search,Paris,3,22,92.5
8533,2026-02-09,desktop,organic_search,Salzburg,3,17,37.1
8534,2026-05-29,mobile,affiliate,Hamburg,3,16,131.5
8535,2026-08-04,mobile,affiliate,Barcelona,1,7,33.7
8536,2026-05-21,desktop,direct,Salzburg,2,5,105.0
8537,2026-04-08,desktop,organic_search,Frankfurt,2,24,219.0
8538,2026-02-26,mobile,paid_search,Barcelona,3,10,55.1
8539,2026-03-12,mobile,email,Berlin,2,7,40.7
8540,2026-07-05,mobile,organic_search,Salzburg,7,13,46.2
8541,2026-03-31,desktop,paid_search,Salzburg,2,16,98.8
8542,2026-05-03,desktop,organic_search,Rome,1,6,100.9
8543,2026-05-26,desktop,email,Paris,2,10,132.6
8544,2026-03-15,mobile,direct,Vienna,1,19,207.9
8545,2026-03-14,mobile,direct,Paris,3,5,105.6
8546,2026-06-24,mobile,paid_search,Vienna,6,12,32.3
8547,2026-06-05,desktop,paid_search,Frankfurt,5,21,161.7
8548,2026-07-07,mobile,direct,Salzburg,5,9,54.5
8549,2026-05-02,tablet,organic_search,Vienna,7,15,79.2
8550,2026-01-03,desktop,direct,Salzburg,1,21,50.0
8551,2026-06-08,mobile,paid_search,Cologne,2,14,187.4
8552,2026-01-04,mobile,paid_search,Paris,6,10,356.9
8553,2026-03-23,mobile,direct,Rome,5,9,63.0
8554,2026-06-29,mobile,organic_search,Amsterdam,7,20,88.6
8555,2026-03-04,tablet,paid_search,Hamburg,4,20,16.5
8556,2026-07-30,tablet,paid_search,Rome,3,21,190.8
8557,2026-06-13,mobile,organic_search,Salzburg,5,21,88.3
8558,2026-08-07,mobile,organic_search,Zurich,2,12,65.2
8559,2026-05-09,mobile,paid_search,Vienna,1,21,164.6
8560,2026-04-22,mobile,affiliate,Amsterdam,3,4,70.7
8561,2026-02-04,mobile,direct,Munich,6,4,46.1
8562,2026-08-06,mobile,paid_search,Rome,3,13,233.5
8563,2026-06-07,mobile,affiliate,Salzburg,3,7,217.1
8564,2026-07-17,mobile,paid_search,Salzburg,3,24,20.9
8565,2026-03-09,mobile,organic_search,Salzburg,6,5,102.5
8566,2026-02-19,mobile,email,Paris,2,8,60.2
8567,2026-03-30,desktop,affiliate,Cologne,3,9,98.4
8568,2026-04-26,mobile,affiliate,Frankfurt,7,9,72.1
8569,2026-07-26,mobile,organic_search,Hamburg,7,5,367.0
8570,2026-03-06,desktop,paid_search,Salzburg,1,23,106.2
8571,2026-02-18,mobile,paid_search,Vienna,5,6,62.3
8572,2026-01-30,desktop,paid_search,Cologne,6,19,5.6
8573,2026-04-15,mobile,paid_search,Paris,7,18,52.1
8574,2026-01-26,mobile,organic_search,Frankfurt,4,7,436.3
8575,2026-01-21,mobile,organic_search,Paris,3,17,123.1
8576,2026-03-28,mobile,organic_search,Barcelona,7,4,155.4
8577,2026-04-19,mobile,paid_search,Frankfurt,3,9,48.2
8578,2026-04-10,mobile,organic_search,Salzburg,6,23,42.7
8579,2026-08-11,mobile,paid_search,Barcelona,4,21,86.6
8580,2026-08-11,mobile,organic_search,Hamburg,5,12,284.3
8581,2026-05-16,mobile,direct,Barcelona,2,17,34.1
8582,2026-08-16,mobile,affiliate,Rome,5,6,119.9
8583,2026-07-30,desktop,direct,Paris,2,12,75.9
8584,2026-01-12,mobile,organic_search,Amsterdam,3,3,120.2
8585,2026-05-12,mobile,organic_search,Zurich,3,3,352.7
8586,2026-03-26,tablet,email,Rome,4,24,40.6
8587,2026-01-15,mobile,paid_search,Cologne,3,17,41.2
8588,2026-06-08,desktop,direct,Salzburg,7,6,81.5
8589,2026-05-03,desktop,direct,Paris,1,20,460.1
8590,2026-05-28,mobile,organic_search,Munich,5,13,27.9
8591,2026-02-26,desktop,organic_search,Frankfurt,2,7,52.1
8592,2026-07-23,desktop,direct,Amsterdam,3,23,150.2
8593,2026-04-15,desktop,organic_search,Munich,5,5,92.2
8594,2026-02-27,mobile,paid_search,Barcelona,1,18,192.8
8595,2026-02-27,mobile,organic_search,Vienna,7,9,321.0
8596,2026-03-08,mobile,paid_search,Amsterdam,6,22,118.0
8597,2026-01-28,mobile,paid_search,Paris,2,18,199.7
8598,2026-07-29,mobile,paid_search,Paris,7,18,124.0
8599,2026-02-21,mobile,paid_search,Zurich,2,24,9.2
8600,2026-06-29,mobile,organic_search,Cologne,6,6,56.4
8601,2026-04-08,tablet,paid_search,Zurich,6,11,138.1
8602,2026-01-30,desktop,paid_search,Amsterdam,4,12,188.7
8603,2026-07-19,mobile,paid_search,Cologne,5,21,83.6
8604,2026-07-15,mobile,paid_search,Amsterdam,4,17,98.3
8605,2026-07-06,mobile,paid_search,Amsterdam,7,19,58.2
8606,2026-03-30,mobile,paid_search,Salzburg,1,11,95.6
8607,2026-01-09,mobile,organic_search,Hamburg,2,22,58.6
8608,2026-07-09,desktop,direct,Amsterdam,6,4,53.5
8609,2026-07-08,mobile,paid_search,Munich,7,17,41.0
8610,2026-07-30,desktop,organic_search,Cologne,4,23,50.1
8611,2026-01-08,tablet,organic_search,Rome,2,23,250.0
8612,2026-07-25,mobile,paid_search,Berlin,5,4,44.7
8613,2026-01-19,mobile,organic_search,Salzburg,2,23,77.5
8614,2026-01-07,mobile,organic_search,Frankfurt,3,19,91.8
8615,2026-07-04,mobile,organic_search,Rome,3,3,100.2
8616,2026-06-29,mobile,email,Hamburg,1,22,125.1
8617,2026-04-06,mobile,paid_search,Berlin,7,14,21.8
8618,2026-06-26,mobile,email,Vienna,5,11,106.4
8619,2026-03-19,tablet,paid_search,Amsterdam,1,10,190.4
8620,2026-01-29,mobile,direct,Berlin,1,4,230.6
8621,2026-04-01,mobile,paid_search,Munich,5,21,154.5
8622,2026-08-06,mobile,organic_search,Frankfurt,1,24,36.3
8623,2026-05-07,mobile,affiliate,Munich,6,12,86.3
8624,2026-06-27,mobile,email,Vienna,5,24,37.9
8625,2026-05-27,tablet,direct,Hamburg,7,23,111.5
8626,2026-06-09,mobile,direct,Rome,4,12,90.5
8627,2026-06-12,desktop,paid_search,Berlin,6,22,117.5
8628,2026-01-27,mobile,organic_search,Berlin,7,20,29.6
8629,2026-01-24,mobile,paid_search,Paris,1,11,108.1
8630,2026-01-30,tablet,direct,Paris,3,6,229.3
8631,2026-02-09,tablet,paid_search,Zurich,6,15,168.2
8632,2026-06-16,mobile,affiliate,Berlin,1,14,85.2
8633,2026-04-16,mobile,direct,Rome,6,3,165.7
8634,2026-03-30,mobile,organic_search,Hamburg,5,8,119.3
8635,2026-07-29,desktop,organic_search,Munich,7,10,116.3
8636,2026-04-26,mobile,organic_search,Berlin,4,22,259.8
8637,2026-07-04,mobile,paid_search,Barcelona,2,17,117.9
8638,2026-05-31,mobile,affiliate,Salzburg,3,6,65.4
8639,2026-02-15,mobile,affiliate,Munich,4,7,72.8
8640,2026-03-31,tablet,direct,Salzburg,5,24,103.7
8641,2026-03-11,desktop,organic_search,Munich,3,6,12.3
8642,2026-06-23,desktop,affiliate,Amsterdam,4,22,49.6
8643,2026-04-02,mobile,affiliate,Rome,5,23,13.0
8644,2026-05-17,mobile,direct,Paris,3,18,39.3
8645,2026-07-28,desktop,organic_search,Hamburg,2,15,116.5
8646,2026-03-31,mobile,organic_search,Vienna,6,23,161.0
8647,2026-08-25,mobile,paid_search,Barcelona,1,15,354.6
8648,2026-02-19,desktop,organic_search,Rome,5,14,55.8
8649,2026-01-19,mobile,direct,Rome,3,21,237.0
8650,2026-02-16,mobile,paid_search,Munich,7,7,186.2
8651,2026-04-28,mobile,affiliate,Berlin,6,15,83.7
8652,2026-01-08,mobile,paid_search,Frankfurt,5,21,220.4
8653,2026-03-29,desktop,organic_search,Paris,5,17,155.1
8654,2026-03-18,mobile,organic_search,Berlin,4,10,4.2
8655,2026-03-19,mobile,organic_search,Salzburg,3,9,55.4
8656,2026-02-17,mobile,organic_search,Cologne,4,16,83.8
8657,2026-05-01,mobile,direct,Zurich,5,11,63.4
8658,2026-03-08,desktop,direct,Amsterdam,7,10,41.7
8659,2026-06-23,mobile,email,Rome,4,9,74.0
8660,2026-05-21,mobile,organic_search,Barcelona,5,5,122.8
8661,2026-05-23,desktop,direct,Amsterdam,3,16,33.0
8662,2026-07-05,mobile,paid_search,Vienna,3,9,29.8
8663,2026-04-13,tablet,organic_search,Paris,1,16,118.5
8664,2026-02-10,mobile,direct,Cologne,7,23,78.4
8665,2026-06-24,mobile,organic_search,Paris,4,6,45.7
8666,2026-08-17,mobile,organic_search,Munich,2,21,53.6
8667,2026-04-10,mobile,paid_search,Cologne,1,19,168.5
8668,2026-06-23,mobile,direct,Berlin,4,8,32.9
8669,2026-06-07,mobile,paid_search,Amsterdam,5,7,380.4
8670,2026-01-12,tablet,direct,Zurich,1,11,240.9
8671,2026-02-10,desktop,organic_search,Frankfurt,2,18,282.5
8672,2026-06-15,desktop,paid_search,Frankfurt,5,16,57.3
8673,2026-03-24,tablet,direct,Munich,3,4,117.5
8674,2026-03-05,mobile,paid_search,Zurich,4,6,86.9
8675,2026-05-18,mobile,direct,Cologne,1,23,122.4
8676,2026-05-15,desktop,organic_search,Zurich,5,7,128.1
8677,2026-08-11,mobile,direct,Berlin,4,4,234.4
8678,2026-08-26,desktop,email,Berlin,7,8,36.4
8679,2026-01-05,mobile,direct,Salzburg,1,4,236.2
8680,2026-04-21,mobile,paid_search,Cologne,6,15,59.2
8681,2026-06-25,desktop,organic_search,Berlin,4,4,35.6
8682,2026-03-24,mobile,organic_search,Rome,7,3,43.9
8683,2026-04-28,mobile,email,Hamburg,5,12,76.1
8684,2026-06-17,desktop,affiliate,Amsterdam,5,17,169.4
8685,2026-06-30,mobile,organic_search,Paris,7,15,98.4
8686,2026-08-17,mobile,paid_search,Frankfurt,6,7,45.0
8687,2026-01-28,desktop,organic_search,Paris,4,6,144.6
8688,2026-04-19,mobile,organic_search,Munich,3,14,55.8
8689,2026-05-24,mobile,direct,Zurich,2,19,174.2
8690,2026-08-04,mobile,affiliate,Rome,2,13,54.2
8691,2026-04-13,desktop,paid_search,Paris,5,5,47.1
8692,2026-01-13,mobile,email,Cologne,2,11,13.3
8693,2026-03-17,desktop,email,Vienna,3,23,77.1
8694,2026-08-14,mobile,direct,Zurich,5,24,139.6
8695,2026-01-08,mobile,direct,Vienna,2,12,127.1
8696,2026-08-18,mobile,organic_search,Vienna,6,23,259.3
8697,2026-05-08,desktop,direct,Vienna,5,14,104.7
8698,2026-02-19,mobile,organic_search,Munich,1,19,117.6
8699,2026-03-24,desktop,direct,Berlin,1,19,239.0
8700,2026-03-27,mobile,affiliate,Rome,5,14,118.5
8701,2026-08-12,desktop,organic_search,Frankfurt,3,21,216.3
8702,2026-07-16,desktop,paid_search,Salzburg,2,24,90.3
8703,2026-07-01,mobile,paid_search,Salzburg,3,20,128.5
8704,2026-01-04,mobile,organic_search,Munich,1,13,92.7
8705,2026-01-22,mobile,organic_search,Salzburg,2,10,80.7
8706,2026-08-01,tablet,direct,Barcelona,6,7,200.0
8707,2026-03-17,desktop,email,Salzburg,5,19,66.9
8708,2026-02-17,tablet,organic_search,Amsterdam,7,17,279.8
8709,2026-03-04,mobile,direct,Frankfurt,6,4,27.6
8710,2026-06-09,desktop,direct,Barcelona,1,17,157.5
8711,2026-06-15,tablet,paid_search,Amsterdam,3,16,44.2
8712,2026-03-08,mobile,organic_search,Salzburg,6,16,24.2
8713,2026-05-20,mobile,email,Paris,3,10,229.2
8714,2026-07-19,mobile,paid_search,Munich,4,19,117.5
8715,2026-03-28,mobile,affiliate,Barcelona,3,3,103.1
8716,2026-02-02,desktop,email,Salzburg,2,7,61.9
8717,2026-02-23,tablet,email,Cologne,5,20,319.8
8718,2026-08-26,desktop,organic_search,Barcelona,1,19,31.1
8719,2026-04-17,mobile,paid_search,Cologne,6,22,168.0
8720,2026-06-24,tablet,organic_search,Amsterdam,1,24,91.3
8721,2026-03-02,desktop,paid_search,Rome,2,5,159.3
8722,2026-07-28,mobile,affiliate,Salzburg,5,6,134.9
8723,2026-02-15,desktop,direct,Hamburg,1,6,46.5
8724,2026-01-28,mobile,paid_search,Amsterdam,3,14,50.7
8725,2026-07-17,mobile,organic_search,Munich,6,5,109.7
8726,2026-05-29,desktop,organic_search,Hamburg,3,24,75.5
8727,2026-08-23,mobile,organic_search,Cologne,3,24,129.2
8728,2026-05-09,desktop,organic_search,Cologne,7,21,185.3
8729,2026-07-02,mobile,paid_search,Salzburg,4,4,209.9
8730,2026-05-07,mobile,paid_search,Zurich,3,13,41.9
8731,2026-01-16,mobile,paid_search,Berlin,5,18,89.7
8732,2026-04-02,mobile,organic_search,Rome,4,10,187.9
8733,2026-08-16,mobile,organic_search,Hamburg,7,3,68.1
8734,2026-08-18,mobile,paid_search,Paris,2,10,117.3
8735,2026-04-20,mobile,organic_search,Cologne,6,17,148.7
8736,2026-07-28,mobile,organic_search,Paris,4,11,69.6
8737,2026-03-06,mobile,direct,Salzburg,3,24,11.7
8738,2026-03-16,mobile,organic_search,Rome,3,20,136.2
8739,2026-07-06,desktop,paid_search,Amsterdam,2,6,270.0
8740,2026-01-17,desktop,organic_search,Salzburg,6,22,99.2
8741,2026-01-01,mobile,organic_search,Paris,4,18,171.8
8742,2026-03-01,mobile,email,Vienna,5,9,46.2
8743,2026-01-08,mobile,affiliate,Hamburg,4,18,91.9
8744,2026-05-14,desktop,paid_search,Salzburg,7,23,34.9
8745,2026-07-03,mobile,organic_search,Amsterdam,1,10,91.3
8746,2026-06-05,mobile,direct,Amsterdam,3,9,82.3
8747,2026-02-08,tablet,organic_search,Hamburg,4,22,59.4
8748,2026-07-24,mobile,direct,Barcelona,7,15,152.7
8749,2026-04-25,mobile,direct,Zurich,7,18,38.2
8750,2026-03-15,mobile,direct,Hamburg,5,24,15.6
8751,2026-05-07,mobile,organic_search,Cologne,4,7,156.8
8752,2026-02-08,desktop,paid_search,Barcelona,2,19,39.9
8753,2026-08-29,tablet,organic_search,Vienna,7,6,69.2
8754,2026-04-22,mobile,direct,Salzburg,3,7,44.3
8755,2026-03-21,desktop,affiliate,Vienna,2,21,96.5
8756,2026-06-17,desktop,paid_search,Zurich,1,10,38.3
8757,2026-03-15,mobile,paid_search,Paris,5,3,208.4
8758,2026-07-04,desktop,direct,Zurich,1,10,160.5
8759,2026-04-25,mobile,paid_search,Cologne,1,22,327.8
8760,2026-07-31,mobile,organic_search,Salzburg,2,12,312.8
8761,2026-04-28,desktop,paid_search,Barcelona,6,5,44.8
8762,2026-06-06,mobile,direct,Paris,5,18,51.4
8763,2026-05-13,tablet,paid_search,Amsterdam,3,22,152.9
8764,2026-08-24,mobile,direct,Vienna,7,16,317.6
8765,2026-08-01,mobile,direct,Salzburg,7,8,103.8
8766,2026-04-20,desktop,paid_search,Barcelona,1,12,168.9
8767,2026-06-21,desktop,affiliate,Amsterdam,1,20,165.9
8768,2026-02-22,mobile,direct,Salzburg,7,6,120.4
8769,2026-07-28,mobile,paid_search,Frankfurt,4,24,243.8
8770,2026-05-30,desktop,paid_search,Amsterdam,6,9,34.3
8771,2026-04-04,mobile,organic_search,Zurich,5,9,66.7
8772,2026-08-04,desktop,direct,Zurich,6,22,51.4
8773,2026-07-06,mobile,direct,Munich,4,21,183.5
8774,2026-02-10,desktop,organic_search,Paris,4,10,25.2
8775,2026-08-21,mobile,direct,Barcelona,7,20,23.3
8776,2026-03-10,desktop,direct,Barcelona,5,3,70.5
8777,2026-01-20,desktop,organic_search,Frankfurt,3,20,63.1
8778,2026-03-26,mobile,organic_search,Berlin,4,22,161.4
8779,2026-04-16,mobile,affiliate,Paris,1,10,215.0
8780,2026-01-19,mobile,organic_search,Salzburg,7,8,74.5
8781,2026-05-25,mobile,affiliate,Vienna,5,21,9.0
8782,2026-04-16,mobile,email,Hamburg,4,17,114.5
8783,2026-05-22,mobile,direct,Paris,4,23,44.2
8784,2026-05-01,mobile,paid_search,Salzburg,7,3,31.1
8785,2026-05-05,tablet,organic_search,Cologne,5,3,240.3
8786,2026-02-07,desktop,organic_search,Cologne,2,3,88.6
8787,2026-07-19,mobile,organic_search,Cologne,4,20,41.6
8788,2026-06-01,desktop,paid_search,Zurich,1,5,77.8
8789,2026-02-20,mobile,email,Barcelona,6,4,75.2
8790,2026-01-27,mobile,organic_search,Vienna,5,9,256.4
8791,2026-08-22,mobile,organic_search,Rome,4,7,38.6
8792,2026-05-07,desktop,organic_search,Amsterdam,6,18,40.0
8793,2026-07-15,mobile,direct,Vienna,1,11,199.5
8794,2026-04-27,mobile,direct,Rome,1,8,361.4
8795,2026-03-12,mobile,email,Berlin,1,24,63.6
8796,2026-03-13,desktop,organic_search,Hamburg,4,18,14.7
8797,2026-01-08,desktop,direct,Frankfurt,1,18,74.2
8798,2026-05-13,mobile,paid_search,Munich,2,18,235.6
8799,2026-06-24,tablet,affiliate,Barcelona,7,24,66.1
8800,2026-01-27,mobile,direct,Zurich,2,21,112.0
8801,2026-01-07,mobile,organic_search,Vienna,7,11,116.3
8802,2026-02-10,tablet,paid_search,Vienna,6,12,56.8
8803,2026-04-28,mobile,direct,Amsterdam,3,18,51.9
8804,2026-05-06,mobile,direct,Amsterdam,6,14,136.7
8805,2026-05-21,mobile,paid_search,Frankfurt,5,17,46.5
8806,2026-07-23,desktop,organic_search,Salzburg,5,18,11.8
8807,2026-08-25,mobile,organic_search,Berlin,1,3,466.5
8808,2026-08-06,mobile,paid_search,Barcelona,1,11,58.7
8809,2026-03-17,desktop,organic_search,Amsterdam,5,5,37.8
8810,2026-04-20,mobile,paid_search,Cologne,3,17,156.4
8811,2026-06-23,desktop,organic_search,Cologne,4,3,259.1
8812,2026-03-06,desktop,organic_search,Berlin,5,22,73.7
8813,2026-08-19,desktop,organic_search,Vienna,4,13,191.0
8814,2026-01-31,mobile,organic_search,Rome,3,12,56.1
8815,2026-04-23,mobile,paid_search,Rome,1,15,11.7
8816,2026-07-02,desktop,direct,Zurich,7,12,123.1
8817,2026-01-30,mobile,email,Hamburg,3,3,99.1
8818,2026-08-28,desktop,paid_search,Hamburg,6,20,23.2
8819,2026-01-30,mobile,organic_search,Frankfurt,2,8,25.5
8820,2026-03-03,tablet,paid_search,Hamburg,3,16,64.9
8821,2026-04-05,mobile,paid_search,Munich,1,20,182.2
8822,2026-06-05,desktop,direct,Munich,1,5,60.0
8823,2026-03-20,mobile,organic_search,Berlin,3,5,121.7
8824,2026-05-18,mobile,direct,Berlin,3,3,213.7
8825,2026-03-18,mobile,direct,Frankfurt,1,18,189.1
8826,2026-03-26,mobile,direct,Rome,2,24,171.3
8827,2026-04-28,mobile,direct,Munich,2,12,111.5
8828,2026-03-13,mobile,organic_search,Barcelona,6,19,425.6
8829,2026-05-11,desktop,direct,Cologne,3,4,47.5
8830,2026-04-11,desktop,organic_search,Amsterdam,3,8,20.4
8831,2026-03-06,desktop,affiliate,Rome,4,19,51.4
8832,2026-04-08,mobile,organic_search,Zurich,2,23,173.0
8833,2026-04-17,mobile,direct,Berlin,2,21,231.8
8834,2026-04-28,mobile,email,Munich,2,5,24.6
8835,2026-06-07,mobile,paid_search,Zurich,7,14,118.2
8836,2026-03-12,tablet,organic_search,Salzburg,5,19,74.5
8837,2026-05-15,mobile,organic_search,Frankfurt,7,14,9.0
8838,2026-04-16,mobile,paid_search,Salzburg,7,9,57.7
8839,2026-07-02,tablet,organic_search,Frankfurt,2,4,105.8
8840,2026-05-31,desktop,direct,Berlin,1,17,35.9
8841,2026-03-08,mobile,paid_search,Salzburg,4,23,148.4
8842,2026-02-22,mobile,organic_search,Munich,3,5,116.9
8843,2026-04-02,mobile,direct,Frankfurt,5,22,107.2
8844,2026-03-27,mobile,affiliate,Vienna,2,20,34.7
8845,2026-05-14,desktop,affiliate,Berlin,2,24,91.8
8846,2026-03-02,mobile,organic_search,Rome,2,10,31.1
8847,2026-08-08,desktop,email,Rome,5,19,44.1
8848,2026-07-21,mobile,direct,Berlin,2,8,127.6
8849,2026-05-29,desktop,affiliate,Hamburg,3,16,403.1
8850,2026-06-10,mobile,organic_search,Cologne,2,5,19.2
8851,2026-03-11,desktop,paid_search,Amsterdam,1,22,88.5
8852,2026-05-16,desktop,paid_search,Berlin,2,13,85.1
8853,2026-01-09,mobile,email,Barcelona,2,23,107.1
8854,2026-02-03,mobile,organic_search,Zurich,6,21,134.0
8855,2026-05-05,desktop,paid_search,Hamburg,2,23,71.4
8856,2026-01-24,mobile,paid_search,Vienna,5,18,188.2
8857,2026-08-19,mobile,affiliate,Munich,6,3,90.6
8858,2026-06-29,tablet,email,Cologne,7,24,62.4
8859,2026-06-11,mobile,affiliate,Rome,4,20,190.7
8860,2026-08-06,mobile,direct,Berlin,1,9,76.2
8861,2026-04-13,mobile,organic_search,Berlin,2,11,172.6
8862,2026-07-28,mobile,direct,Vienna,4,20,195.8
8863,2026-01-19,mobile,email,Vienna,4,20,87.8
8864,2026-07-13,mobile,organic_search,Barcelona,7,6,13.7
8865,2026-01-29,mobile,direct,Berlin,4,4,121.8
8866,2026-01-30,mobile,organic_search,Salzburg,4,17,236.1
8867,2026-06-29,mobile,organic_search,Vienna,3,14,115.3
8868,2026-06-20,tablet,paid_search,Salzburg,2,16,159.1
8869,2026-03-18,desktop,paid_search,Hamburg,2,24,58.4
8870,2026-02-06,desktop,paid_search,Paris,7,17,104.7
8871,2026-03-12,mobile,organic_search,Paris,5,16,99.6
8872,2026-04-23,mobile,email,Salzburg,7,5,107.4
8873,2026-02-25,desktop,organic_search,Cologne,6,4,186.1
8874,2026-08-15,mobile,affiliate,Cologne,7,23,10.7
8875,2026-08-06,desktop,organic_search,Barcelona,4,24,38.7
8876,2026-04-08,mobile,direct,Hamburg,3,21,222.2
8877,2026-03-15,mobile,paid_search,Frankfurt,2,9,119.3
8878,2026-02-17,mobile,organic_search,Munich,6,21,199.5
8879,2026-02-12,mobile,direct,Salzburg,2,23,77.5
8880,2026-01-22,desktop,organic_search,Vienna,6,3,123.9
8881,2026-03-30,mobile,organic_search,Amsterdam,3,8,121.9
8882,2026-08-05,mobile,direct,Rome,1,7,195.2
8883,2026-06-21,mobile,paid_search,Amsterdam,7,13,41.4
8884,2026-01-13,desktop,email,Berlin,3,19,188.7
8885,2026-04-11,mobile,paid_search,Rome,5,5,39.1
8886,2026-03-21,tablet,affiliate,Hamburg,3,10,310.3
8887,2026-07-05,mobile,organic_search,Cologne,7,22,49.8
8888,2026-05-08,mobile,affiliate,Vienna,2,7,190.5
8889,2026-06-15,desktop,organic_search,Vienna,3,17,120.1
8890,2026-01-17,mobile,organic_search,Rome,6,11,275.4
8891,2026-03-28,mobile,paid_search,Rome,7,5,95.8
8892,2026-03-28,desktop,direct,Munich,5,9,88.1
8893,2026-07-31,mobile,direct,Cologne,6,21,83.6
8894,2026-07-04,mobile,paid_search,Salzburg,5,14,85.6
8895,2026-01-18,mobile,direct,Hamburg,7,24,118.5
8896,2026-02-10,desktop,paid_search,Cologne,7,13,233.6
8897,2026-06-27,mobile,organic_search,Cologne,2,23,148.9
8898,2026-03-29,mobile,organic_search,Cologne,3,3,114.8
8899,2026-05-03,mobile,direct,Cologne,7,3,98.3
8900,2026-04-03,mobile,direct,Amsterdam,3,23,238.7
8901,2026-03-19,mobile,paid_search,Munich,5,20,159.5
8902,2026-01-31,tablet,paid_search,Rome,7,24,150.0
8903,2026-04-09,mobile,paid_search,Hamburg,6,23,194.2
8904,2026-07-12,mobile,organic_search,Rome,5,17,137.6
8905,2026-05-23,mobile,direct,Berlin,2,24,64.5
8906,2026-02-11,mobile,email,Paris,2,3,101.8
8907,2026-03-08,mobile,organic_search,Hamburg,2,23,402.7
8908,2026-06-22,mobile,direct,Berlin,1,16,69.4
8909,2026-05-27,mobile,paid_search,Rome,7,22,55.8
8910,2026-08-29,desktop,direct,Munich,6,16,43.8
8911,2026-05-09,mobile,paid_search,Zurich,6,22,57.6
8912,2026-08-19,mobile,organic_search,Amsterdam,6,16,233.0
8913,2026-07-06,desktop,paid_search,Cologne,7,7,62.2
8914,2026-07-31,mobile,organic_search,Rome,5,14,325.0
8915,2026-02-13,mobile,organic_search,Barcelona,2,24,119.0
8916,2026-04-06,mobile,organic_search,Berlin,2,17,206.1
8917,2026-03-28,mobile,affiliate,Zurich,4,19,25.0
8918,2026-01-25,mobile,affiliate,Zurich,2,16,36.4
8919,2026-05-04,desktop,organic_search,Hamburg,4,9,252.4
8920,2026-01-14,desktop,organic_search,Barcelona,6,11,55.1
8921,2026-06-26,mobile,paid_search,Zurich,2,13,46.9
8922,2026-03-06,mobile,direct,Salzburg,2,19,275.0
8923,2026-03-23,mobile,organic_search,Paris,2,10,211.6
8924,2026-03-01,mobile,organic_search,Amsterdam,4,12,136.5
8925,2026-03-15,mobile,paid_search,Berlin,2,18,84.4
8926,2026-04-21,mobile,organic_search,Barcelona,7,5,290.9
8927,2026-08-05,mobile,paid_search,Paris,3,5,134.8
8928,2026-02-01,mobile,email,Salzburg,6,5,147.6
8929,2026-01-27,mobile,affiliate,Vienna,3,9,73.3
8930,2026-03-18,mobile,paid_search,Munich,6,16,124.3
8931,2026-06-25,mobile,paid_search,Vienna,1,18,80.1
8932,2026-07-02,desktop,direct,Berlin,2,13,139.9
8933,2026-07-14,mobile,affiliate,Berlin,4,20,345.5
8934,2026-06-14,mobile,paid_search,Munich,4,5,76.7
8935,2026-03-05,mobile,email,Cologne,4,13,74.5
8936,2026-06-09,mobile,paid_search,Zurich,5,21,107.4
8937,2026-04-16,mobile,paid_search,Frankfurt,4,16,79.8
8938,2026-06-15,mobile,paid_search,Barcelona,6,3,78.5
8939,2026-05-06,mobile,paid_search,Paris,5,19,61.0
8940,2026-08-14,mobile,organic_search,Barcelona,7,20,143.5
8941,2026-07-06,mobile,email,Amsterdam,1,13,66.7
8942,2026-08-26,desktop,affiliate,Salzburg,5,17,224.3
8943,2026-07-31,desktop,paid_search,Paris,7,16,35.5
8944,2026-04-30,mobile,direct,Hamburg,1,9,70.2
8945,2026-04-06,desktop,organic_search,Amsterdam,2,5,57.4
8946,2026-03-09,mobile,direct,Rome,2,17,64.2
8947,2026-03-26,desktop,paid_search,Rome,4,24,135.6
8948,2026-02-17,desktop,organic_search,Cologne,4,10,77.8
8949,2026-03-27,mobile,paid_search,Berlin,6,7,105.0
8950,2026-07-31,mobile,organic_search,Rome,3,4,44.0
8951,2026-02-17,mobile,organic_search,Rome,6,12,107.2
8952,2026-08-01,desktop,organic_search,Zurich,6,4,135.8
8953,2026-01-14,mobile,paid_search,Barcelona,6,22,142.4
8954,2026-02-09,tablet,paid_search,Salzburg,7,20,172.9
8955,2026-08-04,desktop,direct,Zurich,6,11,184.1
8956,2026-05-08,mobile,organic_search,Hamburg,3,12,57.9
8957,2026-03-17,mobile,paid_search,Amsterdam,7,7,75.9
8958,2026-02-16,mobile,organic_search,Barcelona,7,19,182.4
8959,2026-01-03,desktop,email,Barcelona,1,21,19.5
8960,2026-02-19,desktop,email,Berlin,7,20,129.7
8961,2026-02-05,desktop,affiliate,Berlin,7,5,322.5
8962,2026-06-16,mobile,paid_search,Rome,6,13,42.5
8963,2026-08-17,mobile,email,Hamburg,7,21,112.6
8964,2026-03-02,desktop,paid_search,Zurich,6,8,14.5
8965,2026-01-15,mobile,organic_search,Paris,1,5,227.8
8966,2026-08-29,desktop,email,Salzburg,1,17,63.5
8967,2026-06-17,mobile,organic_search,Cologne,3,3,208.7
8968,2026-04-06,mobile,direct,Paris,1,9,110.6
8969,2026-07-08,mobile,affiliate,Munich,5,7,183.4
8970,2026-06-18,mobile,organic_search,Vienna,7,12,24.2
8971,2026-07-01,mobile,organic_search,Amsterdam,7,10,129.4
8972,2026-02-10,mobile,organic_search,Berlin,1,19,56.4
8973,2026-03-22,mobile,paid_search,Frankfurt,4,11,214.1
8974,2026-05-07,mobile,direct,Munich,4,12,102.6
8975,2026-06-04,mobile,paid_search,Barcelona,4,20,163.3
8976,2026-05-15,desktop,paid_search,Vienna,7,7,16.3
8977,2026-03-10,mobile,paid_search,Salzburg,1,22,10.5
8978,2026-03-31,desktop,email,Paris,1,17,172.3
8979,2026-04-11,mobile,affiliate,Paris,6,10,164.4
8980,2026-01-19,mobile,paid_search,Berlin,5,10,42.6
8981,2026-07-21,desktop,direct,Amsterdam,4,6,95.3
8982,2026-06-06,mobile,email,Berlin,2,4,160.9
8983,2026-05-27,mobile,direct,Zurich,1,11,199.0
8984,2026-07-05,mobile,email,Paris,5,13,125.6
8985,2026-04-24,mobile,direct,Vienna,7,20,135.7
8986,2026-05-23,mobile,organic_search,Zurich,7,15,267.4
8987,2026-06-16,mobile,direct,Berlin,2,24,35.9
8988,2026-06-07,desktop,paid_search,Berlin,5,3,61.8
8989,2026-06-29,desktop,paid_search,Berlin,4,9,170.3
8990,2026-01-17,mobile,organic_search,Zurich,7,19,38.4
8991,2026-08-14,desktop,email,Amsterdam,6,3,151.8
8992,2026-05-08,desktop,direct,Salzburg,1,6,158.1
8993,2026-07-05,mobile,organic_search,Barcelona,5,22,24.0
8994,2026-01-10,tablet,direct,Hamburg,6,22,34.9
8995,2026-04-26,mobile,direct,Hamburg,2,10,142.0
8996,2026-04-20,mobile,paid_search,Munich,3,6,52.8
8997,2026-02-22,mobile,direct,Salzburg,7,17,127.2
8998,2026-08-05,mobile,email,Frankfurt,3,10,301.1
8999,2026-04-24,desktop,email,Cologne,1,6,125.2
9000,2026-08-04,desktop,organic_search,Zurich,7,12,81.4
